country,year,democracy
Argentina,1789,0
Argentina,1790,0
Argentina,1791,0
Argentina,1792,0
Argentina,1793,0
Argentina,1794,0
Argentina,1795,0
Argentina,1796,0
Argentina,1797,0
Argentina,1798,0
Argentina,1799,0
Argentina,1800,0
Argentina,1801,0
Argentina,1802,0
Argentina,1803,0
Argentina,1804,0
Argentina,1805,0
Argentina,1806,0
Argentina,1807,0
Argentina,1808,0
Argentina,1809,0
Argentina,1810,0
Argentina,1811,0
Argentina,1812,0
Argentina,1813,0
Argentina,1814,0
Argentina,1815,0
Argentina,1816,0
Argentina,1817,0
Argentina,1818,0
Argentina,1819,0
Argentina,1820,0
Argentina,1821,0
Argentina,1822,0
Argentina,1823,0
Argentina,1824,0
Argentina,1825,0
Argentina,1826,0
Argentina,1827,0
Argentina,1828,0
Argentina,1829,0
Argentina,1830,0
Argentina,1831,0
Argentina,1832,0
Argentina,1833,0
Argentina,1834,0
Argentina,1835,0
Argentina,1836,0
Argentina,1837,0
Argentina,1838,0
Argentina,1839,0
Argentina,1840,0
Argentina,1841,0
Argentina,1842,0
Argentina,1843,0
Argentina,1844,0
Argentina,1845,0
Argentina,1846,0
Argentina,1847,0
Argentina,1848,0
Argentina,1849,0
Argentina,1850,0
Argentina,1851,0
Argentina,1852,0
Argentina,1853,0
Argentina,1854,0
Argentina,1855,0
Argentina,1856,0
Argentina,1857,0
Argentina,1858,0
Argentina,1859,0
Argentina,1860,0
Argentina,1861,0
Argentina,1862,0
Argentina,1863,0
Argentina,1864,0
Argentina,1865,0
Argentina,1866,0
Argentina,1867,0
Argentina,1868,0
Argentina,1869,0
Argentina,1870,0
Argentina,1871,0
Argentina,1872,0
Argentina,1873,0
Argentina,1874,0
Argentina,1875,0
Argentina,1876,0
Argentina,1877,0
Argentina,1878,0
Argentina,1879,0
Argentina,1880,0
Argentina,1881,0
Argentina,1882,0
Argentina,1883,0
Argentina,1884,0
Argentina,1885,0
Argentina,1886,0
Argentina,1887,0
Argentina,1888,0
Argentina,1889,0
Argentina,1890,0
Argentina,1891,0
Argentina,1892,0
Argentina,1893,0
Argentina,1894,0
Argentina,1895,0
Argentina,1896,0
Argentina,1897,0
Argentina,1898,0
Argentina,1899,0
Argentina,1900,0
Argentina,1901,0
Argentina,1902,0
Argentina,1903,0
Argentina,1904,0
Argentina,1905,0
Argentina,1906,0
Argentina,1907,0
Argentina,1908,0
Argentina,1909,0
Argentina,1910,0
Argentina,1911,0
Argentina,1912,0
Argentina,1913,0
Argentina,1914,0
Argentina,1915,0
Argentina,1916,0
Argentina,1917,0
Argentina,1918,0
Argentina,1919,0
Argentina,1920,0
Argentina,1921,0
Argentina,1922,0
Argentina,1923,0
Argentina,1924,0
Argentina,1925,0
Argentina,1926,0
Argentina,1927,0
Argentina,1928,0
Argentina,1929,0
Argentina,1930,0
Argentina,1931,0
Argentina,1932,0
Argentina,1933,0
Argentina,1934,0
Argentina,1935,0
Argentina,1936,0
Argentina,1937,0
Argentina,1938,0
Argentina,1939,0
Argentina,1940,0
Argentina,1941,0
Argentina,1942,0
Argentina,1943,0
Argentina,1944,0
Argentina,1945,0
Argentina,1946,0
Argentina,1947,0
Argentina,1948,0
Argentina,1949,0
Argentina,1950,0
Argentina,1951,0
Argentina,1952,0
Argentina,1953,0
Argentina,1954,0
Argentina,1955,0
Argentina,1956,0
Argentina,1957,0
Argentina,1958,0
Argentina,1959,0
Argentina,1960,0
Argentina,1961,0
Argentina,1962,0
Argentina,1963,0
Argentina,1964,1
Argentina,1965,1
Argentina,1966,0
Argentina,1967,0
Argentina,1968,0
Argentina,1969,0
Argentina,1970,0
Argentina,1971,0
Argentina,1972,0
Argentina,1973,0
Argentina,1974,1
Argentina,1975,1
Argentina,1976,0
Argentina,1977,0
Argentina,1978,0
Argentina,1979,0
Argentina,1980,0
Argentina,1981,0
Argentina,1982,0
Argentina,1983,0
Argentina,1984,1
Argentina,1985,1
Argentina,1986,1
Argentina,1987,1
Argentina,1988,1
Argentina,1989,1
Argentina,1990,1
Argentina,1991,1
Argentina,1992,1
Argentina,1993,1
Argentina,1994,1
Argentina,1995,1
Argentina,1996,1
Argentina,1997,1
Argentina,1998,1
Argentina,1999,1
Argentina,2000,1
Argentina,2001,1
Argentina,2002,1
Argentina,2003,1
Argentina,2004,1
Argentina,2005,1
Argentina,2006,1
Argentina,2007,1
Argentina,2008,1
Argentina,2009,1
Argentina,2010,1
Argentina,2011,1
Argentina,2012,1
Argentina,2013,1
Argentina,2014,1
Argentina,2015,1
Argentina,2016,1
Argentina,2017,1
Argentina,2018,1
Argentina,2019,1
Argentina,2020,1
Argentina,2021,1
Argentina,2022,1
Argentina,2023,1
Argentina,2024,1
Argentina,2025,1
Australia,1789,0
Australia,1790,0
Australia,1791,0
Australia,1792,0
Australia,1793,0
Australia,1794,0
Australia,1795,0
Australia,1796,0
Australia,1797,0
Australia,1798,0
Australia,1799,0
Australia,1800,0
Australia,1801,0
Australia,1802,0
Australia,1803,0
Australia,1804,0
Australia,1805,0
Australia,1806,0
Australia,1807,0
Australia,1808,0
Australia,1809,0
Australia,1810,0
Australia,1811,0
Australia,1812,0
Australia,1813,0
Australia,1814,0
Australia,1815,0
Australia,1816,0
Australia,1817,0
Australia,1818,0
Australia,1819,0
Australia,1820,0
Australia,1821,0
Australia,1822,0
Australia,1823,0
Australia,1824,0
Australia,1825,0
Australia,1826,0
Australia,1827,0
Australia,1828,0
Australia,1829,0
Australia,1830,0
Australia,1831,0
Australia,1832,0
Australia,1833,0
Australia,1834,0
Australia,1835,0
Australia,1836,0
Australia,1837,0
Australia,1838,0
Australia,1839,0
Australia,1840,0
Australia,1841,0
Australia,1842,0
Australia,1843,0
Australia,1844,0
Australia,1845,0
Australia,1846,0
Australia,1847,0
Australia,1848,0
Australia,1849,0
Australia,1850,0
Australia,1851,0
Australia,1852,0
Australia,1853,0
Australia,1854,0
Australia,1855,0
Australia,1856,0
Australia,1857,0
Australia,1858,1
Australia,1859,1
Australia,1860,1
Australia,1861,1
Australia,1862,1
Australia,1863,1
Australia,1864,1
Australia,1865,1
Australia,1866,1
Australia,1867,1
Australia,1868,1
Australia,1869,1
Australia,1870,1
Australia,1871,1
Australia,1872,1
Australia,1873,1
Australia,1874,1
Australia,1875,1
Australia,1876,1
Australia,1877,1
Australia,1878,1
Australia,1879,1
Australia,1880,1
Australia,1881,1
Australia,1882,1
Australia,1883,1
Australia,1884,1
Australia,1885,1
Australia,1886,1
Australia,1887,1
Australia,1888,1
Australia,1889,1
Australia,1890,1
Australia,1891,1
Australia,1892,1
Australia,1893,1
Australia,1894,1
Australia,1895,1
Australia,1896,1
Australia,1897,1
Australia,1898,1
Australia,1899,1
Australia,1900,1
Australia,1901,1
Australia,1902,1
Australia,1903,1
Australia,1904,1
Australia,1905,1
Australia,1906,1
Australia,1907,1
Australia,1908,1
Australia,1909,1
Australia,1910,1
Australia,1911,1
Australia,1912,1
Australia,1913,1
Australia,1914,1
Australia,1915,1
Australia,1916,1
Australia,1917,1
Australia,1918,1
Australia,1919,1
Australia,1920,1
Australia,1921,1
Australia,1922,1
Australia,1923,1
Australia,1924,1
Australia,1925,1
Australia,1926,1
Australia,1927,1
Australia,1928,1
Australia,1929,1
Australia,1930,1
Australia,1931,1
Australia,1932,1
Australia,1933,1
Australia,1934,1
Australia,1935,1
Australia,1936,1
Australia,1937,1
Australia,1938,1
Australia,1939,1
Australia,1940,1
Australia,1941,1
Australia,1942,1
Australia,1943,1
Australia,1944,1
Australia,1945,1
Australia,1946,1
Australia,1947,1
Australia,1948,1
Australia,1949,1
Australia,1950,1
Australia,1951,1
Australia,1952,1
Australia,1953,1
Australia,1954,1
Australia,1955,1
Australia,1956,1
Australia,1957,1
Australia,1958,1
Australia,1959,1
Australia,1960,1
Australia,1961,1
Australia,1962,1
Australia,1963,1
Australia,1964,1
Australia,1965,1
Australia,1966,1
Australia,1967,1
Australia,1968,1
Australia,1969,1
Australia,1970,1
Australia,1971,1
Australia,1972,1
Australia,1973,1
Australia,1974,1
Australia,1975,1
Australia,1976,1
Australia,1977,1
Australia,1978,1
Australia,1979,1
Australia,1980,1
Australia,1981,1
Australia,1982,1
Australia,1983,1
Australia,1984,1
Australia,1985,1
Australia,1986,1
Australia,1987,1
Australia,1988,1
Australia,1989,1
Australia,1990,1
Australia,1991,1
Australia,1992,1
Australia,1993,1
Australia,1994,1
Australia,1995,1
Australia,1996,1
Australia,1997,1
Australia,1998,1
Australia,1999,1
Australia,2000,1
Australia,2001,1
Australia,2002,1
Australia,2003,1
Australia,2004,1
Australia,2005,1
Australia,2006,1
Australia,2007,1
Australia,2008,1
Australia,2009,1
Australia,2010,1
Australia,2011,1
Australia,2012,1
Australia,2013,1
Australia,2014,1
Australia,2015,1
Australia,2016,1
Australia,2017,1
Australia,2018,1
Australia,2019,1
Australia,2020,1
Australia,2021,1
Australia,2022,1
Australia,2023,1
Australia,2024,1
Australia,2025,1
Belgium,1789,0
Belgium,1790,0
Belgium,1791,0
Belgium,1792,0
Belgium,1793,0
Belgium,1794,0
Belgium,1795,0
Belgium,1796,0
Belgium,1797,0
Belgium,1798,0
Belgium,1799,0
Belgium,1800,0
Belgium,1801,0
Belgium,1802,0
Belgium,1803,0
Belgium,1804,0
Belgium,1805,0
Belgium,1806,0
Belgium,1807,0
Belgium,1808,0
Belgium,1809,0
Belgium,1810,0
Belgium,1811,0
Belgium,1812,0
Belgium,1813,0
Belgium,1814,0
Belgium,1815,0
Belgium,1816,0
Belgium,1817,0
Belgium,1818,0
Belgium,1819,0
Belgium,1820,0
Belgium,1821,0
Belgium,1822,0
Belgium,1823,0
Belgium,1824,0
Belgium,1825,0
Belgium,1826,0
Belgium,1827,0
Belgium,1828,0
Belgium,1829,0
Belgium,1830,0
Belgium,1831,0
Belgium,1832,0
Belgium,1833,0
Belgium,1834,0
Belgium,1835,0
Belgium,1836,0
Belgium,1837,0
Belgium,1838,0
Belgium,1839,0
Belgium,1840,0
Belgium,1841,0
Belgium,1842,0
Belgium,1843,0
Belgium,1844,0
Belgium,1845,0
Belgium,1846,0
Belgium,1847,0
Belgium,1848,0
Belgium,1849,0
Belgium,1850,0
Belgium,1851,0
Belgium,1852,0
Belgium,1853,0
Belgium,1854,0
Belgium,1855,0
Belgium,1856,0
Belgium,1857,0
Belgium,1858,0
Belgium,1859,0
Belgium,1860,0
Belgium,1861,0
Belgium,1862,0
Belgium,1863,0
Belgium,1864,0
Belgium,1865,0
Belgium,1866,0
Belgium,1867,0
Belgium,1868,0
Belgium,1869,0
Belgium,1870,0
Belgium,1871,0
Belgium,1872,0
Belgium,1873,0
Belgium,1874,0
Belgium,1875,0
Belgium,1876,0
Belgium,1877,0
Belgium,1878,0
Belgium,1879,0
Belgium,1880,0
Belgium,1881,0
Belgium,1882,0
Belgium,1883,0
Belgium,1884,0
Belgium,1885,0
Belgium,1886,0
Belgium,1887,0
Belgium,1888,0
Belgium,1889,0
Belgium,1890,0
Belgium,1891,0
Belgium,1892,0
Belgium,1893,0
Belgium,1894,0
Belgium,1895,0
Belgium,1896,0
Belgium,1897,0
Belgium,1898,0
Belgium,1899,0
Belgium,1900,1
Belgium,1901,1
Belgium,1902,1
Belgium,1903,1
Belgium,1904,1
Belgium,1905,1
Belgium,1906,1
Belgium,1907,1
Belgium,1908,1
Belgium,1909,1
Belgium,1910,1
Belgium,1911,1
Belgium,1912,1
Belgium,1913,1
Belgium,1914,0
Belgium,1915,0
Belgium,1916,0
Belgium,1917,0
Belgium,1918,0
Belgium,1919,0
Belgium,1920,0
Belgium,1921,1
Belgium,1922,1
Belgium,1923,1
Belgium,1924,1
Belgium,1925,1
Belgium,1926,1
Belgium,1927,1
Belgium,1928,1
Belgium,1929,1
Belgium,1930,1
Belgium,1931,1
Belgium,1932,1
Belgium,1933,1
Belgium,1934,1
Belgium,1935,1
Belgium,1936,1
Belgium,1937,1
Belgium,1938,1
Belgium,1939,1
Belgium,1940,0
Belgium,1941,0
Belgium,1942,0
Belgium,1943,0
Belgium,1944,0
Belgium,1945,0
Belgium,1946,1
Belgium,1947,1
Belgium,1948,1
Belgium,1949,1
Belgium,1950,1
Belgium,1951,1
Belgium,1952,1
Belgium,1953,1
Belgium,1954,1
Belgium,1955,1
Belgium,1956,1
Belgium,1957,1
Belgium,1958,1
Belgium,1959,1
Belgium,1960,1
Belgium,1961,1
Belgium,1962,1
Belgium,1963,1
Belgium,1964,1
Belgium,1965,1
Belgium,1966,1
Belgium,1967,1
Belgium,1968,1
Belgium,1969,1
Belgium,1970,1
Belgium,1971,1
Belgium,1972,1
Belgium,1973,1
Belgium,1974,1
Belgium,1975,1
Belgium,1976,1
Belgium,1977,1
Belgium,1978,1
Belgium,1979,1
Belgium,1980,1
Belgium,1981,1
Belgium,1982,1
Belgium,1983,1
Belgium,1984,1
Belgium,1985,1
Belgium,1986,1
Belgium,1987,1
Belgium,1988,1
Belgium,1989,1
Belgium,1990,1
Belgium,1991,1
Belgium,1992,1
Belgium,1993,1
Belgium,1994,1
Belgium,1995,1
Belgium,1996,1
Belgium,1997,1
Belgium,1998,1
Belgium,1999,1
Belgium,2000,1
Belgium,2001,1
Belgium,2002,1
Belgium,2003,1
Belgium,2004,1
Belgium,2005,1
Belgium,2006,1
Belgium,2007,1
Belgium,2008,1
Belgium,2009,1
Belgium,2010,1
Belgium,2011,1
Belgium,2012,1
Belgium,2013,1
Belgium,2014,1
Belgium,2015,1
Belgium,2016,1
Belgium,2017,1
Belgium,2018,1
Belgium,2019,1
Belgium,2020,1
Belgium,2021,1
Belgium,2022,1
Belgium,2023,1
Belgium,2024,1
Belgium,2025,1
Bulgaria,1789,0
Bulgaria,1790,0
Bulgaria,1791,0
Bulgaria,1792,0
Bulgaria,1793,0
Bulgaria,1794,0
Bulgaria,1795,0
Bulgaria,1796,0
Bulgaria,1797,0
Bulgaria,1798,0
Bulgaria,1799,0
Bulgaria,1800,0
Bulgaria,1801,0
Bulgaria,1802,0
Bulgaria,1803,0
Bulgaria,1804,0
Bulgaria,1805,0
Bulgaria,1806,0
Bulgaria,1807,0
Bulgaria,1808,0
Bulgaria,1809,0
Bulgaria,1810,0
Bulgaria,1811,0
Bulgaria,1812,0
Bulgaria,1813,0
Bulgaria,1814,0
Bulgaria,1815,0
Bulgaria,1816,0
Bulgaria,1817,0
Bulgaria,1818,0
Bulgaria,1819,0
Bulgaria,1820,0
Bulgaria,1821,0
Bulgaria,1822,0
Bulgaria,1823,0
Bulgaria,1824,0
Bulgaria,1825,0
Bulgaria,1826,0
Bulgaria,1827,0
Bulgaria,1828,0
Bulgaria,1829,0
Bulgaria,1830,0
Bulgaria,1831,0
Bulgaria,1832,0
Bulgaria,1833,0
Bulgaria,1834,0
Bulgaria,1835,0
Bulgaria,1836,0
Bulgaria,1837,0
Bulgaria,1838,0
Bulgaria,1839,0
Bulgaria,1840,0
Bulgaria,1841,0
Bulgaria,1842,0
Bulgaria,1843,0
Bulgaria,1844,0
Bulgaria,1845,0
Bulgaria,1846,0
Bulgaria,1847,0
Bulgaria,1848,0
Bulgaria,1849,0
Bulgaria,1850,0
Bulgaria,1851,0
Bulgaria,1852,0
Bulgaria,1853,0
Bulgaria,1854,0
Bulgaria,1855,0
Bulgaria,1856,0
Bulgaria,1857,0
Bulgaria,1858,0
Bulgaria,1859,0
Bulgaria,1860,0
Bulgaria,1861,0
Bulgaria,1862,0
Bulgaria,1863,0
Bulgaria,1864,0
Bulgaria,1865,0
Bulgaria,1866,0
Bulgaria,1867,0
Bulgaria,1868,0
Bulgaria,1869,0
Bulgaria,1870,0
Bulgaria,1871,0
Bulgaria,1872,0
Bulgaria,1873,0
Bulgaria,1874,0
Bulgaria,1875,0
Bulgaria,1876,0
Bulgaria,1877,0
Bulgaria,1878,0
Bulgaria,1879,0
Bulgaria,1880,0
Bulgaria,1881,0
Bulgaria,1882,0
Bulgaria,1883,0
Bulgaria,1884,0
Bulgaria,1885,0
Bulgaria,1886,0
Bulgaria,1887,0
Bulgaria,1888,0
Bulgaria,1889,0
Bulgaria,1890,0
Bulgaria,1891,0
Bulgaria,1892,0
Bulgaria,1893,0
Bulgaria,1894,0
Bulgaria,1895,0
Bulgaria,1896,0
Bulgaria,1897,0
Bulgaria,1898,0
Bulgaria,1899,0
Bulgaria,1900,0
Bulgaria,1901,0
Bulgaria,1902,0
Bulgaria,1903,0
Bulgaria,1904,0
Bulgaria,1905,0
Bulgaria,1906,0
Bulgaria,1907,0
Bulgaria,1908,0
Bulgaria,1909,0
Bulgaria,1910,0
Bulgaria,1911,0
Bulgaria,1912,0
Bulgaria,1913,0
Bulgaria,1914,0
Bulgaria,1915,0
Bulgaria,1916,0
Bulgaria,1917,0
Bulgaria,1918,0
Bulgaria,1919,0
Bulgaria,1920,0
Bulgaria,1921,0
Bulgaria,1922,0
Bulgaria,1923,0
Bulgaria,1924,0
Bulgaria,1925,0
Bulgaria,1926,0
Bulgaria,1927,0
Bulgaria,1928,0
Bulgaria,1929,0
Bulgaria,1930,0
Bulgaria,1931,0
Bulgaria,1932,0
Bulgaria,1933,0
Bulgaria,1934,0
Bulgaria,1935,0
Bulgaria,1936,0
Bulgaria,1937,0
Bulgaria,1938,0
Bulgaria,1939,0
Bulgaria,1940,0
Bulgaria,1941,0
Bulgaria,1942,0
Bulgaria,1943,0
Bulgaria,1944,0
Bulgaria,1945,0
Bulgaria,1946,0
Bulgaria,1947,0
Bulgaria,1948,0
Bulgaria,1949,0
Bulgaria,1950,0
Bulgaria,1951,0
Bulgaria,1952,0
Bulgaria,1953,0
Bulgaria,1954,0
Bulgaria,1955,0
Bulgaria,1956,0
Bulgaria,1957,0
Bulgaria,1958,0
Bulgaria,1959,0
Bulgaria,1960,0
Bulgaria,1961,0
Bulgaria,1962,0
Bulgaria,1963,0
Bulgaria,1964,0
Bulgaria,1965,0
Bulgaria,1966,0
Bulgaria,1967,0
Bulgaria,1968,0
Bulgaria,1969,0
Bulgaria,1970,0
Bulgaria,1971,0
Bulgaria,1972,0
Bulgaria,1973,0
Bulgaria,1974,0
Bulgaria,1975,0
Bulgaria,1976,0
Bulgaria,1977,0
Bulgaria,1978,0
Bulgaria,1979,0
Bulgaria,1980,0
Bulgaria,1981,0
Bulgaria,1982,0
Bulgaria,1983,0
Bulgaria,1984,0
Bulgaria,1985,0
Bulgaria,1986,0
Bulgaria,1987,0
Bulgaria,1988,0
Bulgaria,1989,0
Bulgaria,1990,1
Bulgaria,1991,1
Bulgaria,1992,1
Bulgaria,1993,1
Bulgaria,1994,1
Bulgaria,1995,1
Bulgaria,1996,1
Bulgaria,1997,1
Bulgaria,1998,1
Bulgaria,1999,1
Bulgaria,2000,1
Bulgaria,2001,1
Bulgaria,2002,1
Bulgaria,2003,1
Bulgaria,2004,1
Bulgaria,2005,1
Bulgaria,2006,1
Bulgaria,2007,1
Bulgaria,2008,1
Bulgaria,2009,1
Bulgaria,2010,1
Bulgaria,2011,1
Bulgaria,2012,1
Bulgaria,2013,1
Bulgaria,2014,1
Bulgaria,2015,1
Bulgaria,2016,1
Bulgaria,2017,1
Bulgaria,2018,1
Bulgaria,2019,1
Bulgaria,2020,1
Bulgaria,2021,1
Bulgaria,2022,1
Bulgaria,2023,1
Bulgaria,2024,1
Bulgaria,2025,1
China,1789,0
China,1790,0
China,1791,0
China,1792,0
China,1793,0
China,1794,0
China,1795,0
China,1796,0
China,1797,0
China,1798,0
China,1799,0
China,1800,0
China,1801,0
China,1802,0
China,1803,0
China,1804,0
China,1805,0
China,1806,0
China,1807,0
China,1808,0
China,1809,0
China,1810,0
China,1811,0
China,1812,0
China,1813,0
China,1814,0
China,1815,0
China,1816,0
China,1817,0
China,1818,0
China,1819,0
China,1820,0
China,1821,0
China,1822,0
China,1823,0
China,1824,0
China,1825,0
China,1826,0
China,1827,0
China,1828,0
China,1829,0
China,1830,0
China,1831,0
China,1832,0
China,1833,0
China,1834,0
China,1835,0
China,1836,0
China,1837,0
China,1838,0
China,1839,0
China,1840,0
China,1841,0
China,1842,0
China,1843,0
China,1844,0
China,1845,0
China,1846,0
China,1847,0
China,1848,0
China,1849,0
China,1850,0
China,1851,0
China,1852,0
China,1853,0
China,1854,0
China,1855,0
China,1856,0
China,1857,0
China,1858,0
China,1859,0
China,1860,0
China,1861,0
China,1862,0
China,1863,0
China,1864,0
China,1865,0
China,1866,0
China,1867,0
China,1868,0
China,1869,0
China,1870,0
China,1871,0
China,1872,0
China,1873,0
China,1874,0
China,1875,0
China,1876,0
China,1877,0
China,1878,0
China,1879,0
China,1880,0
China,1881,0
China,1882,0
China,1883,0
China,1884,0
China,1885,0
China,1886,0
China,1887,0
China,1888,0
China,1889,0
China,1890,0
China,1891,0
China,1892,0
China,1893,0
China,1894,0
China,1895,0
China,1896,0
China,1897,0
China,1898,0
China,1899,0
China,1900,0
China,1901,0
China,1902,0
China,1903,0
China,1904,0
China,1905,0
China,1906,0
China,1907,0
China,1908,0
China,1909,0
China,1910,0
China,1911,0
China,1912,0
China,1913,0
China,1914,0
China,1915,0
China,1916,0
China,1917,0
China,1918,0
China,1919,0
China,1920,0
China,1921,0
China,1922,0
China,1923,0
China,1924,0
China,1925,0
China,1926,0
China,1927,0
China,1928,0
China,1929,0
China,1930,0
China,1931,0
China,1932,0
China,1933,0
China,1934,0
China,1935,0
China,1936,0
China,1937,0
China,1938,0
China,1939,0
China,1940,0
China,1941,0
China,1942,0
China,1943,0
China,1944,0
China,1945,0
China,1946,0
China,1947,0
China,1948,0
China,1949,0
China,1950,0
China,1951,0
China,1952,0
China,1953,0
China,1954,0
China,1955,0
China,1956,0
China,1957,0
China,1958,0
China,1959,0
China,1960,0
China,1961,0
China,1962,0
China,1963,0
China,1964,0
China,1965,0
China,1966,0
China,1967,0
China,1968,0
China,1969,0
China,1970,0
China,1971,0
China,1972,0
China,1973,0
China,1974,0
China,1975,0
China,1976,0
China,1977,0
China,1978,0
China,1979,0
China,1980,0
China,1981,0
China,1982,0
China,1983,0
China,1984,0
China,1985,0
China,1986,0
China,1987,0
China,1988,0
China,1989,0
China,1990,0
China,1991,0
China,1992,0
China,1993,0
China,1994,0
China,1995,0
China,1996,0
China,1997,0
China,1998,0
China,1999,0
China,2000,0
China,2001,0
China,2002,0
China,2003,0
China,2004,0
China,2005,0
China,2006,0
China,2007,0
China,2008,0
China,2009,0
China,2010,0
China,2011,0
China,2012,0
China,2013,0
China,2014,0
China,2015,0
China,2016,0
China,2017,0
China,2018,0
China,2019,0
China,2020,0
China,2021,0
China,2022,0
China,2023,0
China,2024,0
China,2025,0
Cuba,1789,0
Cuba,1790,0
Cuba,1791,0
Cuba,1792,0
Cuba,1793,0
Cuba,1794,0
Cuba,1795,0
Cuba,1796,0
Cuba,1797,0
Cuba,1798,0
Cuba,1799,0
Cuba,1800,0
Cuba,1801,0
Cuba,1802,0
Cuba,1803,0
Cuba,1804,0
Cuba,1805,0
Cuba,1806,0
Cuba,1807,0
Cuba,1808,0
Cuba,1809,0
Cuba,1810,0
Cuba,1811,0
Cuba,1812,0
Cuba,1813,0
Cuba,1814,0
Cuba,1815,0
Cuba,1816,0
Cuba,1817,0
Cuba,1818,0
Cuba,1819,0
Cuba,1820,0
Cuba,1821,0
Cuba,1822,0
Cuba,1823,0
Cuba,1824,0
Cuba,1825,0
Cuba,1826,0
Cuba,1827,0
Cuba,1828,0
Cuba,1829,0
Cuba,1830,0
Cuba,1831,0
Cuba,1832,0
Cuba,1833,0
Cuba,1834,0
Cuba,1835,0
Cuba,1836,0
Cuba,1837,0
Cuba,1838,0
Cuba,1839,0
Cuba,1840,0
Cuba,1841,0
Cuba,1842,0
Cuba,1843,0
Cuba,1844,0
Cuba,1845,0
Cuba,1846,0
Cuba,1847,0
Cuba,1848,0
Cuba,1849,0
Cuba,1850,0
Cuba,1851,0
Cuba,1852,0
Cuba,1853,0
Cuba,1854,0
Cuba,1855,0
Cuba,1856,0
Cuba,1857,0
Cuba,1858,0
Cuba,1859,0
Cuba,1860,0
Cuba,1861,0
Cuba,1862,0
Cuba,1863,0
Cuba,1864,0
Cuba,1865,0
Cuba,1866,0
Cuba,1867,0
Cuba,1868,0
Cuba,1869,0
Cuba,1870,0
Cuba,1871,0
Cuba,1872,0
Cuba,1873,0
Cuba,1874,0
Cuba,1875,0
Cuba,1876,0
Cuba,1877,0
Cuba,1878,0
Cuba,1879,0
Cuba,1880,0
Cuba,1881,0
Cuba,1882,0
Cuba,1883,0
Cuba,1884,0
Cuba,1885,0
Cuba,1886,0
Cuba,1887,0
Cuba,1888,0
Cuba,1889,0
Cuba,1890,0
Cuba,1891,0
Cuba,1892,0
Cuba,1893,0
Cuba,1894,0
Cuba,1895,0
Cuba,1896,0
Cuba,1897,0
Cuba,1898,0
Cuba,1899,0
Cuba,1900,0
Cuba,1901,0
Cuba,1902,0
Cuba,1903,0
Cuba,1904,0
Cuba,1905,0
Cuba,1906,0
Cuba,1907,0
Cuba,1908,0
Cuba,1909,0
Cuba,1910,0
Cuba,1911,0
Cuba,1912,0
Cuba,1913,0
Cuba,1914,0
Cuba,1915,0
Cuba,1916,0
Cuba,1917,0
Cuba,1918,0
Cuba,1919,0
Cuba,1920,0
Cuba,1921,0
Cuba,1922,0
Cuba,1923,0
Cuba,1924,0
Cuba,1925,0
Cuba,1926,0
Cuba,1927,0
Cuba,1928,0
Cuba,1929,0
Cuba,1930,0
Cuba,1931,0
Cuba,1932,0
Cuba,1933,0
Cuba,1934,0
Cuba,1935,0
Cuba,1936,0
Cuba,1937,0
Cuba,1938,0
Cuba,1939,0
Cuba,1940,0
Cuba,1941,0
Cuba,1942,0
Cuba,1943,0
Cuba,1944,0
Cuba,1945,0
Cuba,1946,0
Cuba,1947,0
Cuba,1948,0
Cuba,1949,0
Cuba,1950,0
Cuba,1951,0
Cuba,1952,0
Cuba,1953,0
Cuba,1954,0
Cuba,1955,0
Cuba,1956,0
Cuba,1957,0
Cuba,1958,0
Cuba,1959,0
Cuba,1960,0
Cuba,1961,0
Cuba,1962,0
Cuba,1963,0
Cuba,1964,0
Cuba,1965,0
Cuba,1966,0
Cuba,1967,0
Cuba,1968,0
Cuba,1969,0
Cuba,1970,0
Cuba,1971,0
Cuba,1972,0
Cuba,1973,0
Cuba,1974,0
Cuba,1975,0
Cuba,1976,0
Cuba,1977,0
Cuba,1978,0
Cuba,1979,0
Cuba,1980,0
Cuba,1981,0
Cuba,1982,0
Cuba,1983,0
Cuba,1984,0
Cuba,1985,0
Cuba,1986,0
Cuba,1987,0
Cuba,1988,0
Cuba,1989,0
Cuba,1990,0
Cuba,1991,0
Cuba,1992,0
Cuba,1993,0
Cuba,1994,0
Cuba,1995,0
Cuba,1996,0
Cuba,1997,0
Cuba,1998,0
Cuba,1999,0
Cuba,2000,0
Cuba,2001,0
Cuba,2002,0
Cuba,2003,0
Cuba,2004,0
Cuba,2005,0
Cuba,2006,0
Cuba,2007,0
Cuba,2008,0
Cuba,2009,0
Cuba,2010,0
Cuba,2011,0
Cuba,2012,0
Cuba,2013,0
Cuba,2014,0
Cuba,2015,0
Cuba,2016,0
Cuba,2017,0
Cuba,2018,0
Cuba,2019,0
Cuba,2020,0
Cuba,2021,0
Cuba,2022,0
Cuba,2023,0
Cuba,2024,0
Cuba,2025,0
Czechia,1789,0
Czechia,1790,0
Czechia,1791,0
Czechia,1792,0
Czechia,1793,0
Czechia,1794,0
Czechia,1795,0
Czechia,1796,0
Czechia,1797,0
Czechia,1798,0
Czechia,1799,0
Czechia,1800,0
Czechia,1801,0
Czechia,1802,0
Czechia,1803,0
Czechia,1804,0
Czechia,1805,0
Czechia,1806,0
Czechia,1807,0
Czechia,1808,0
Czechia,1809,0
Czechia,1810,0
Czechia,1811,0
Czechia,1812,0
Czechia,1813,0
Czechia,1814,0
Czechia,1815,0
Czechia,1816,0
Czechia,1817,0
Czechia,1818,0
Czechia,1819,0
Czechia,1820,0
Czechia,1821,0
Czechia,1822,0
Czechia,1823,0
Czechia,1824,0
Czechia,1825,0
Czechia,1826,0
Czechia,1827,0
Czechia,1828,0
Czechia,1829,0
Czechia,1830,0
Czechia,1831,0
Czechia,1832,0
Czechia,1833,0
Czechia,1834,0
Czechia,1835,0
Czechia,1836,0
Czechia,1837,0
Czechia,1838,0
Czechia,1839,0
Czechia,1840,0
Czechia,1841,0
Czechia,1842,0
Czechia,1843,0
Czechia,1844,0
Czechia,1845,0
Czechia,1846,0
Czechia,1847,0
Czechia,1848,0
Czechia,1849,0
Czechia,1850,0
Czechia,1851,0
Czechia,1852,0
Czechia,1853,0
Czechia,1854,0
Czechia,1855,0
Czechia,1856,0
Czechia,1857,0
Czechia,1858,0
Czechia,1859,0
Czechia,1860,0
Czechia,1861,0
Czechia,1862,0
Czechia,1863,0
Czechia,1864,0
Czechia,1865,0
Czechia,1866,0
Czechia,1867,0
Czechia,1868,0
Czechia,1869,0
Czechia,1870,0
Czechia,1871,0
Czechia,1872,0
Czechia,1873,0
Czechia,1874,0
Czechia,1875,0
Czechia,1876,0
Czechia,1877,0
Czechia,1878,0
Czechia,1879,0
Czechia,1880,0
Czechia,1881,0
Czechia,1882,0
Czechia,1883,0
Czechia,1884,0
Czechia,1885,0
Czechia,1886,0
Czechia,1887,0
Czechia,1888,0
Czechia,1889,0
Czechia,1890,0
Czechia,1891,0
Czechia,1892,0
Czechia,1893,0
Czechia,1894,0
Czechia,1895,0
Czechia,1896,0
Czechia,1897,0
Czechia,1898,0
Czechia,1899,0
Czechia,1900,0
Czechia,1901,0
Czechia,1902,0
Czechia,1903,0
Czechia,1904,0
Czechia,1905,0
Czechia,1906,0
Czechia,1907,0
Czechia,1908,0
Czechia,1909,0
Czechia,1910,0
Czechia,1911,0
Czechia,1912,0
Czechia,1913,0
Czechia,1914,0
Czechia,1915,0
Czechia,1916,0
Czechia,1917,0
Czechia,1918,0
Czechia,1919,0
Czechia,1920,1
Czechia,1921,1
Czechia,1922,1
Czechia,1923,1
Czechia,1924,1
Czechia,1925,1
Czechia,1926,1
Czechia,1927,1
Czechia,1928,1
Czechia,1929,1
Czechia,1930,1
Czechia,1931,1
Czechia,1932,1
Czechia,1933,1
Czechia,1934,1
Czechia,1935,1
Czechia,1936,1
Czechia,1937,1
Czechia,1938,1
Czechia,1939,0
Czechia,1940,0
Czechia,1941,0
Czechia,1942,0
Czechia,1943,0
Czechia,1944,0
Czechia,1945,0
Czechia,1946,0
Czechia,1947,0
Czechia,1948,0
Czechia,1949,0
Czechia,1950,0
Czechia,1951,0
Czechia,1952,0
Czechia,1953,0
Czechia,1954,0
Czechia,1955,0
Czechia,1956,0
Czechia,1957,0
Czechia,1958,0
Czechia,1959,0
Czechia,1960,0
Czechia,1961,0
Czechia,1962,0
Czechia,1963,0
Czechia,1964,0
Czechia,1965,0
Czechia,1966,0
Czechia,1967,0
Czechia,1968,0
Czechia,1969,0
Czechia,1970,0
Czechia,1971,0
Czechia,1972,0
Czechia,1973,0
Czechia,1974,0
Czechia,1975,0
Czechia,1976,0
Czechia,1977,0
Czechia,1978,0
Czechia,1979,0
Czechia,1980,0
Czechia,1981,0
Czechia,1982,0
Czechia,1983,0
Czechia,1984,0
Czechia,1985,0
Czechia,1986,0
Czechia,1987,0
Czechia,1988,0
Czechia,1989,0
Czechia,1990,1
Czechia,1991,1
Czechia,1992,1
Czechia,1993,1
Czechia,1994,1
Czechia,1995,1
Czechia,1996,1
Czechia,1997,1
Czechia,1998,1
Czechia,1999,1
Czechia,2000,1
Czechia,2001,1
Czechia,2002,1
Czechia,2003,1
Czechia,2004,1
Czechia,2005,1
Czechia,2006,1
Czechia,2007,1
Czechia,2008,1
Czechia,2009,1
Czechia,2010,1
Czechia,2011,1
Czechia,2012,1
Czechia,2013,1
Czechia,2014,1
Czechia,2015,1
Czechia,2016,1
Czechia,2017,1
Czechia,2018,1
Czechia,2019,1
Czechia,2020,1
Czechia,2021,1
Czechia,2022,1
Czechia,2023,1
Czechia,2024,1
Czechia,2025,1
Denmark,1789,0
Denmark,1790,0
Denmark,1791,0
Denmark,1792,0
Denmark,1793,0
Denmark,1794,0
Denmark,1795,0
Denmark,1796,0
Denmark,1797,0
Denmark,1798,0
Denmark,1799,0
Denmark,1800,0
Denmark,1801,0
Denmark,1802,0
Denmark,1803,0
Denmark,1804,0
Denmark,1805,0
Denmark,1806,0
Denmark,1807,0
Denmark,1808,0
Denmark,1809,0
Denmark,1810,0
Denmark,1811,0
Denmark,1812,0
Denmark,1813,0
Denmark,1814,0
Denmark,1815,0
Denmark,1816,0
Denmark,1817,0
Denmark,1818,0
Denmark,1819,0
Denmark,1820,0
Denmark,1821,0
Denmark,1822,0
Denmark,1823,0
Denmark,1824,0
Denmark,1825,0
Denmark,1826,0
Denmark,1827,0
Denmark,1828,0
Denmark,1829,0
Denmark,1830,0
Denmark,1831,0
Denmark,1832,0
Denmark,1833,0
Denmark,1834,0
Denmark,1835,0
Denmark,1836,0
Denmark,1837,0
Denmark,1838,0
Denmark,1839,0
Denmark,1840,0
Denmark,1841,0
Denmark,1842,0
Denmark,1843,0
Denmark,1844,0
Denmark,1845,0
Denmark,1846,0
Denmark,1847,0
Denmark,1848,0
Denmark,1849,0
Denmark,1850,0
Denmark,1851,0
Denmark,1852,0
Denmark,1853,0
Denmark,1854,0
Denmark,1855,0
Denmark,1856,0
Denmark,1857,0
Denmark,1858,0
Denmark,1859,0
Denmark,1860,0
Denmark,1861,0
Denmark,1862,0
Denmark,1863,0
Denmark,1864,0
Denmark,1865,0
Denmark,1866,0
Denmark,1867,0
Denmark,1868,0
Denmark,1869,0
Denmark,1870,0
Denmark,1871,0
Denmark,1872,0
Denmark,1873,0
Denmark,1874,0
Denmark,1875,0
Denmark,1876,0
Denmark,1877,0
Denmark,1878,0
Denmark,1879,0
Denmark,1880,0
Denmark,1881,0
Denmark,1882,0
Denmark,1883,0
Denmark,1884,0
Denmark,1885,0
Denmark,1886,0
Denmark,1887,0
Denmark,1888,0
Denmark,1889,0
Denmark,1890,0
Denmark,1891,0
Denmark,1892,0
Denmark,1893,0
Denmark,1894,0
Denmark,1895,0
Denmark,1896,0
Denmark,1897,0
Denmark,1898,0
Denmark,1899,0
Denmark,1900,0
Denmark,1901,0
Denmark,1902,1
Denmark,1903,1
Denmark,1904,1
Denmark,1905,1
Denmark,1906,1
Denmark,1907,1
Denmark,1908,1
Denmark,1909,1
Denmark,1910,1
Denmark,1911,1
Denmark,1912,1
Denmark,1913,1
Denmark,1914,1
Denmark,1915,1
Denmark,1916,1
Denmark,1917,1
Denmark,1918,1
Denmark,1919,1
Denmark,1920,1
Denmark,1921,1
Denmark,1922,1
Denmark,1923,1
Denmark,1924,1
Denmark,1925,1
Denmark,1926,1
Denmark,1927,1
Denmark,1928,1
Denmark,1929,1
Denmark,1930,1
Denmark,1931,1
Denmark,1932,1
Denmark,1933,1
Denmark,1934,1
Denmark,1935,1
Denmark,1936,1
Denmark,1937,1
Denmark,1938,1
Denmark,1939,1
Denmark,1940,1
Denmark,1941,1
Denmark,1942,1
Denmark,1943,0
Denmark,1944,0
Denmark,1945,0
Denmark,1946,1
Denmark,1947,1
Denmark,1948,1
Denmark,1949,1
Denmark,1950,1
Denmark,1951,1
Denmark,1952,1
Denmark,1953,1
Denmark,1954,1
Denmark,1955,1
Denmark,1956,1
Denmark,1957,1
Denmark,1958,1
Denmark,1959,1
Denmark,1960,1
Denmark,1961,1
Denmark,1962,1
Denmark,1963,1
Denmark,1964,1
Denmark,1965,1
Denmark,1966,1
Denmark,1967,1
Denmark,1968,1
Denmark,1969,1
Denmark,1970,1
Denmark,1971,1
Denmark,1972,1
Denmark,1973,1
Denmark,1974,1
Denmark,1975,1
Denmark,1976,1
Denmark,1977,1
Denmark,1978,1
Denmark,1979,1
Denmark,1980,1
Denmark,1981,1
Denmark,1982,1
Denmark,1983,1
Denmark,1984,1
Denmark,1985,1
Denmark,1986,1
Denmark,1987,1
Denmark,1988,1
Denmark,1989,1
Denmark,1990,1
Denmark,1991,1
Denmark,1992,1
Denmark,1993,1
Denmark,1994,1
Denmark,1995,1
Denmark,1996,1
Denmark,1997,1
Denmark,1998,1
Denmark,1999,1
Denmark,2000,1
Denmark,2001,1
Denmark,2002,1
Denmark,2003,1
Denmark,2004,1
Denmark,2005,1
Denmark,2006,1
Denmark,2007,1
Denmark,2008,1
Denmark,2009,1
Denmark,2010,1
Denmark,2011,1
Denmark,2012,1
Denmark,2013,1
Denmark,2014,1
Denmark,2015,1
Denmark,2016,1
Denmark,2017,1
Denmark,2018,1
Denmark,2019,1
Denmark,2020,1
Denmark,2021,1
Denmark,2022,1
Denmark,2023,1
Denmark,2024,1
Denmark,2025,1
Estonia,1789,0
Estonia,1790,0
Estonia,1791,0
Estonia,1792,0
Estonia,1793,0
Estonia,1794,0
Estonia,1795,0
Estonia,1796,0
Estonia,1797,0
Estonia,1798,0
Estonia,1799,0
Estonia,1800,0
Estonia,1801,0
Estonia,1802,0
Estonia,1803,0
Estonia,1804,0
Estonia,1805,0
Estonia,1806,0
Estonia,1807,0
Estonia,1808,0
Estonia,1809,0
Estonia,1810,0
Estonia,1811,0
Estonia,1812,0
Estonia,1813,0
Estonia,1814,0
Estonia,1815,0
Estonia,1816,0
Estonia,1817,0
Estonia,1818,0
Estonia,1819,0
Estonia,1820,0
Estonia,1821,0
Estonia,1822,0
Estonia,1823,0
Estonia,1824,0
Estonia,1825,0
Estonia,1826,0
Estonia,1827,0
Estonia,1828,0
Estonia,1829,0
Estonia,1830,0
Estonia,1831,0
Estonia,1832,0
Estonia,1833,0
Estonia,1834,0
Estonia,1835,0
Estonia,1836,0
Estonia,1837,0
Estonia,1838,0
Estonia,1839,0
Estonia,1840,0
Estonia,1841,0
Estonia,1842,0
Estonia,1843,0
Estonia,1844,0
Estonia,1845,0
Estonia,1846,0
Estonia,1847,0
Estonia,1848,0
Estonia,1849,0
Estonia,1850,0
Estonia,1851,0
Estonia,1852,0
Estonia,1853,0
Estonia,1854,0
Estonia,1855,0
Estonia,1856,0
Estonia,1857,0
Estonia,1858,0
Estonia,1859,0
Estonia,1860,0
Estonia,1861,0
Estonia,1862,0
Estonia,1863,0
Estonia,1864,0
Estonia,1865,0
Estonia,1866,0
Estonia,1867,0
Estonia,1868,0
Estonia,1869,0
Estonia,1870,0
Estonia,1871,0
Estonia,1872,0
Estonia,1873,0
Estonia,1874,0
Estonia,1875,0
Estonia,1876,0
Estonia,1877,0
Estonia,1878,0
Estonia,1879,0
Estonia,1880,0
Estonia,1881,0
Estonia,1882,0
Estonia,1883,0
Estonia,1884,0
Estonia,1885,0
Estonia,1886,0
Estonia,1887,0
Estonia,1888,0
Estonia,1889,0
Estonia,1890,0
Estonia,1891,0
Estonia,1892,0
Estonia,1893,0
Estonia,1894,0
Estonia,1895,0
Estonia,1896,0
Estonia,1897,0
Estonia,1898,0
Estonia,1899,0
Estonia,1900,0
Estonia,1901,0
Estonia,1902,0
Estonia,1903,0
Estonia,1904,0
Estonia,1905,0
Estonia,1906,0
Estonia,1907,0
Estonia,1908,0
Estonia,1909,0
Estonia,1910,0
Estonia,1911,0
Estonia,1912,0
Estonia,1913,0
Estonia,1914,0
Estonia,1915,0
Estonia,1916,0
Estonia,1917,0
Estonia,1918,0
Estonia,1919,0
Estonia,1920,1
Estonia,1921,1
Estonia,1922,1
Estonia,1923,1
Estonia,1924,1
Estonia,1925,1
Estonia,1926,1
Estonia,1927,1
Estonia,1928,1
Estonia,1929,1
Estonia,1930,1
Estonia,1931,1
Estonia,1932,1
Estonia,1933,1
Estonia,1934,0
Estonia,1935,0
Estonia,1936,0
Estonia,1937,0
Estonia,1938,0
Estonia,1939,0
Estonia,1940,0
Estonia,1941,0
Estonia,1942,0
Estonia,1943,0
Estonia,1944,0
Estonia,1945,0
Estonia,1946,0
Estonia,1947,0
Estonia,1948,0
Estonia,1949,0
Estonia,1950,0
Estonia,1951,0
Estonia,1952,0
Estonia,1953,0
Estonia,1954,0
Estonia,1955,0
Estonia,1956,0
Estonia,1957,0
Estonia,1958,0
Estonia,1959,0
Estonia,1960,0
Estonia,1961,0
Estonia,1962,0
Estonia,1963,0
Estonia,1964,0
Estonia,1965,0
Estonia,1966,0
Estonia,1967,0
Estonia,1968,0
Estonia,1969,0
Estonia,1970,0
Estonia,1971,0
Estonia,1972,0
Estonia,1973,0
Estonia,1974,0
Estonia,1975,0
Estonia,1976,0
Estonia,1977,0
Estonia,1978,0
Estonia,1979,0
Estonia,1980,0
Estonia,1981,0
Estonia,1982,0
Estonia,1983,0
Estonia,1984,0
Estonia,1985,0
Estonia,1986,0
Estonia,1987,0
Estonia,1988,0
Estonia,1989,0
Estonia,1990,1
Estonia,1991,1
Estonia,1992,0
Estonia,1993,1
Estonia,1994,1
Estonia,1995,1
Estonia,1996,1
Estonia,1997,1
Estonia,1998,1
Estonia,1999,1
Estonia,2000,1
Estonia,2001,1
Estonia,2002,1
Estonia,2003,1
Estonia,2004,1
Estonia,2005,1
Estonia,2006,1
Estonia,2007,1
Estonia,2008,1
Estonia,2009,1
Estonia,2010,1
Estonia,2011,1
Estonia,2012,1
Estonia,2013,1
Estonia,2014,1
Estonia,2015,1
Estonia,2016,1
Estonia,2017,1
Estonia,2018,1
Estonia,2019,1
Estonia,2020,1
Estonia,2021,1
Estonia,2022,1
Estonia,2023,1
Estonia,2024,1
Estonia,2025,1
Ethiopia,1789,0
Ethiopia,1790,0
Ethiopia,1791,0
Ethiopia,1792,0
Ethiopia,1793,0
Ethiopia,1794,0
Ethiopia,1795,0
Ethiopia,1796,0
Ethiopia,1797,0
Ethiopia,1798,0
Ethiopia,1799,0
Ethiopia,1800,0
Ethiopia,1801,0
Ethiopia,1802,0
Ethiopia,1803,0
Ethiopia,1804,0
Ethiopia,1805,0
Ethiopia,1806,0
Ethiopia,1807,0
Ethiopia,1808,0
Ethiopia,1809,0
Ethiopia,1810,0
Ethiopia,1811,0
Ethiopia,1812,0
Ethiopia,1813,0
Ethiopia,1814,0
Ethiopia,1815,0
Ethiopia,1816,0
Ethiopia,1817,0
Ethiopia,1818,0
Ethiopia,1819,0
Ethiopia,1820,0
Ethiopia,1821,0
Ethiopia,1822,0
Ethiopia,1823,0
Ethiopia,1824,0
Ethiopia,1825,0
Ethiopia,1826,0
Ethiopia,1827,0
Ethiopia,1828,0
Ethiopia,1829,0
Ethiopia,1830,0
Ethiopia,1831,0
Ethiopia,1832,0
Ethiopia,1833,0
Ethiopia,1834,0
Ethiopia,1835,0
Ethiopia,1836,0
Ethiopia,1837,0
Ethiopia,1838,0
Ethiopia,1839,0
Ethiopia,1840,0
Ethiopia,1841,0
Ethiopia,1842,0
Ethiopia,1843,0
Ethiopia,1844,0
Ethiopia,1845,0
Ethiopia,1846,0
Ethiopia,1847,0
Ethiopia,1848,0
Ethiopia,1849,0
Ethiopia,1850,0
Ethiopia,1851,0
Ethiopia,1852,0
Ethiopia,1853,0
Ethiopia,1854,0
Ethiopia,1855,0
Ethiopia,1856,0
Ethiopia,1857,0
Ethiopia,1858,0
Ethiopia,1859,0
Ethiopia,1860,0
Ethiopia,1861,0
Ethiopia,1862,0
Ethiopia,1863,0
Ethiopia,1864,0
Ethiopia,1865,0
Ethiopia,1866,0
Ethiopia,1867,0
Ethiopia,1868,0
Ethiopia,1869,0
Ethiopia,1870,0
Ethiopia,1871,0
Ethiopia,1872,0
Ethiopia,1873,0
Ethiopia,1874,0
Ethiopia,1875,0
Ethiopia,1876,0
Ethiopia,1877,0
Ethiopia,1878,0
Ethiopia,1879,0
Ethiopia,1880,0
Ethiopia,1881,0
Ethiopia,1882,0
Ethiopia,1883,0
Ethiopia,1884,0
Ethiopia,1885,0
Ethiopia,1886,0
Ethiopia,1887,0
Ethiopia,1888,0
Ethiopia,1889,0
Ethiopia,1890,0
Ethiopia,1891,0
Ethiopia,1892,0
Ethiopia,1893,0
Ethiopia,1894,0
Ethiopia,1895,0
Ethiopia,1896,0
Ethiopia,1897,0
Ethiopia,1898,0
Ethiopia,1899,0
Ethiopia,1900,0
Ethiopia,1901,0
Ethiopia,1902,0
Ethiopia,1903,0
Ethiopia,1904,0
Ethiopia,1905,0
Ethiopia,1906,0
Ethiopia,1907,0
Ethiopia,1908,0
Ethiopia,1909,0
Ethiopia,1910,0
Ethiopia,1911,0
Ethiopia,1912,0
Ethiopia,1913,0
Ethiopia,1914,0
Ethiopia,1915,0
Ethiopia,1916,0
Ethiopia,1917,0
Ethiopia,1918,0
Ethiopia,1919,0
Ethiopia,1920,0
Ethiopia,1921,0
Ethiopia,1922,0
Ethiopia,1923,0
Ethiopia,1924,0
Ethiopia,1925,0
Ethiopia,1926,0
Ethiopia,1927,0
Ethiopia,1928,0
Ethiopia,1929,0
Ethiopia,1930,0
Ethiopia,1931,0
Ethiopia,1932,0
Ethiopia,1933,0
Ethiopia,1934,0
Ethiopia,1935,0
Ethiopia,1936,0
Ethiopia,1937,0
Ethiopia,1938,0
Ethiopia,1939,0
Ethiopia,1940,0
Ethiopia,1941,0
Ethiopia,1942,0
Ethiopia,1943,0
Ethiopia,1944,0
Ethiopia,1945,0
Ethiopia,1946,0
Ethiopia,1947,0
Ethiopia,1948,0
Ethiopia,1949,0
Ethiopia,1950,0
Ethiopia,1951,0
Ethiopia,1952,0
Ethiopia,1953,0
Ethiopia,1954,0
Ethiopia,1955,0
Ethiopia,1956,0
Ethiopia,1957,0
Ethiopia,1958,0
Ethiopia,1959,0
Ethiopia,1960,0
Ethiopia,1961,0
Ethiopia,1962,0
Ethiopia,1963,0
Ethiopia,1964,0
Ethiopia,1965,0
Ethiopia,1966,0
Ethiopia,1967,0
Ethiopia,1968,0
Ethiopia,1969,0
Ethiopia,1970,0
Ethiopia,1971,0
Ethiopia,1972,0
Ethiopia,1973,0
Ethiopia,1974,0
Ethiopia,1975,0
Ethiopia,1976,0
Ethiopia,1977,0
Ethiopia,1978,0
Ethiopia,1979,0
Ethiopia,1980,0
Ethiopia,1981,0
Ethiopia,1982,0
Ethiopia,1983,0
Ethiopia,1984,0
Ethiopia,1985,0
Ethiopia,1986,0
Ethiopia,1987,0
Ethiopia,1988,0
Ethiopia,1989,0
Ethiopia,1990,0
Ethiopia,1991,0
Ethiopia,1992,0
Ethiopia,1993,0
Ethiopia,1994,0
Ethiopia,1995,0
Ethiopia,1996,0
Ethiopia,1997,0
Ethiopia,1998,0
Ethiopia,1999,0
Ethiopia,2000,0
Ethiopia,2001,0
Ethiopia,2002,0
Ethiopia,2003,0
Ethiopia,2004,0
Ethiopia,2005,0
Ethiopia,2006,0
Ethiopia,2007,0
Ethiopia,2008,0
Ethiopia,2009,0
Ethiopia,2010,0
Ethiopia,2011,0
Ethiopia,2012,0
Ethiopia,2013,0
Ethiopia,2014,0
Ethiopia,2015,0
Ethiopia,2016,0
Ethiopia,2017,0
Ethiopia,2018,0
Ethiopia,2019,0
Ethiopia,2020,0
Ethiopia,2021,0
Ethiopia,2022,0
Ethiopia,2023,0
Ethiopia,2024,0
Ethiopia,2025,0
France,1789,0
France,1790,0
France,1791,0
France,1792,0
France,1793,0
France,1794,0
France,1795,0
France,1796,0
France,1797,0
France,1798,0
France,1799,0
France,1800,0
France,1801,0
France,1802,0
France,1803,0
France,1804,0
France,1805,0
France,1806,0
France,1807,0
France,1808,0
France,1809,0
France,1810,0
France,1811,0
France,1812,0
France,1813,0
France,1814,0
France,1815,0
France,1816,0
France,1817,0
France,1818,0
France,1819,0
France,1820,0
France,1821,0
France,1822,0
France,1823,0
France,1824,0
France,1825,0
France,1826,0
France,1827,0
France,1828,0
France,1829,0
France,1830,0
France,1831,0
France,1832,0
France,1833,0
France,1834,0
France,1835,0
France,1836,0
France,1837,0
France,1838,0
France,1839,0
France,1840,0
France,1841,0
France,1842,0
France,1843,0
France,1844,0
France,1845,0
France,1846,0
France,1847,0
France,1848,0
France,1849,0
France,1850,0
France,1851,0
France,1852,0
France,1853,0
France,1854,0
France,1855,0
France,1856,0
France,1857,0
France,1858,0
France,1859,0
France,1860,0
France,1861,0
France,1862,0
France,1863,0
France,1864,0
France,1865,0
France,1866,0
France,1867,0
France,1868,0
France,1869,0
France,1870,0
France,1871,0
France,1872,0
France,1873,0
France,1874,1
France,1875,1
France,1876,1
France,1877,1
France,1878,1
France,1879,1
France,1880,1
France,1881,1
France,1882,1
France,1883,1
France,1884,1
France,1885,1
France,1886,1
France,1887,1
France,1888,1
France,1889,1
France,1890,1
France,1891,1
France,1892,1
France,1893,1
France,1894,1
France,1895,1
France,1896,1
France,1897,1
France,1898,1
France,1899,1
France,1900,1
France,1901,1
France,1902,1
France,1903,1
France,1904,1
France,1905,1
France,1906,1
France,1907,1
France,1908,1
France,1909,1
France,1910,1
France,1911,1
France,1912,1
France,1913,1
France,1914,1
France,1915,1
France,1916,1
France,1917,1
France,1918,1
France,1919,1
France,1920,1
France,1921,1
France,1922,1
France,1923,1
France,1924,1
France,1925,1
France,1926,1
France,1927,1
France,1928,1
France,1929,1
France,1930,1
France,1931,1
France,1932,1
France,1933,1
France,1934,1
France,1935,1
France,1936,1
France,1937,1
France,1938,1
France,1939,1
France,1940,0
France,1941,0
France,1942,0
France,1943,0
France,1944,0
France,1945,0
France,1946,0
France,1947,1
France,1948,1
France,1949,1
France,1950,1
France,1951,1
France,1952,1
France,1953,1
France,1954,1
France,1955,1
France,1956,1
France,1957,1
France,1958,1
France,1959,1
France,1960,1
France,1961,1
France,1962,1
France,1963,1
France,1964,1
France,1965,1
France,1966,1
France,1967,1
France,1968,1
France,1969,1
France,1970,1
France,1971,1
France,1972,1
France,1973,1
France,1974,1
France,1975,1
France,1976,1
France,1977,1
France,1978,1
France,1979,1
France,1980,1
France,1981,1
France,1982,1
France,1983,1
France,1984,1
France,1985,1
France,1986,1
France,1987,1
France,1988,1
France,1989,1
France,1990,1
France,1991,1
France,1992,1
France,1993,1
France,1994,1
France,1995,1
France,1996,1
France,1997,1
France,1998,1
France,1999,1
France,2000,1
France,2001,1
France,2002,1
France,2003,1
France,2004,1
France,2005,1
France,2006,1
France,2007,1
France,2008,1
France,2009,1
France,2010,1
France,2011,1
France,2012,1
France,2013,1
France,2014,1
France,2015,1
France,2016,1
France,2017,1
France,2018,1
France,2019,1
France,2020,1
France,2021,1
France,2022,1
France,2023,1
France,2024,1
France,2025,1
Haiti,1789,0
Haiti,1790,0
Haiti,1791,0
Haiti,1792,0
Haiti,1793,0
Haiti,1794,0
Haiti,1795,0
Haiti,1796,0
Haiti,1797,0
Haiti,1798,0
Haiti,1799,0
Haiti,1800,0
Haiti,1801,0
Haiti,1802,0
Haiti,1803,0
Haiti,1804,0
Haiti,1805,0
Haiti,1806,0
Haiti,1807,0
Haiti,1808,0
Haiti,1809,0
Haiti,1810,0
Haiti,1811,0
Haiti,1812,0
Haiti,1813,0
Haiti,1814,0
Haiti,1815,0
Haiti,1816,0
Haiti,1817,0
Haiti,1818,0
Haiti,1819,0
Haiti,1820,0
Haiti,1821,0
Haiti,1822,0
Haiti,1823,0
Haiti,1824,0
Haiti,1825,0
Haiti,1826,0
Haiti,1827,0
Haiti,1828,0
Haiti,1829,0
Haiti,1830,0
Haiti,1831,0
Haiti,1832,0
Haiti,1833,0
Haiti,1834,0
Haiti,1835,0
Haiti,1836,0
Haiti,1837,0
Haiti,1838,0
Haiti,1839,0
Haiti,1840,0
Haiti,1841,0
Haiti,1842,0
Haiti,1843,0
Haiti,1844,0
Haiti,1845,0
Haiti,1846,0
Haiti,1847,0
Haiti,1848,0
Haiti,1849,0
Haiti,1850,0
Haiti,1851,0
Haiti,1852,0
Haiti,1853,0
Haiti,1854,0
Haiti,1855,0
Haiti,1856,0
Haiti,1857,0
Haiti,1858,0
Haiti,1859,0
Haiti,1860,0
Haiti,1861,0
Haiti,1862,0
Haiti,1863,0
Haiti,1864,0
Haiti,1865,0
Haiti,1866,0
Haiti,1867,0
Haiti,1868,0
Haiti,1869,0
Haiti,1870,0
Haiti,1871,0
Haiti,1872,0
Haiti,1873,0
Haiti,1874,0
Haiti,1875,0
Haiti,1876,0
Haiti,1877,0
Haiti,1878,0
Haiti,1879,0
Haiti,1880,0
Haiti,1881,0
Haiti,1882,0
Haiti,1883,0
Haiti,1884,0
Haiti,1885,0
Haiti,1886,0
Haiti,1887,0
Haiti,1888,0
Haiti,1889,0
Haiti,1890,0
Haiti,1891,0
Haiti,1892,0
Haiti,1893,0
Haiti,1894,0
Haiti,1895,0
Haiti,1896,0
Haiti,1897,0
Haiti,1898,0
Haiti,1899,0
Haiti,1900,0
Haiti,1901,0
Haiti,1902,0
Haiti,1903,0
Haiti,1904,0
Haiti,1905,0
Haiti,1906,0
Haiti,1907,0
Haiti,1908,0
Haiti,1909,0
Haiti,1910,0
Haiti,1911,0
Haiti,1912,0
Haiti,1913,0
Haiti,1914,0
Haiti,1915,0
Haiti,1916,0
Haiti,1917,0
Haiti,1918,0
Haiti,1919,0
Haiti,1920,0
Haiti,1921,0
Haiti,1922,0
Haiti,1923,0
Haiti,1924,0
Haiti,1925,0
Haiti,1926,0
Haiti,1927,0
Haiti,1928,0
Haiti,1929,0
Haiti,1930,0
Haiti,1931,0
Haiti,1932,0
Haiti,1933,0
Haiti,1934,0
Haiti,1935,0
Haiti,1936,0
Haiti,1937,0
Haiti,1938,0
Haiti,1939,0
Haiti,1940,0
Haiti,1941,0
Haiti,1942,0
Haiti,1943,0
Haiti,1944,0
Haiti,1945,0
Haiti,1946,0
Haiti,1947,0
Haiti,1948,0
Haiti,1949,0
Haiti,1950,0
Haiti,1951,0
Haiti,1952,0
Haiti,1953,0
Haiti,1954,0
Haiti,1955,0
Haiti,1956,0
Haiti,1957,0
Haiti,1958,0
Haiti,1959,0
Haiti,1960,0
Haiti,1961,0
Haiti,1962,0
Haiti,1963,0
Haiti,1964,0
Haiti,1965,0
Haiti,1966,0
Haiti,1967,0
Haiti,1968,0
Haiti,1969,0
Haiti,1970,0
Haiti,1971,0
Haiti,1972,0
Haiti,1973,0
Haiti,1974,0
Haiti,1975,0
Haiti,1976,0
Haiti,1977,0
Haiti,1978,0
Haiti,1979,0
Haiti,1980,0
Haiti,1981,0
Haiti,1982,0
Haiti,1983,0
Haiti,1984,0
Haiti,1985,0
Haiti,1986,0
Haiti,1987,0
Haiti,1988,0
Haiti,1989,0
Haiti,1990,0
Haiti,1991,0
Haiti,1992,0
Haiti,1993,0
Haiti,1994,0
Haiti,1995,0
Haiti,1996,0
Haiti,1997,0
Haiti,1998,0
Haiti,1999,0
Haiti,2000,0
Haiti,2001,0
Haiti,2002,0
Haiti,2003,0
Haiti,2004,0
Haiti,2005,0
Haiti,2006,0
Haiti,2007,0
Haiti,2008,0
Haiti,2009,0
Haiti,2010,0
Haiti,2011,0
Haiti,2012,0
Haiti,2013,0
Haiti,2014,0
Haiti,2015,0
Haiti,2016,0
Haiti,2017,0
Haiti,2018,0
Haiti,2019,0
Haiti,2020,0
Haiti,2021,0
Haiti,2022,0
Haiti,2023,0
Haiti,2024,0
Haiti,2025,0
Hungary,1789,0
Hungary,1790,0
Hungary,1791,0
Hungary,1792,0
Hungary,1793,0
Hungary,1794,0
Hungary,1795,0
Hungary,1796,0
Hungary,1797,0
Hungary,1798,0
Hungary,1799,0
Hungary,1800,0
Hungary,1801,0
Hungary,1802,0
Hungary,1803,0
Hungary,1804,0
Hungary,1805,0
Hungary,1806,0
Hungary,1807,0
Hungary,1808,0
Hungary,1809,0
Hungary,1810,0
Hungary,1811,0
Hungary,1812,0
Hungary,1813,0
Hungary,1814,0
Hungary,1815,0
Hungary,1816,0
Hungary,1817,0
Hungary,1818,0
Hungary,1819,0
Hungary,1820,0
Hungary,1821,0
Hungary,1822,0
Hungary,1823,0
Hungary,1824,0
Hungary,1825,0
Hungary,1826,0
Hungary,1827,0
Hungary,1828,0
Hungary,1829,0
Hungary,1830,0
Hungary,1831,0
Hungary,1832,0
Hungary,1833,0
Hungary,1834,0
Hungary,1835,0
Hungary,1836,0
Hungary,1837,0
Hungary,1838,0
Hungary,1839,0
Hungary,1840,0
Hungary,1841,0
Hungary,1842,0
Hungary,1843,0
Hungary,1844,0
Hungary,1845,0
Hungary,1846,0
Hungary,1847,0
Hungary,1848,0
Hungary,1849,0
Hungary,1850,0
Hungary,1851,0
Hungary,1852,0
Hungary,1853,0
Hungary,1854,0
Hungary,1855,0
Hungary,1856,0
Hungary,1857,0
Hungary,1858,0
Hungary,1859,0
Hungary,1860,0
Hungary,1861,0
Hungary,1862,0
Hungary,1863,0
Hungary,1864,0
Hungary,1865,0
Hungary,1866,0
Hungary,1867,0
Hungary,1868,0
Hungary,1869,0
Hungary,1870,0
Hungary,1871,0
Hungary,1872,0
Hungary,1873,0
Hungary,1874,0
Hungary,1875,0
Hungary,1876,0
Hungary,1877,0
Hungary,1878,0
Hungary,1879,0
Hungary,1880,0
Hungary,1881,0
Hungary,1882,0
Hungary,1883,0
Hungary,1884,0
Hungary,1885,0
Hungary,1886,0
Hungary,1887,0
Hungary,1888,0
Hungary,1889,0
Hungary,1890,0
Hungary,1891,0
Hungary,1892,0
Hungary,1893,0
Hungary,1894,0
Hungary,1895,0
Hungary,1896,0
Hungary,1897,0
Hungary,1898,0
Hungary,1899,0
Hungary,1900,0
Hungary,1901,0
Hungary,1902,0
Hungary,1903,0
Hungary,1904,0
Hungary,1905,0
Hungary,1906,0
Hungary,1907,0
Hungary,1908,0
Hungary,1909,0
Hungary,1910,0
Hungary,1911,0
Hungary,1912,0
Hungary,1913,0
Hungary,1914,0
Hungary,1915,0
Hungary,1916,0
Hungary,1917,0
Hungary,1918,0
Hungary,1919,0
Hungary,1920,0
Hungary,1921,0
Hungary,1922,0
Hungary,1923,0
Hungary,1924,0
Hungary,1925,0
Hungary,1926,0
Hungary,1927,0
Hungary,1928,0
Hungary,1929,0
Hungary,1930,0
Hungary,1931,0
Hungary,1932,0
Hungary,1933,0
Hungary,1934,0
Hungary,1935,0
Hungary,1936,0
Hungary,1937,0
Hungary,1938,0
Hungary,1939,0
Hungary,1940,0
Hungary,1941,0
Hungary,1942,0
Hungary,1943,0
Hungary,1944,0
Hungary,1945,0
Hungary,1946,0
Hungary,1947,0
Hungary,1948,0
Hungary,1949,0
Hungary,1950,0
Hungary,1951,0
Hungary,1952,0
Hungary,1953,0
Hungary,1954,0
Hungary,1955,0
Hungary,1956,0
Hungary,1957,0
Hungary,1958,0
Hungary,1959,0
Hungary,1960,0
Hungary,1961,0
Hungary,1962,0
Hungary,1963,0
Hungary,1964,0
Hungary,1965,0
Hungary,1966,0
Hungary,1967,0
Hungary,1968,0
Hungary,1969,0
Hungary,1970,0
Hungary,1971,0
Hungary,1972,0
Hungary,1973,0
Hungary,1974,0
Hungary,1975,0
Hungary,1976,0
Hungary,1977,0
Hungary,1978,0
Hungary,1979,0
Hungary,1980,0
Hungary,1981,0
Hungary,1982,0
Hungary,1983,0
Hungary,1984,0
Hungary,1985,0
Hungary,1986,0
Hungary,1987,0
Hungary,1988,0
Hungary,1989,0
Hungary,1990,1
Hungary,1991,1
Hungary,1992,1
Hungary,1993,1
Hungary,1994,1
Hungary,1995,1
Hungary,1996,1
Hungary,1997,1
Hungary,1998,1
Hungary,1999,1
Hungary,2000,1
Hungary,2001,1
Hungary,2002,1
Hungary,2003,1
Hungary,2004,1
Hungary,2005,1
Hungary,2006,1
Hungary,2007,1
Hungary,2008,1
Hungary,2009,1
Hungary,2010,1
Hungary,2011,1
Hungary,2012,1
Hungary,2013,1
Hungary,2014,1
Hungary,2015,1
Hungary,2016,1
Hungary,2017,1
Hungary,2018,0
Hungary,2019,0
Hungary,2020,0
Hungary,2021,0
Hungary,2022,0
Hungary,2023,0
Hungary,2024,0
Hungary,2025,0
India,1789,0
India,1790,0
India,1791,0
India,1792,0
India,1793,0
India,1794,0
India,1795,0
India,1796,0
India,1797,0
India,1798,0
India,1799,0
India,1800,0
India,1801,0
India,1802,0
India,1803,0
India,1804,0
India,1805,0
India,1806,0
India,1807,0
India,1808,0
India,1809,0
India,1810,0
India,1811,0
India,1812,0
India,1813,0
India,1814,0
India,1815,0
India,1816,0
India,1817,0
India,1818,0
India,1819,0
India,1820,0
India,1821,0
India,1822,0
India,1823,0
India,1824,0
India,1825,0
India,1826,0
India,1827,0
India,1828,0
India,1829,0
India,1830,0
India,1831,0
India,1832,0
India,1833,0
India,1834,0
India,1835,0
India,1836,0
India,1837,0
India,1838,0
India,1839,0
India,1840,0
India,1841,0
India,1842,0
India,1843,0
India,1844,0
India,1845,0
India,1846,0
India,1847,0
India,1848,0
India,1849,0
India,1850,0
India,1851,0
India,1852,0
India,1853,0
India,1854,0
India,1855,0
India,1856,0
India,1857,0
India,1858,0
India,1859,0
India,1860,0
India,1861,0
India,1862,0
India,1863,0
India,1864,0
India,1865,0
India,1866,0
India,1867,0
India,1868,0
India,1869,0
India,1870,0
India,1871,0
India,1872,0
India,1873,0
India,1874,0
India,1875,0
India,1876,0
India,1877,0
India,1878,0
India,1879,0
India,1880,0
India,1881,0
India,1882,0
India,1883,0
India,1884,0
India,1885,0
India,1886,0
India,1887,0
India,1888,0
India,1889,0
India,1890,0
India,1891,0
India,1892,0
India,1893,0
India,1894,0
India,1895,0
India,1896,0
India,1897,0
India,1898,0
India,1899,0
India,1900,0
India,1901,0
India,1902,0
India,1903,0
India,1904,0
India,1905,0
India,1906,0
India,1907,0
India,1908,0
India,1909,0
India,1910,0
India,1911,0
India,1912,0
India,1913,0
India,1914,0
India,1915,0
India,1916,0
India,1917,0
India,1918,0
India,1919,0
India,1920,0
India,1921,0
India,1922,0
India,1923,0
India,1924,0
India,1925,0
India,1926,0
India,1927,0
India,1928,0
India,1929,0
India,1930,0
India,1931,0
India,1932,0
India,1933,0
India,1934,0
India,1935,0
India,1936,0
India,1937,0
India,1938,0
India,1939,0
India,1940,0
India,1941,0
India,1942,0
India,1943,0
India,1944,0
India,1945,0
India,1946,0
India,1947,0
India,1948,0
India,1949,0
India,1950,0
India,1951,0
India,1952,1
India,1953,1
India,1954,1
India,1955,1
India,1956,1
India,1957,1
India,1958,1
India,1959,1
India,1960,1
India,1961,1
India,1962,1
India,1963,1
India,1964,1
India,1965,1
India,1966,1
India,1967,1
India,1968,1
India,1969,1
India,1970,1
India,1971,1
India,1972,1
India,1973,1
India,1974,1
India,1975,0
India,1976,0
India,1977,0
India,1978,1
India,1979,1
India,1980,1
India,1981,1
India,1982,1
India,1983,1
India,1984,1
India,1985,1
India,1986,1
India,1987,1
India,1988,1
India,1989,1
India,1990,1
India,1991,1
India,1992,1
India,1993,1
India,1994,1
India,1995,1
India,1996,1
India,1997,1
India,1998,1
India,1999,1
India,2000,1
India,2001,1
India,2002,1
India,2003,1
India,2004,1
India,2005,1
India,2006,1
India,2007,1
India,2008,1
India,2009,1
India,2010,1
India,2011,1
India,2012,1
India,2013,1
India,2014,1
India,2015,1
India,2016,1
India,2017,0
India,2018,0
India,2019,0
India,2020,0
India,2021,0
India,2022,0
India,2023,0
India,2024,0
India,2025,0
Iraq,1789,0
Iraq,1790,0
Iraq,1791,0
Iraq,1792,0
Iraq,1793,0
Iraq,1794,0
Iraq,1795,0
Iraq,1796,0
Iraq,1797,0
Iraq,1798,0
Iraq,1799,0
Iraq,1800,0
Iraq,1801,0
Iraq,1802,0
Iraq,1803,0
Iraq,1804,0
Iraq,1805,0
Iraq,1806,0
Iraq,1807,0
Iraq,1808,0
Iraq,1809,0
Iraq,1810,0
Iraq,1811,0
Iraq,1812,0
Iraq,1813,0
Iraq,1814,0
Iraq,1815,0
Iraq,1816,0
Iraq,1817,0
Iraq,1818,0
Iraq,1819,0
Iraq,1820,0
Iraq,1821,0
Iraq,1822,0
Iraq,1823,0
Iraq,1824,0
Iraq,1825,0
Iraq,1826,0
Iraq,1827,0
Iraq,1828,0
Iraq,1829,0
Iraq,1830,0
Iraq,1831,0
Iraq,1832,0
Iraq,1833,0
Iraq,1834,0
Iraq,1835,0
Iraq,1836,0
Iraq,1837,0
Iraq,1838,0
Iraq,1839,0
Iraq,1840,0
Iraq,1841,0
Iraq,1842,0
Iraq,1843,0
Iraq,1844,0
Iraq,1845,0
Iraq,1846,0
Iraq,1847,0
Iraq,1848,0
Iraq,1849,0
Iraq,1850,0
Iraq,1851,0
Iraq,1852,0
Iraq,1853,0
Iraq,1854,0
Iraq,1855,0
Iraq,1856,0
Iraq,1857,0
Iraq,1858,0
Iraq,1859,0
Iraq,1860,0
Iraq,1861,0
Iraq,1862,0
Iraq,1863,0
Iraq,1864,0
Iraq,1865,0
Iraq,1866,0
Iraq,1867,0
Iraq,1868,0
Iraq,1869,0
Iraq,1870,0
Iraq,1871,0
Iraq,1872,0
Iraq,1873,0
Iraq,1874,0
Iraq,1875,0
Iraq,1876,0
Iraq,1877,0
Iraq,1878,0
Iraq,1879,0
Iraq,1880,0
Iraq,1881,0
Iraq,1882,0
Iraq,1883,0
Iraq,1884,0
Iraq,1885,0
Iraq,1886,0
Iraq,1887,0
Iraq,1888,0
Iraq,1889,0
Iraq,1890,0
Iraq,1891,0
Iraq,1892,0
Iraq,1893,0
Iraq,1894,0
Iraq,1895,0
Iraq,1896,0
Iraq,1897,0
Iraq,1898,0
Iraq,1899,0
Iraq,1900,0
Iraq,1901,0
Iraq,1902,0
Iraq,1903,0
Iraq,1904,0
Iraq,1905,0
Iraq,1906,0
Iraq,1907,0
Iraq,1908,0
Iraq,1909,0
Iraq,1910,0
Iraq,1911,0
Iraq,1912,0
Iraq,1913,0
Iraq,1914,0
Iraq,1915,0
Iraq,1916,0
Iraq,1917,0
Iraq,1918,0
Iraq,1919,0
Iraq,1920,0
Iraq,1921,0
Iraq,1922,0
Iraq,1923,0
Iraq,1924,0
Iraq,1925,0
Iraq,1926,0
Iraq,1927,0
Iraq,1928,0
Iraq,1929,0
Iraq,1930,0
Iraq,1931,0
Iraq,1932,0
Iraq,1933,0
Iraq,1934,0
Iraq,1935,0
Iraq,1936,0
Iraq,1937,0
Iraq,1938,0
Iraq,1939,0
Iraq,1940,0
Iraq,1941,0
Iraq,1942,0
Iraq,1943,0
Iraq,1944,0
Iraq,1945,0
Iraq,1946,0
Iraq,1947,0
Iraq,1948,0
Iraq,1949,0
Iraq,1950,0
Iraq,1951,0
Iraq,1952,0
Iraq,1953,0
Iraq,1954,0
Iraq,1955,0
Iraq,1956,0
Iraq,1957,0
Iraq,1958,0
Iraq,1959,0
Iraq,1960,0
Iraq,1961,0
Iraq,1962,0
Iraq,1963,0
Iraq,1964,0
Iraq,1965,0
Iraq,1966,0
Iraq,1967,0
Iraq,1968,0
Iraq,1969,0
Iraq,1970,0
Iraq,1971,0
Iraq,1972,0
Iraq,1973,0
Iraq,1974,0
Iraq,1975,0
Iraq,1976,0
Iraq,1977,0
Iraq,1978,0
Iraq,1979,0
Iraq,1980,0
Iraq,1981,0
Iraq,1982,0
Iraq,1983,0
Iraq,1984,0
Iraq,1985,0
Iraq,1986,0
Iraq,1987,0
Iraq,1988,0
Iraq,1989,0
Iraq,1990,0
Iraq,1991,0
Iraq,1992,0
Iraq,1993,0
Iraq,1994,0
Iraq,1995,0
Iraq,1996,0
Iraq,1997,0
Iraq,1998,0
Iraq,1999,0
Iraq,2000,0
Iraq,2001,0
Iraq,2002,0
Iraq,2003,0
Iraq,2004,0
Iraq,2005,0
Iraq,2006,0
Iraq,2007,0
Iraq,2008,0
Iraq,2009,0
Iraq,2010,0
Iraq,2011,0
Iraq,2012,0
Iraq,2013,0
Iraq,2014,0
Iraq,2015,0
Iraq,2016,0
Iraq,2017,0
Iraq,2018,0
Iraq,2019,0
Iraq,2020,0
Iraq,2021,0
Iraq,2022,0
Iraq,2023,0
Iraq,2024,0
Iraq,2025,0
Ireland,1789,0
Ireland,1790,0
Ireland,1791,0
Ireland,1792,0
Ireland,1793,0
Ireland,1794,0
Ireland,1795,0
Ireland,1796,0
Ireland,1797,0
Ireland,1798,0
Ireland,1799,0
Ireland,1800,0
Ireland,1801,0
Ireland,1802,0
Ireland,1803,0
Ireland,1804,0
Ireland,1805,0
Ireland,1806,0
Ireland,1807,0
Ireland,1808,0
Ireland,1809,0
Ireland,1810,0
Ireland,1811,0
Ireland,1812,0
Ireland,1813,0
Ireland,1814,0
Ireland,1815,0
Ireland,1816,0
Ireland,1817,0
Ireland,1818,0
Ireland,1819,0
Ireland,1820,0
Ireland,1821,0
Ireland,1822,0
Ireland,1823,0
Ireland,1824,0
Ireland,1825,0
Ireland,1826,0
Ireland,1827,0
Ireland,1828,0
Ireland,1829,0
Ireland,1830,0
Ireland,1831,0
Ireland,1832,0
Ireland,1833,0
Ireland,1834,0
Ireland,1835,0
Ireland,1836,0
Ireland,1837,0
Ireland,1838,0
Ireland,1839,0
Ireland,1840,0
Ireland,1841,0
Ireland,1842,0
Ireland,1843,0
Ireland,1844,0
Ireland,1845,0
Ireland,1846,0
Ireland,1847,0
Ireland,1848,0
Ireland,1849,0
Ireland,1850,0
Ireland,1851,0
Ireland,1852,0
Ireland,1853,0
Ireland,1854,0
Ireland,1855,0
Ireland,1856,0
Ireland,1857,0
Ireland,1858,0
Ireland,1859,0
Ireland,1860,0
Ireland,1861,0
Ireland,1862,0
Ireland,1863,0
Ireland,1864,0
Ireland,1865,0
Ireland,1866,0
Ireland,1867,0
Ireland,1868,0
Ireland,1869,0
Ireland,1870,0
Ireland,1871,0
Ireland,1872,0
Ireland,1873,0
Ireland,1874,0
Ireland,1875,0
Ireland,1876,0
Ireland,1877,0
Ireland,1878,0
Ireland,1879,0
Ireland,1880,0
Ireland,1881,0
Ireland,1882,0
Ireland,1883,0
Ireland,1884,0
Ireland,1885,0
Ireland,1886,0
Ireland,1887,0
Ireland,1888,0
Ireland,1889,0
Ireland,1890,0
Ireland,1891,0
Ireland,1892,0
Ireland,1893,0
Ireland,1894,0
Ireland,1895,0
Ireland,1896,0
Ireland,1897,0
Ireland,1898,0
Ireland,1899,0
Ireland,1900,0
Ireland,1901,0
Ireland,1902,0
Ireland,1903,0
Ireland,1904,0
Ireland,1905,0
Ireland,1906,0
Ireland,1907,0
Ireland,1908,0
Ireland,1909,0
Ireland,1910,0
Ireland,1911,0
Ireland,1912,0
Ireland,1913,0
Ireland,1914,0
Ireland,1915,0
Ireland,1916,0
Ireland,1917,0
Ireland,1918,0
Ireland,1919,0
Ireland,1920,0
Ireland,1921,0
Ireland,1922,1
Ireland,1923,1
Ireland,1924,1
Ireland,1925,1
Ireland,1926,1
Ireland,1927,1
Ireland,1928,1
Ireland,1929,1
Ireland,1930,1
Ireland,1931,1
Ireland,1932,1
Ireland,1933,1
Ireland,1934,1
Ireland,1935,1
Ireland,1936,1
Ireland,1937,1
Ireland,1938,1
Ireland,1939,1
Ireland,1940,1
Ireland,1941,1
Ireland,1942,1
Ireland,1943,1
Ireland,1944,1
Ireland,1945,1
Ireland,1946,1
Ireland,1947,1
Ireland,1948,1
Ireland,1949,1
Ireland,1950,1
Ireland,1951,1
Ireland,1952,1
Ireland,1953,1
Ireland,1954,1
Ireland,1955,1
Ireland,1956,1
Ireland,1957,1
Ireland,1958,1
Ireland,1959,1
Ireland,1960,1
Ireland,1961,1
Ireland,1962,1
Ireland,1963,1
Ireland,1964,1
Ireland,1965,1
Ireland,1966,1
Ireland,1967,1
Ireland,1968,1
Ireland,1969,1
Ireland,1970,1
Ireland,1971,1
Ireland,1972,1
Ireland,1973,1
Ireland,1974,1
Ireland,1975,1
Ireland,1976,1
Ireland,1977,1
Ireland,1978,1
Ireland,1979,1
Ireland,1980,1
Ireland,1981,1
Ireland,1982,1
Ireland,1983,1
Ireland,1984,1
Ireland,1985,1
Ireland,1986,1
Ireland,1987,1
Ireland,1988,1
Ireland,1989,1
Ireland,1990,1
Ireland,1991,1
Ireland,1992,1
Ireland,1993,1
Ireland,1994,1
Ireland,1995,1
Ireland,1996,1
Ireland,1997,1
Ireland,1998,1
Ireland,1999,1
Ireland,2000,1
Ireland,2001,1
Ireland,2002,1
Ireland,2003,1
Ireland,2004,1
Ireland,2005,1
Ireland,2006,1
Ireland,2007,1
Ireland,2008,1
Ireland,2009,1
Ireland,2010,1
Ireland,2011,1
Ireland,2012,1
Ireland,2013,1
Ireland,2014,1
Ireland,2015,1
Ireland,2016,1
Ireland,2017,1
Ireland,2018,1
Ireland,2019,1
Ireland,2020,1
Ireland,2021,1
Ireland,2022,1
Ireland,2023,1
Ireland,2024,1
Ireland,2025,1
Japan,1789,0
Japan,1790,0
Japan,1791,0
Japan,1792,0
Japan,1793,0
Japan,1794,0
Japan,1795,0
Japan,1796,0
Japan,1797,0
Japan,1798,0
Japan,1799,0
Japan,1800,0
Japan,1801,0
Japan,1802,0
Japan,1803,0
Japan,1804,0
Japan,1805,0
Japan,1806,0
Japan,1807,0
Japan,1808,0
Japan,1809,0
Japan,1810,0
Japan,1811,0
Japan,1812,0
Japan,1813,0
Japan,1814,0
Japan,1815,0
Japan,1816,0
Japan,1817,0
Japan,1818,0
Japan,1819,0
Japan,1820,0
Japan,1821,0
Japan,1822,0
Japan,1823,0
Japan,1824,0
Japan,1825,0
Japan,1826,0
Japan,1827,0
Japan,1828,0
Japan,1829,0
Japan,1830,0
Japan,1831,0
Japan,1832,0
Japan,1833,0
Japan,1834,0
Japan,1835,0
Japan,1836,0
Japan,1837,0
Japan,1838,0
Japan,1839,0
Japan,1840,0
Japan,1841,0
Japan,1842,0
Japan,1843,0
Japan,1844,0
Japan,1845,0
Japan,1846,0
Japan,1847,0
Japan,1848,0
Japan,1849,0
Japan,1850,0
Japan,1851,0
Japan,1852,0
Japan,1853,0
Japan,1854,0
Japan,1855,0
Japan,1856,0
Japan,1857,0
Japan,1858,0
Japan,1859,0
Japan,1860,0
Japan,1861,0
Japan,1862,0
Japan,1863,0
Japan,1864,0
Japan,1865,0
Japan,1866,0
Japan,1867,0
Japan,1868,0
Japan,1869,0
Japan,1870,0
Japan,1871,0
Japan,1872,0
Japan,1873,0
Japan,1874,0
Japan,1875,0
Japan,1876,0
Japan,1877,0
Japan,1878,0
Japan,1879,0
Japan,1880,0
Japan,1881,0
Japan,1882,0
Japan,1883,0
Japan,1884,0
Japan,1885,0
Japan,1886,0
Japan,1887,0
Japan,1888,0
Japan,1889,0
Japan,1890,0
Japan,1891,0
Japan,1892,0
Japan,1893,0
Japan,1894,0
Japan,1895,0
Japan,1896,0
Japan,1897,0
Japan,1898,0
Japan,1899,0
Japan,1900,0
Japan,1901,0
Japan,1902,0
Japan,1903,0
Japan,1904,0
Japan,1905,0
Japan,1906,0
Japan,1907,0
Japan,1908,0
Japan,1909,0
Japan,1910,0
Japan,1911,0
Japan,1912,0
Japan,1913,0
Japan,1914,0
Japan,1915,0
Japan,1916,0
Japan,1917,0
Japan,1918,0
Japan,1919,0
Japan,1920,0
Japan,1921,0
Japan,1922,0
Japan,1923,0
Japan,1924,0
Japan,1925,0
Japan,1926,0
Japan,1927,0
Japan,1928,0
Japan,1929,0
Japan,1930,0
Japan,1931,0
Japan,1932,0
Japan,1933,0
Japan,1934,0
Japan,1935,0
Japan,1936,0
Japan,1937,0
Japan,1938,0
Japan,1939,0
Japan,1940,0
Japan,1941,0
Japan,1942,0
Japan,1943,0
Japan,1944,0
Japan,1945,0
Japan,1946,0
Japan,1947,0
Japan,1948,0
Japan,1949,0
Japan,1950,0
Japan,1951,0
Japan,1952,1
Japan,1953,1
Japan,1954,1
Japan,1955,1
Japan,1956,1
Japan,1957,1
Japan,1958,1
Japan,1959,1
Japan,1960,1
Japan,1961,1
Japan,1962,1
Japan,1963,1
Japan,1964,1
Japan,1965,1
Japan,1966,1
Japan,1967,1
Japan,1968,1
Japan,1969,1
Japan,1970,1
Japan,1971,1
Japan,1972,1
Japan,1973,1
Japan,1974,1
Japan,1975,1
Japan,1976,1
Japan,1977,1
Japan,1978,1
Japan,1979,1
Japan,1980,1
Japan,1981,1
Japan,1982,1
Japan,1983,1
Japan,1984,1
Japan,1985,1
Japan,1986,1
Japan,1987,1
Japan,1988,1
Japan,1989,1
Japan,1990,1
Japan,1991,1
Japan,1992,1
Japan,1993,1
Japan,1994,1
Japan,1995,1
Japan,1996,1
Japan,1997,1
Japan,1998,1
Japan,1999,1
Japan,2000,1
Japan,2001,1
Japan,2002,1
Japan,2003,1
Japan,2004,1
Japan,2005,1
Japan,2006,1
Japan,2007,1
Japan,2008,1
Japan,2009,1
Japan,2010,1
Japan,2011,1
Japan,2012,1
Japan,2013,1
Japan,2014,1
Japan,2015,1
Japan,2016,1
Japan,2017,1
Japan,2018,1
Japan,2019,1
Japan,2020,1
Japan,2021,1
Japan,2022,1
Japan,2023,1
Japan,2024,1
Japan,2025,1
Kazakhstan,1789,0
Kazakhstan,1790,0
Kazakhstan,1791,0
Kazakhstan,1792,0
Kazakhstan,1793,0
Kazakhstan,1794,0
Kazakhstan,1795,0
Kazakhstan,1796,0
Kazakhstan,1797,0
Kazakhstan,1798,0
Kazakhstan,1799,0
Kazakhstan,1800,0
Kazakhstan,1801,0
Kazakhstan,1802,0
Kazakhstan,1803,0
Kazakhstan,1804,0
Kazakhstan,1805,0
Kazakhstan,1806,0
Kazakhstan,1807,0
Kazakhstan,1808,0
Kazakhstan,1809,0
Kazakhstan,1810,0
Kazakhstan,1811,0
Kazakhstan,1812,0
Kazakhstan,1813,0
Kazakhstan,1814,0
Kazakhstan,1815,0
Kazakhstan,1816,0
Kazakhstan,1817,0
Kazakhstan,1818,0
Kazakhstan,1819,0
Kazakhstan,1820,0
Kazakhstan,1821,0
Kazakhstan,1822,0
Kazakhstan,1823,0
Kazakhstan,1824,0
Kazakhstan,1825,0
Kazakhstan,1826,0
Kazakhstan,1827,0
Kazakhstan,1828,0
Kazakhstan,1829,0
Kazakhstan,1830,0
Kazakhstan,1831,0
Kazakhstan,1832,0
Kazakhstan,1833,0
Kazakhstan,1834,0
Kazakhstan,1835,0
Kazakhstan,1836,0
Kazakhstan,1837,0
Kazakhstan,1838,0
Kazakhstan,1839,0
Kazakhstan,1840,0
Kazakhstan,1841,0
Kazakhstan,1842,0
Kazakhstan,1843,0
Kazakhstan,1844,0
Kazakhstan,1845,0
Kazakhstan,1846,0
Kazakhstan,1847,0
Kazakhstan,1848,0
Kazakhstan,1849,0
Kazakhstan,1850,0
Kazakhstan,1851,0
Kazakhstan,1852,0
Kazakhstan,1853,0
Kazakhstan,1854,0
Kazakhstan,1855,0
Kazakhstan,1856,0
Kazakhstan,1857,0
Kazakhstan,1858,0
Kazakhstan,1859,0
Kazakhstan,1860,0
Kazakhstan,1861,0
Kazakhstan,1862,0
Kazakhstan,1863,0
Kazakhstan,1864,0
Kazakhstan,1865,0
Kazakhstan,1866,0
Kazakhstan,1867,0
Kazakhstan,1868,0
Kazakhstan,1869,0
Kazakhstan,1870,0
Kazakhstan,1871,0
Kazakhstan,1872,0
Kazakhstan,1873,0
Kazakhstan,1874,0
Kazakhstan,1875,0
Kazakhstan,1876,0
Kazakhstan,1877,0
Kazakhstan,1878,0
Kazakhstan,1879,0
Kazakhstan,1880,0
Kazakhstan,1881,0
Kazakhstan,1882,0
Kazakhstan,1883,0
Kazakhstan,1884,0
Kazakhstan,1885,0
Kazakhstan,1886,0
Kazakhstan,1887,0
Kazakhstan,1888,0
Kazakhstan,1889,0
Kazakhstan,1890,0
Kazakhstan,1891,0
Kazakhstan,1892,0
Kazakhstan,1893,0
Kazakhstan,1894,0
Kazakhstan,1895,0
Kazakhstan,1896,0
Kazakhstan,1897,0
Kazakhstan,1898,0
Kazakhstan,1899,0
Kazakhstan,1900,0
Kazakhstan,1901,0
Kazakhstan,1902,0
Kazakhstan,1903,0
Kazakhstan,1904,0
Kazakhstan,1905,0
Kazakhstan,1906,0
Kazakhstan,1907,0
Kazakhstan,1908,0
Kazakhstan,1909,0
Kazakhstan,1910,0
Kazakhstan,1911,0
Kazakhstan,1912,0
Kazakhstan,1913,0
Kazakhstan,1914,0
Kazakhstan,1915,0
Kazakhstan,1916,0
Kazakhstan,1917,0
Kazakhstan,1918,0
Kazakhstan,1919,0
Kazakhstan,1920,0
Kazakhstan,1921,0
Kazakhstan,1922,0
Kazakhstan,1923,0
Kazakhstan,1924,0
Kazakhstan,1925,0
Kazakhstan,1926,0
Kazakhstan,1927,0
Kazakhstan,1928,0
Kazakhstan,1929,0
Kazakhstan,1930,0
Kazakhstan,1931,0
Kazakhstan,1932,0
Kazakhstan,1933,0
Kazakhstan,1934,0
Kazakhstan,1935,0
Kazakhstan,1936,0
Kazakhstan,1937,0
Kazakhstan,1938,0
Kazakhstan,1939,0
Kazakhstan,1940,0
Kazakhstan,1941,0
Kazakhstan,1942,0
Kazakhstan,1943,0
Kazakhstan,1944,0
Kazakhstan,1945,0
Kazakhstan,1946,0
Kazakhstan,1947,0
Kazakhstan,1948,0
Kazakhstan,1949,0
Kazakhstan,1950,0
Kazakhstan,1951,0
Kazakhstan,1952,0
Kazakhstan,1953,0
Kazakhstan,1954,0
Kazakhstan,1955,0
Kazakhstan,1956,0
Kazakhstan,1957,0
Kazakhstan,1958,0
Kazakhstan,1959,0
Kazakhstan,1960,0
Kazakhstan,1961,0
Kazakhstan,1962,0
Kazakhstan,1963,0
Kazakhstan,1964,0
Kazakhstan,1965,0
Kazakhstan,1966,0
Kazakhstan,1967,0
Kazakhstan,1968,0
Kazakhstan,1969,0
Kazakhstan,1970,0
Kazakhstan,1971,0
Kazakhstan,1972,0
Kazakhstan,1973,0
Kazakhstan,1974,0
Kazakhstan,1975,0
Kazakhstan,1976,0
Kazakhstan,1977,0
Kazakhstan,1978,0
Kazakhstan,1979,0
Kazakhstan,1980,0
Kazakhstan,1981,0
Kazakhstan,1982,0
Kazakhstan,1983,0
Kazakhstan,1984,0
Kazakhstan,1985,0
Kazakhstan,1986,0
Kazakhstan,1987,0
Kazakhstan,1988,0
Kazakhstan,1989,0
Kazakhstan,1990,0
Kazakhstan,1991,0
Kazakhstan,1992,0
Kazakhstan,1993,0
Kazakhstan,1994,0
Kazakhstan,1995,0
Kazakhstan,1996,0
Kazakhstan,1997,0
Kazakhstan,1998,0
Kazakhstan,1999,0
Kazakhstan,2000,0
Kazakhstan,2001,0
Kazakhstan,2002,0
Kazakhstan,2003,0
Kazakhstan,2004,0
Kazakhstan,2005,0
Kazakhstan,2006,0
Kazakhstan,2007,0
Kazakhstan,2008,0
Kazakhstan,2009,0
Kazakhstan,2010,0
Kazakhstan,2011,0
Kazakhstan,2012,0
Kazakhstan,2013,0
Kazakhstan,2014,0
Kazakhstan,2015,0
Kazakhstan,2016,0
Kazakhstan,2017,0
Kazakhstan,2018,0
Kazakhstan,2019,0
Kazakhstan,2020,0
Kazakhstan,2021,0
Kazakhstan,2022,0
Kazakhstan,2023,0
Kazakhstan,2024,0
Kazakhstan,2025,0
Kuwait,1789,0
Kuwait,1790,0
Kuwait,1791,0
Kuwait,1792,0
Kuwait,1793,0
Kuwait,1794,0
Kuwait,1795,0
Kuwait,1796,0
Kuwait,1797,0
Kuwait,1798,0
Kuwait,1799,0
Kuwait,1800,0
Kuwait,1801,0
Kuwait,1802,0
Kuwait,1803,0
Kuwait,1804,0
Kuwait,1805,0
Kuwait,1806,0
Kuwait,1807,0
Kuwait,1808,0
Kuwait,1809,0
Kuwait,1810,0
Kuwait,1811,0
Kuwait,1812,0
Kuwait,1813,0
Kuwait,1814,0
Kuwait,1815,0
Kuwait,1816,0
Kuwait,1817,0
Kuwait,1818,0
Kuwait,1819,0
Kuwait,1820,0
Kuwait,1821,0
Kuwait,1822,0
Kuwait,1823,0
Kuwait,1824,0
Kuwait,1825,0
Kuwait,1826,0
Kuwait,1827,0
Kuwait,1828,0
Kuwait,1829,0
Kuwait,1830,0
Kuwait,1831,0
Kuwait,1832,0
Kuwait,1833,0
Kuwait,1834,0
Kuwait,1835,0
Kuwait,1836,0
Kuwait,1837,0
Kuwait,1838,0
Kuwait,1839,0
Kuwait,1840,0
Kuwait,1841,0
Kuwait,1842,0
Kuwait,1843,0
Kuwait,1844,0
Kuwait,1845,0
Kuwait,1846,0
Kuwait,1847,0
Kuwait,1848,0
Kuwait,1849,0
Kuwait,1850,0
Kuwait,1851,0
Kuwait,1852,0
Kuwait,1853,0
Kuwait,1854,0
Kuwait,1855,0
Kuwait,1856,0
Kuwait,1857,0
Kuwait,1858,0
Kuwait,1859,0
Kuwait,1860,0
Kuwait,1861,0
Kuwait,1862,0
Kuwait,1863,0
Kuwait,1864,0
Kuwait,1865,0
Kuwait,1866,0
Kuwait,1867,0
Kuwait,1868,0
Kuwait,1869,0
Kuwait,1870,0
Kuwait,1871,0
Kuwait,1872,0
Kuwait,1873,0
Kuwait,1874,0
Kuwait,1875,0
Kuwait,1876,0
Kuwait,1877,0
Kuwait,1878,0
Kuwait,1879,0
Kuwait,1880,0
Kuwait,1881,0
Kuwait,1882,0
Kuwait,1883,0
Kuwait,1884,0
Kuwait,1885,0
Kuwait,1886,0
Kuwait,1887,0
Kuwait,1888,0
Kuwait,1889,0
Kuwait,1890,0
Kuwait,1891,0
Kuwait,1892,0
Kuwait,1893,0
Kuwait,1894,0
Kuwait,1895,0
Kuwait,1896,0
Kuwait,1897,0
Kuwait,1898,0
Kuwait,1899,0
Kuwait,1900,0
Kuwait,1901,0
Kuwait,1902,0
Kuwait,1903,0
Kuwait,1904,0
Kuwait,1905,0
Kuwait,1906,0
Kuwait,1907,0
Kuwait,1908,0
Kuwait,1909,0
Kuwait,1910,0
Kuwait,1911,0
Kuwait,1912,0
Kuwait,1913,0
Kuwait,1914,0
Kuwait,1915,0
Kuwait,1916,0
Kuwait,1917,0
Kuwait,1918,0
Kuwait,1919,0
Kuwait,1920,0
Kuwait,1921,0
Kuwait,1922,0
Kuwait,1923,0
Kuwait,1924,0
Kuwait,1925,0
Kuwait,1926,0
Kuwait,1927,0
Kuwait,1928,0
Kuwait,1929,0
Kuwait,1930,0
Kuwait,1931,0
Kuwait,1932,0
Kuwait,1933,0
Kuwait,1934,0
Kuwait,1935,0
Kuwait,1936,0
Kuwait,1937,0
Kuwait,1938,0
Kuwait,1939,0
Kuwait,1940,0
Kuwait,1941,0
Kuwait,1942,0
Kuwait,1943,0
Kuwait,1944,0
Kuwait,1945,0
Kuwait,1946,0
Kuwait,1947,0
Kuwait,1948,0
Kuwait,1949,0
Kuwait,1950,0
Kuwait,1951,0
Kuwait,1952,0
Kuwait,1953,0
Kuwait,1954,0
Kuwait,1955,0
Kuwait,1956,0
Kuwait,1957,0
Kuwait,1958,0
Kuwait,1959,0
Kuwait,1960,0
Kuwait,1961,0
Kuwait,1962,0
Kuwait,1963,0
Kuwait,1964,0
Kuwait,1965,0
Kuwait,1966,0
Kuwait,1967,0
Kuwait,1968,0
Kuwait,1969,0
Kuwait,1970,0
Kuwait,1971,0
Kuwait,1972,0
Kuwait,1973,0
Kuwait,1974,0
Kuwait,1975,0
Kuwait,1976,0
Kuwait,1977,0
Kuwait,1978,0
Kuwait,1979,0
Kuwait,1980,0
Kuwait,1981,0
Kuwait,1982,0
Kuwait,1983,0
Kuwait,1984,0
Kuwait,1985,0
Kuwait,1986,0
Kuwait,1987,0
Kuwait,1988,0
Kuwait,1989,0
Kuwait,1990,0
Kuwait,1991,0
Kuwait,1992,0
Kuwait,1993,0
Kuwait,1994,0
Kuwait,1995,0
Kuwait,1996,0
Kuwait,1997,0
Kuwait,1998,0
Kuwait,1999,0
Kuwait,2000,0
Kuwait,2001,0
Kuwait,2002,0
Kuwait,2003,0
Kuwait,2004,0
Kuwait,2005,0
Kuwait,2006,0
Kuwait,2007,0
Kuwait,2008,0
Kuwait,2009,0
Kuwait,2010,0
Kuwait,2011,0
Kuwait,2012,0
Kuwait,2013,0
Kuwait,2014,0
Kuwait,2015,0
Kuwait,2016,0
Kuwait,2017,0
Kuwait,2018,0
Kuwait,2019,0
Kuwait,2020,0
Kuwait,2021,0
Kuwait,2022,0
Kuwait,2023,0
Kuwait,2024,0
Kuwait,2025,0
Latvia,1789,0
Latvia,1790,0
Latvia,1791,0
Latvia,1792,0
Latvia,1793,0
Latvia,1794,0
Latvia,1795,0
Latvia,1796,0
Latvia,1797,0
Latvia,1798,0
Latvia,1799,0
Latvia,1800,0
Latvia,1801,0
Latvia,1802,0
Latvia,1803,0
Latvia,1804,0
Latvia,1805,0
Latvia,1806,0
Latvia,1807,0
Latvia,1808,0
Latvia,1809,0
Latvia,1810,0
Latvia,1811,0
Latvia,1812,0
Latvia,1813,0
Latvia,1814,0
Latvia,1815,0
Latvia,1816,0
Latvia,1817,0
Latvia,1818,0
Latvia,1819,0
Latvia,1820,0
Latvia,1821,0
Latvia,1822,0
Latvia,1823,0
Latvia,1824,0
Latvia,1825,0
Latvia,1826,0
Latvia,1827,0
Latvia,1828,0
Latvia,1829,0
Latvia,1830,0
Latvia,1831,0
Latvia,1832,0
Latvia,1833,0
Latvia,1834,0
Latvia,1835,0
Latvia,1836,0
Latvia,1837,0
Latvia,1838,0
Latvia,1839,0
Latvia,1840,0
Latvia,1841,0
Latvia,1842,0
Latvia,1843,0
Latvia,1844,0
Latvia,1845,0
Latvia,1846,0
Latvia,1847,0
Latvia,1848,0
Latvia,1849,0
Latvia,1850,0
Latvia,1851,0
Latvia,1852,0
Latvia,1853,0
Latvia,1854,0
Latvia,1855,0
Latvia,1856,0
Latvia,1857,0
Latvia,1858,0
Latvia,1859,0
Latvia,1860,0
Latvia,1861,0
Latvia,1862,0
Latvia,1863,0
Latvia,1864,0
Latvia,1865,0
Latvia,1866,0
Latvia,1867,0
Latvia,1868,0
Latvia,1869,0
Latvia,1870,0
Latvia,1871,0
Latvia,1872,0
Latvia,1873,0
Latvia,1874,0
Latvia,1875,0
Latvia,1876,0
Latvia,1877,0
Latvia,1878,0
Latvia,1879,0
Latvia,1880,0
Latvia,1881,0
Latvia,1882,0
Latvia,1883,0
Latvia,1884,0
Latvia,1885,0
Latvia,1886,0
Latvia,1887,0
Latvia,1888,0
Latvia,1889,0
Latvia,1890,0
Latvia,1891,0
Latvia,1892,0
Latvia,1893,0
Latvia,1894,0
Latvia,1895,0
Latvia,1896,0
Latvia,1897,0
Latvia,1898,0
Latvia,1899,0
Latvia,1900,0
Latvia,1901,0
Latvia,1902,0
Latvia,1903,0
Latvia,1904,0
Latvia,1905,0
Latvia,1906,0
Latvia,1907,0
Latvia,1908,0
Latvia,1909,0
Latvia,1910,0
Latvia,1911,0
Latvia,1912,0
Latvia,1913,0
Latvia,1914,0
Latvia,1915,0
Latvia,1916,0
Latvia,1917,0
Latvia,1918,0
Latvia,1919,0
Latvia,1920,0
Latvia,1921,0
Latvia,1922,0
Latvia,1923,1
Latvia,1924,1
Latvia,1925,1
Latvia,1926,1
Latvia,1927,1
Latvia,1928,1
Latvia,1929,1
Latvia,1930,1
Latvia,1931,1
Latvia,1932,1
Latvia,1933,1
Latvia,1934,0
Latvia,1935,0
Latvia,1936,0
Latvia,1937,0
Latvia,1938,0
Latvia,1939,0
Latvia,1940,0
Latvia,1941,0
Latvia,1942,0
Latvia,1943,0
Latvia,1944,0
Latvia,1945,0
Latvia,1946,0
Latvia,1947,0
Latvia,1948,0
Latvia,1949,0
Latvia,1950,0
Latvia,1951,0
Latvia,1952,0
Latvia,1953,0
Latvia,1954,0
Latvia,1955,0
Latvia,1956,0
Latvia,1957,0
Latvia,1958,0
Latvia,1959,0
Latvia,1960,0
Latvia,1961,0
Latvia,1962,0
Latvia,1963,0
Latvia,1964,0
Latvia,1965,0
Latvia,1966,0
Latvia,1967,0
Latvia,1968,0
Latvia,1969,0
Latvia,1970,0
Latvia,1971,0
Latvia,1972,0
Latvia,1973,0
Latvia,1974,0
Latvia,1975,0
Latvia,1976,0
Latvia,1977,0
Latvia,1978,0
Latvia,1979,0
Latvia,1980,0
Latvia,1981,0
Latvia,1982,0
Latvia,1983,0
Latvia,1984,0
Latvia,1985,0
Latvia,1986,0
Latvia,1987,0
Latvia,1988,0
Latvia,1989,0
Latvia,1990,1
Latvia,1991,1
Latvia,1992,1
Latvia,1993,1
Latvia,1994,1
Latvia,1995,1
Latvia,1996,1
Latvia,1997,1
Latvia,1998,1
Latvia,1999,1
Latvia,2000,1
Latvia,2001,1
Latvia,2002,1
Latvia,2003,1
Latvia,2004,1
Latvia,2005,1
Latvia,2006,1
Latvia,2007,1
Latvia,2008,1
Latvia,2009,1
Latvia,2010,1
Latvia,2011,1
Latvia,2012,1
Latvia,2013,1
Latvia,2014,1
Latvia,2015,1
Latvia,2016,1
Latvia,2017,1
Latvia,2018,1
Latvia,2019,1
Latvia,2020,1
Latvia,2021,1
Latvia,2022,1
Latvia,2023,1
Latvia,2024,1
Latvia,2025,1
Morocco,1789,0
Morocco,1790,0
Morocco,1791,0
Morocco,1792,0
Morocco,1793,0
Morocco,1794,0
Morocco,1795,0
Morocco,1796,0
Morocco,1797,0
Morocco,1798,0
Morocco,1799,0
Morocco,1800,0
Morocco,1801,0
Morocco,1802,0
Morocco,1803,0
Morocco,1804,0
Morocco,1805,0
Morocco,1806,0
Morocco,1807,0
Morocco,1808,0
Morocco,1809,0
Morocco,1810,0
Morocco,1811,0
Morocco,1812,0
Morocco,1813,0
Morocco,1814,0
Morocco,1815,0
Morocco,1816,0
Morocco,1817,0
Morocco,1818,0
Morocco,1819,0
Morocco,1820,0
Morocco,1821,0
Morocco,1822,0
Morocco,1823,0
Morocco,1824,0
Morocco,1825,0
Morocco,1826,0
Morocco,1827,0
Morocco,1828,0
Morocco,1829,0
Morocco,1830,0
Morocco,1831,0
Morocco,1832,0
Morocco,1833,0
Morocco,1834,0
Morocco,1835,0
Morocco,1836,0
Morocco,1837,0
Morocco,1838,0
Morocco,1839,0
Morocco,1840,0
Morocco,1841,0
Morocco,1842,0
Morocco,1843,0
Morocco,1844,0
Morocco,1845,0
Morocco,1846,0
Morocco,1847,0
Morocco,1848,0
Morocco,1849,0
Morocco,1850,0
Morocco,1851,0
Morocco,1852,0
Morocco,1853,0
Morocco,1854,0
Morocco,1855,0
Morocco,1856,0
Morocco,1857,0
Morocco,1858,0
Morocco,1859,0
Morocco,1860,0
Morocco,1861,0
Morocco,1862,0
Morocco,1863,0
Morocco,1864,0
Morocco,1865,0
Morocco,1866,0
Morocco,1867,0
Morocco,1868,0
Morocco,1869,0
Morocco,1870,0
Morocco,1871,0
Morocco,1872,0
Morocco,1873,0
Morocco,1874,0
Morocco,1875,0
Morocco,1876,0
Morocco,1877,0
Morocco,1878,0
Morocco,1879,0
Morocco,1880,0
Morocco,1881,0
Morocco,1882,0
Morocco,1883,0
Morocco,1884,0
Morocco,1885,0
Morocco,1886,0
Morocco,1887,0
Morocco,1888,0
Morocco,1889,0
Morocco,1890,0
Morocco,1891,0
Morocco,1892,0
Morocco,1893,0
Morocco,1894,0
Morocco,1895,0
Morocco,1896,0
Morocco,1897,0
Morocco,1898,0
Morocco,1899,0
Morocco,1900,0
Morocco,1901,0
Morocco,1902,0
Morocco,1903,0
Morocco,1904,0
Morocco,1905,0
Morocco,1906,0
Morocco,1907,0
Morocco,1908,0
Morocco,1909,0
Morocco,1910,0
Morocco,1911,0
Morocco,1912,0
Morocco,1913,0
Morocco,1914,0
Morocco,1915,0
Morocco,1916,0
Morocco,1917,0
Morocco,1918,0
Morocco,1919,0
Morocco,1920,0
Morocco,1921,0
Morocco,1922,0
Morocco,1923,0
Morocco,1924,0
Morocco,1925,0
Morocco,1926,0
Morocco,1927,0
Morocco,1928,0
Morocco,1929,0
Morocco,1930,0
Morocco,1931,0
Morocco,1932,0
Morocco,1933,0
Morocco,1934,0
Morocco,1935,0
Morocco,1936,0
Morocco,1937,0
Morocco,1938,0
Morocco,1939,0
Morocco,1940,0
Morocco,1941,0
Morocco,1942,0
Morocco,1943,0
Morocco,1944,0
Morocco,1945,0
Morocco,1946,0
Morocco,1947,0
Morocco,1948,0
Morocco,1949,0
Morocco,1950,0
Morocco,1951,0
Morocco,1952,0
Morocco,1953,0
Morocco,1954,0
Morocco,1955,0
Morocco,1956,0
Morocco,1957,0
Morocco,1958,0
Morocco,1959,0
Morocco,1960,0
Morocco,1961,0
Morocco,1962,0
Morocco,1963,0
Morocco,1964,0
Morocco,1965,0
Morocco,1966,0
Morocco,1967,0
Morocco,1968,0
Morocco,1969,0
Morocco,1970,0
Morocco,1971,0
Morocco,1972,0
Morocco,1973,0
Morocco,1974,0
Morocco,1975,0
Morocco,1976,0
Morocco,1977,0
Morocco,1978,0
Morocco,1979,0
Morocco,1980,0
Morocco,1981,0
Morocco,1982,0
Morocco,1983,0
Morocco,1984,0
Morocco,1985,0
Morocco,1986,0
Morocco,1987,0
Morocco,1988,0
Morocco,1989,0
Morocco,1990,0
Morocco,1991,0
Morocco,1992,0
Morocco,1993,0
Morocco,1994,0
Morocco,1995,0
Morocco,1996,0
Morocco,1997,0
Morocco,1998,0
Morocco,1999,0
Morocco,2000,0
Morocco,2001,0
Morocco,2002,0
Morocco,2003,0
Morocco,2004,0
Morocco,2005,0
Morocco,2006,0
Morocco,2007,0
Morocco,2008,0
Morocco,2009,0
Morocco,2010,0
Morocco,2011,0
Morocco,2012,0
Morocco,2013,0
Morocco,2014,0
Morocco,2015,0
Morocco,2016,0
Morocco,2017,0
Morocco,2018,0
Morocco,2019,0
Morocco,2020,0
Morocco,2021,0
Morocco,2022,0
Morocco,2023,0
Morocco,2024,0
Morocco,2025,0
Myanmar,1789,0
Myanmar,1790,0
Myanmar,1791,0
Myanmar,1792,0
Myanmar,1793,0
Myanmar,1794,0
Myanmar,1795,0
Myanmar,1796,0
Myanmar,1797,0
Myanmar,1798,0
Myanmar,1799,0
Myanmar,1800,0
Myanmar,1801,0
Myanmar,1802,0
Myanmar,1803,0
Myanmar,1804,0
Myanmar,1805,0
Myanmar,1806,0
Myanmar,1807,0
Myanmar,1808,0
Myanmar,1809,0
Myanmar,1810,0
Myanmar,1811,0
Myanmar,1812,0
Myanmar,1813,0
Myanmar,1814,0
Myanmar,1815,0
Myanmar,1816,0
Myanmar,1817,0
Myanmar,1818,0
Myanmar,1819,0
Myanmar,1820,0
Myanmar,1821,0
Myanmar,1822,0
Myanmar,1823,0
Myanmar,1824,0
Myanmar,1825,0
Myanmar,1826,0
Myanmar,1827,0
Myanmar,1828,0
Myanmar,1829,0
Myanmar,1830,0
Myanmar,1831,0
Myanmar,1832,0
Myanmar,1833,0
Myanmar,1834,0
Myanmar,1835,0
Myanmar,1836,0
Myanmar,1837,0
Myanmar,1838,0
Myanmar,1839,0
Myanmar,1840,0
Myanmar,1841,0
Myanmar,1842,0
Myanmar,1843,0
Myanmar,1844,0
Myanmar,1845,0
Myanmar,1846,0
Myanmar,1847,0
Myanmar,1848,0
Myanmar,1849,0
Myanmar,1850,0
Myanmar,1851,0
Myanmar,1852,0
Myanmar,1853,0
Myanmar,1854,0
Myanmar,1855,0
Myanmar,1856,0
Myanmar,1857,0
Myanmar,1858,0
Myanmar,1859,0
Myanmar,1860,0
Myanmar,1861,0
Myanmar,1862,0
Myanmar,1863,0
Myanmar,1864,0
Myanmar,1865,0
Myanmar,1866,0
Myanmar,1867,0
Myanmar,1868,0
Myanmar,1869,0
Myanmar,1870,0
Myanmar,1871,0
Myanmar,1872,0
Myanmar,1873,0
Myanmar,1874,0
Myanmar,1875,0
Myanmar,1876,0
Myanmar,1877,0
Myanmar,1878,0
Myanmar,1879,0
Myanmar,1880,0
Myanmar,1881,0
Myanmar,1882,0
Myanmar,1883,0
Myanmar,1884,0
Myanmar,1885,0
Myanmar,1886,0
Myanmar,1887,0
Myanmar,1888,0
Myanmar,1889,0
Myanmar,1890,0
Myanmar,1891,0
Myanmar,1892,0
Myanmar,1893,0
Myanmar,1894,0
Myanmar,1895,0
Myanmar,1896,0
Myanmar,1897,0
Myanmar,1898,0
Myanmar,1899,0
Myanmar,1900,0
Myanmar,1901,0
Myanmar,1902,0
Myanmar,1903,0
Myanmar,1904,0
Myanmar,1905,0
Myanmar,1906,0
Myanmar,1907,0
Myanmar,1908,0
Myanmar,1909,0
Myanmar,1910,0
Myanmar,1911,0
Myanmar,1912,0
Myanmar,1913,0
Myanmar,1914,0
Myanmar,1915,0
Myanmar,1916,0
Myanmar,1917,0
Myanmar,1918,0
Myanmar,1919,0
Myanmar,1920,0
Myanmar,1921,0
Myanmar,1922,0
Myanmar,1923,0
Myanmar,1924,0
Myanmar,1925,0
Myanmar,1926,0
Myanmar,1927,0
Myanmar,1928,0
Myanmar,1929,0
Myanmar,1930,0
Myanmar,1931,0
Myanmar,1932,0
Myanmar,1933,0
Myanmar,1934,0
Myanmar,1935,0
Myanmar,1936,0
Myanmar,1937,0
Myanmar,1938,0
Myanmar,1939,0
Myanmar,1940,0
Myanmar,1941,0
Myanmar,1942,0
Myanmar,1943,0
Myanmar,1944,0
Myanmar,1945,0
Myanmar,1946,0
Myanmar,1947,0
Myanmar,1948,0
Myanmar,1949,0
Myanmar,1950,0
Myanmar,1951,0
Myanmar,1952,0
Myanmar,1953,0
Myanmar,1954,0
Myanmar,1955,0
Myanmar,1956,0
Myanmar,1957,0
Myanmar,1958,0
Myanmar,1959,0
Myanmar,1960,0
Myanmar,1961,0
Myanmar,1962,0
Myanmar,1963,0
Myanmar,1964,0
Myanmar,1965,0
Myanmar,1966,0
Myanmar,1967,0
Myanmar,1968,0
Myanmar,1969,0
Myanmar,1970,0
Myanmar,1971,0
Myanmar,1972,0
Myanmar,1973,0
Myanmar,1974,0
Myanmar,1975,0
Myanmar,1976,0
Myanmar,1977,0
Myanmar,1978,0
Myanmar,1979,0
Myanmar,1980,0
Myanmar,1981,0
Myanmar,1982,0
Myanmar,1983,0
Myanmar,1984,0
Myanmar,1985,0
Myanmar,1986,0
Myanmar,1987,0
Myanmar,1988,0
Myanmar,1989,0
Myanmar,1990,0
Myanmar,1991,0
Myanmar,1992,0
Myanmar,1993,0
Myanmar,1994,0
Myanmar,1995,0
Myanmar,1996,0
Myanmar,1997,0
Myanmar,1998,0
Myanmar,1999,0
Myanmar,2000,0
Myanmar,2001,0
Myanmar,2002,0
Myanmar,2003,0
Myanmar,2004,0
Myanmar,2005,0
Myanmar,2006,0
Myanmar,2007,0
Myanmar,2008,0
Myanmar,2009,0
Myanmar,2010,0
Myanmar,2011,0
Myanmar,2012,0
Myanmar,2013,0
Myanmar,2014,0
Myanmar,2015,0
Myanmar,2016,0
Myanmar,2017,0
Myanmar,2018,0
Myanmar,2019,0
Myanmar,2020,0
Myanmar,2021,0
Myanmar,2022,0
Myanmar,2023,0
Myanmar,2024,0
Myanmar,2025,0
Nepal,1789,0
Nepal,1790,0
Nepal,1791,0
Nepal,1792,0
Nepal,1793,0
Nepal,1794,0
Nepal,1795,0
Nepal,1796,0
Nepal,1797,0
Nepal,1798,0
Nepal,1799,0
Nepal,1800,0
Nepal,1801,0
Nepal,1802,0
Nepal,1803,0
Nepal,1804,0
Nepal,1805,0
Nepal,1806,0
Nepal,1807,0
Nepal,1808,0
Nepal,1809,0
Nepal,1810,0
Nepal,1811,0
Nepal,1812,0
Nepal,1813,0
Nepal,1814,0
Nepal,1815,0
Nepal,1816,0
Nepal,1817,0
Nepal,1818,0
Nepal,1819,0
Nepal,1820,0
Nepal,1821,0
Nepal,1822,0
Nepal,1823,0
Nepal,1824,0
Nepal,1825,0
Nepal,1826,0
Nepal,1827,0
Nepal,1828,0
Nepal,1829,0
Nepal,1830,0
Nepal,1831,0
Nepal,1832,0
Nepal,1833,0
Nepal,1834,0
Nepal,1835,0
Nepal,1836,0
Nepal,1837,0
Nepal,1838,0
Nepal,1839,0
Nepal,1840,0
Nepal,1841,0
Nepal,1842,0
Nepal,1843,0
Nepal,1844,0
Nepal,1845,0
Nepal,1846,0
Nepal,1847,0
Nepal,1848,0
Nepal,1849,0
Nepal,1850,0
Nepal,1851,0
Nepal,1852,0
Nepal,1853,0
Nepal,1854,0
Nepal,1855,0
Nepal,1856,0
Nepal,1857,0
Nepal,1858,0
Nepal,1859,0
Nepal,1860,0
Nepal,1861,0
Nepal,1862,0
Nepal,1863,0
Nepal,1864,0
Nepal,1865,0
Nepal,1866,0
Nepal,1867,0
Nepal,1868,0
Nepal,1869,0
Nepal,1870,0
Nepal,1871,0
Nepal,1872,0
Nepal,1873,0
Nepal,1874,0
Nepal,1875,0
Nepal,1876,0
Nepal,1877,0
Nepal,1878,0
Nepal,1879,0
Nepal,1880,0
Nepal,1881,0
Nepal,1882,0
Nepal,1883,0
Nepal,1884,0
Nepal,1885,0
Nepal,1886,0
Nepal,1887,0
Nepal,1888,0
Nepal,1889,0
Nepal,1890,0
Nepal,1891,0
Nepal,1892,0
Nepal,1893,0
Nepal,1894,0
Nepal,1895,0
Nepal,1896,0
Nepal,1897,0
Nepal,1898,0
Nepal,1899,0
Nepal,1900,0
Nepal,1901,0
Nepal,1902,0
Nepal,1903,0
Nepal,1904,0
Nepal,1905,0
Nepal,1906,0
Nepal,1907,0
Nepal,1908,0
Nepal,1909,0
Nepal,1910,0
Nepal,1911,0
Nepal,1912,0
Nepal,1913,0
Nepal,1914,0
Nepal,1915,0
Nepal,1916,0
Nepal,1917,0
Nepal,1918,0
Nepal,1919,0
Nepal,1920,0
Nepal,1921,0
Nepal,1922,0
Nepal,1923,0
Nepal,1924,0
Nepal,1925,0
Nepal,1926,0
Nepal,1927,0
Nepal,1928,0
Nepal,1929,0
Nepal,1930,0
Nepal,1931,0
Nepal,1932,0
Nepal,1933,0
Nepal,1934,0
Nepal,1935,0
Nepal,1936,0
Nepal,1937,0
Nepal,1938,0
Nepal,1939,0
Nepal,1940,0
Nepal,1941,0
Nepal,1942,0
Nepal,1943,0
Nepal,1944,0
Nepal,1945,0
Nepal,1946,0
Nepal,1947,0
Nepal,1948,0
Nepal,1949,0
Nepal,1950,0
Nepal,1951,0
Nepal,1952,0
Nepal,1953,0
Nepal,1954,0
Nepal,1955,0
Nepal,1956,0
Nepal,1957,0
Nepal,1958,0
Nepal,1959,0
Nepal,1960,0
Nepal,1961,0
Nepal,1962,0
Nepal,1963,0
Nepal,1964,0
Nepal,1965,0
Nepal,1966,0
Nepal,1967,0
Nepal,1968,0
Nepal,1969,0
Nepal,1970,0
Nepal,1971,0
Nepal,1972,0
Nepal,1973,0
Nepal,1974,0
Nepal,1975,0
Nepal,1976,0
Nepal,1977,0
Nepal,1978,0
Nepal,1979,0
Nepal,1980,0
Nepal,1981,0
Nepal,1982,0
Nepal,1983,0
Nepal,1984,0
Nepal,1985,0
Nepal,1986,0
Nepal,1987,0
Nepal,1988,0
Nepal,1989,0
Nepal,1990,0
Nepal,1991,0
Nepal,1992,0
Nepal,1993,0
Nepal,1994,0
Nepal,1995,0
Nepal,1996,0
Nepal,1997,0
Nepal,1998,0
Nepal,1999,0
Nepal,2000,0
Nepal,2001,0
Nepal,2002,0
Nepal,2003,0
Nepal,2004,0
Nepal,2005,0
Nepal,2006,0
Nepal,2007,0
Nepal,2008,0
Nepal,2009,1
Nepal,2010,1
Nepal,2011,1
Nepal,2012,0
Nepal,2013,0
Nepal,2014,1
Nepal,2015,1
Nepal,2016,1
Nepal,2017,1
Nepal,2018,1
Nepal,2019,1
Nepal,2020,1
Nepal,2021,1
Nepal,2022,1
Nepal,2023,1
Nepal,2024,1
Nepal,2025,1
Netherlands,1789,0
Netherlands,1790,0
Netherlands,1791,0
Netherlands,1792,0
Netherlands,1793,0
Netherlands,1794,0
Netherlands,1795,0
Netherlands,1796,0
Netherlands,1797,0
Netherlands,1798,0
Netherlands,1799,0
Netherlands,1800,0
Netherlands,1801,0
Netherlands,1802,0
Netherlands,1803,0
Netherlands,1804,0
Netherlands,1805,0
Netherlands,1806,0
Netherlands,1807,0
Netherlands,1808,0
Netherlands,1809,0
Netherlands,1810,0
Netherlands,1811,0
Netherlands,1812,0
Netherlands,1813,0
Netherlands,1814,0
Netherlands,1815,0
Netherlands,1816,0
Netherlands,1817,0
Netherlands,1818,0
Netherlands,1819,0
Netherlands,1820,0
Netherlands,1821,0
Netherlands,1822,0
Netherlands,1823,0
Netherlands,1824,0
Netherlands,1825,0
Netherlands,1826,0
Netherlands,1827,0
Netherlands,1828,0
Netherlands,1829,0
Netherlands,1830,0
Netherlands,1831,0
Netherlands,1832,0
Netherlands,1833,0
Netherlands,1834,0
Netherlands,1835,0
Netherlands,1836,0
Netherlands,1837,0
Netherlands,1838,0
Netherlands,1839,0
Netherlands,1840,0
Netherlands,1841,0
Netherlands,1842,0
Netherlands,1843,0
Netherlands,1844,0
Netherlands,1845,0
Netherlands,1846,0
Netherlands,1847,0
Netherlands,1848,0
Netherlands,1849,0
Netherlands,1850,0
Netherlands,1851,0
Netherlands,1852,0
Netherlands,1853,0
Netherlands,1854,0
Netherlands,1855,0
Netherlands,1856,0
Netherlands,1857,0
Netherlands,1858,0
Netherlands,1859,0
Netherlands,1860,0
Netherlands,1861,0
Netherlands,1862,0
Netherlands,1863,0
Netherlands,1864,0
Netherlands,1865,0
Netherlands,1866,0
Netherlands,1867,0
Netherlands,1868,0
Netherlands,1869,0
Netherlands,1870,0
Netherlands,1871,0
Netherlands,1872,0
Netherlands,1873,0
Netherlands,1874,0
Netherlands,1875,0
Netherlands,1876,0
Netherlands,1877,0
Netherlands,1878,0
Netherlands,1879,0
Netherlands,1880,0
Netherlands,1881,0
Netherlands,1882,0
Netherlands,1883,0
Netherlands,1884,0
Netherlands,1885,0
Netherlands,1886,0
Netherlands,1887,0
Netherlands,1888,0
Netherlands,1889,0
Netherlands,1890,0
Netherlands,1891,0
Netherlands,1892,0
Netherlands,1893,0
Netherlands,1894,0
Netherlands,1895,0
Netherlands,1896,0
Netherlands,1897,0
Netherlands,1898,0
Netherlands,1899,0
Netherlands,1900,0
Netherlands,1901,0
Netherlands,1902,0
Netherlands,1903,0
Netherlands,1904,0
Netherlands,1905,0
Netherlands,1906,0
Netherlands,1907,0
Netherlands,1908,0
Netherlands,1909,0
Netherlands,1910,0
Netherlands,1911,0
Netherlands,1912,0
Netherlands,1913,0
Netherlands,1914,0
Netherlands,1915,0
Netherlands,1916,0
Netherlands,1917,0
Netherlands,1918,1
Netherlands,1919,1
Netherlands,1920,1
Netherlands,1921,1
Netherlands,1922,1
Netherlands,1923,1
Netherlands,1924,1
Netherlands,1925,1
Netherlands,1926,1
Netherlands,1927,1
Netherlands,1928,1
Netherlands,1929,1
Netherlands,1930,1
Netherlands,1931,1
Netherlands,1932,1
Netherlands,1933,1
Netherlands,1934,1
Netherlands,1935,1
Netherlands,1936,1
Netherlands,1937,1
Netherlands,1938,1
Netherlands,1939,1
Netherlands,1940,0
Netherlands,1941,0
Netherlands,1942,0
Netherlands,1943,0
Netherlands,1944,0
Netherlands,1945,0
Netherlands,1946,1
Netherlands,1947,1
Netherlands,1948,1
Netherlands,1949,1
Netherlands,1950,1
Netherlands,1951,1
Netherlands,1952,1
Netherlands,1953,1
Netherlands,1954,1
Netherlands,1955,1
Netherlands,1956,1
Netherlands,1957,1
Netherlands,1958,1
Netherlands,1959,1
Netherlands,1960,1
Netherlands,1961,1
Netherlands,1962,1
Netherlands,1963,1
Netherlands,1964,1
Netherlands,1965,1
Netherlands,1966,1
Netherlands,1967,1
Netherlands,1968,1
Netherlands,1969,1
Netherlands,1970,1
Netherlands,1971,1
Netherlands,1972,1
Netherlands,1973,1
Netherlands,1974,1
Netherlands,1975,1
Netherlands,1976,1
Netherlands,1977,1
Netherlands,1978,1
Netherlands,1979,1
Netherlands,1980,1
Netherlands,1981,1
Netherlands,1982,1
Netherlands,1983,1
Netherlands,1984,1
Netherlands,1985,1
Netherlands,1986,1
Netherlands,1987,1
Netherlands,1988,1
Netherlands,1989,1
Netherlands,1990,1
Netherlands,1991,1
Netherlands,1992,1
Netherlands,1993,1
Netherlands,1994,1
Netherlands,1995,1
Netherlands,1996,1
Netherlands,1997,1
Netherlands,1998,1
Netherlands,1999,1
Netherlands,2000,1
Netherlands,2001,1
Netherlands,2002,1
Netherlands,2003,1
Netherlands,2004,1
Netherlands,2005,1
Netherlands,2006,1
Netherlands,2007,1
Netherlands,2008,1
Netherlands,2009,1
Netherlands,2010,1
Netherlands,2011,1
Netherlands,2012,1
Netherlands,2013,1
Netherlands,2014,1
Netherlands,2015,1
Netherlands,2016,1
Netherlands,2017,1
Netherlands,2018,1
Netherlands,2019,1
Netherlands,2020,1
Netherlands,2021,1
Netherlands,2022,1
Netherlands,2023,1
Netherlands,2024,1
Netherlands,2025,1
Portugal,1789,0
Portugal,1790,0
Portugal,1791,0
Portugal,1792,0
Portugal,1793,0
Portugal,1794,0
Portugal,1795,0
Portugal,1796,0
Portugal,1797,0
Portugal,1798,0
Portugal,1799,0
Portugal,1800,0
Portugal,1801,0
Portugal,1802,0
Portugal,1803,0
Portugal,1804,0
Portugal,1805,0
Portugal,1806,0
Portugal,1807,0
Portugal,1808,0
Portugal,1809,0
Portugal,1810,0
Portugal,1811,0
Portugal,1812,0
Portugal,1813,0
Portugal,1814,0
Portugal,1815,0
Portugal,1816,0
Portugal,1817,0
Portugal,1818,0
Portugal,1819,0
Portugal,1820,0
Portugal,1821,0
Portugal,1822,0
Portugal,1823,0
Portugal,1824,0
Portugal,1825,0
Portugal,1826,0
Portugal,1827,0
Portugal,1828,0
Portugal,1829,0
Portugal,1830,0
Portugal,1831,0
Portugal,1832,0
Portugal,1833,0
Portugal,1834,0
Portugal,1835,0
Portugal,1836,0
Portugal,1837,0
Portugal,1838,0
Portugal,1839,0
Portugal,1840,0
Portugal,1841,0
Portugal,1842,0
Portugal,1843,0
Portugal,1844,0
Portugal,1845,0
Portugal,1846,0
Portugal,1847,0
Portugal,1848,0
Portugal,1849,0
Portugal,1850,0
Portugal,1851,0
Portugal,1852,0
Portugal,1853,0
Portugal,1854,0
Portugal,1855,0
Portugal,1856,0
Portugal,1857,0
Portugal,1858,0
Portugal,1859,0
Portugal,1860,0
Portugal,1861,0
Portugal,1862,0
Portugal,1863,0
Portugal,1864,0
Portugal,1865,0
Portugal,1866,0
Portugal,1867,0
Portugal,1868,0
Portugal,1869,0
Portugal,1870,0
Portugal,1871,0
Portugal,1872,0
Portugal,1873,0
Portugal,1874,0
Portugal,1875,0
Portugal,1876,0
Portugal,1877,0
Portugal,1878,0
Portugal,1879,0
Portugal,1880,0
Portugal,1881,0
Portugal,1882,0
Portugal,1883,0
Portugal,1884,0
Portugal,1885,0
Portugal,1886,0
Portugal,1887,0
Portugal,1888,0
Portugal,1889,0
Portugal,1890,0
Portugal,1891,0
Portugal,1892,0
Portugal,1893,0
Portugal,1894,0
Portugal,1895,0
Portugal,1896,0
Portugal,1897,0
Portugal,1898,0
Portugal,1899,0
Portugal,1900,0
Portugal,1901,0
Portugal,1902,0
Portugal,1903,0
Portugal,1904,0
Portugal,1905,0
Portugal,1906,0
Portugal,1907,0
Portugal,1908,0
Portugal,1909,0
Portugal,1910,0
Portugal,1911,0
Portugal,1912,0
Portugal,1913,0
Portugal,1914,0
Portugal,1915,0
Portugal,1916,0
Portugal,1917,0
Portugal,1918,0
Portugal,1919,0
Portugal,1920,0
Portugal,1921,0
Portugal,1922,0
Portugal,1923,0
Portugal,1924,0
Portugal,1925,0
Portugal,1926,0
Portugal,1927,0
Portugal,1928,0
Portugal,1929,0
Portugal,1930,0
Portugal,1931,0
Portugal,1932,0
Portugal,1933,0
Portugal,1934,0
Portugal,1935,0
Portugal,1936,0
Portugal,1937,0
Portugal,1938,0
Portugal,1939,0
Portugal,1940,0
Portugal,1941,0
Portugal,1942,0
Portugal,1943,0
Portugal,1944,0
Portugal,1945,0
Portugal,1946,0
Portugal,1947,0
Portugal,1948,0
Portugal,1949,0
Portugal,1950,0
Portugal,1951,0
Portugal,1952,0
Portugal,1953,0
Portugal,1954,0
Portugal,1955,0
Portugal,1956,0
Portugal,1957,0
Portugal,1958,0
Portugal,1959,0
Portugal,1960,0
Portugal,1961,0
Portugal,1962,0
Portugal,1963,0
Portugal,1964,0
Portugal,1965,0
Portugal,1966,0
Portugal,1967,0
Portugal,1968,0
Portugal,1969,0
Portugal,1970,0
Portugal,1971,0
Portugal,1972,0
Portugal,1973,0
Portugal,1974,0
Portugal,1975,0
Portugal,1976,1
Portugal,1977,1
Portugal,1978,1
Portugal,1979,1
Portugal,1980,1
Portugal,1981,1
Portugal,1982,1
Portugal,1983,1
Portugal,1984,1
Portugal,1985,1
Portugal,1986,1
Portugal,1987,1
Portugal,1988,1
Portugal,1989,1
Portugal,1990,1
Portugal,1991,1
Portugal,1992,1
Portugal,1993,1
Portugal,1994,1
Portugal,1995,1
Portugal,1996,1
Portugal,1997,1
Portugal,1998,1
Portugal,1999,1
Portugal,2000,1
Portugal,2001,1
Portugal,2002,1
Portugal,2003,1
Portugal,2004,1
Portugal,2005,1
Portugal,2006,1
Portugal,2007,1
Portugal,2008,1
Portugal,2009,1
Portugal,2010,1
Portugal,2011,1
Portugal,2012,1
Portugal,2013,1
Portugal,2014,1
Portugal,2015,1
Portugal,2016,1
Portugal,2017,1
Portugal,2018,1
Portugal,2019,1
Portugal,2020,1
Portugal,2021,1
Portugal,2022,1
Portugal,2023,1
Portugal,2024,1
Portugal,2025,1
Russia,1789,0
Russia,1790,0
Russia,1791,0
Russia,1792,0
Russia,1793,0
Russia,1794,0
Russia,1795,0
Russia,1796,0
Russia,1797,0
Russia,1798,0
Russia,1799,0
Russia,1800,0
Russia,1801,0
Russia,1802,0
Russia,1803,0
Russia,1804,0
Russia,1805,0
Russia,1806,0
Russia,1807,0
Russia,1808,0
Russia,1809,0
Russia,1810,0
Russia,1811,0
Russia,1812,0
Russia,1813,0
Russia,1814,0
Russia,1815,0
Russia,1816,0
Russia,1817,0
Russia,1818,0
Russia,1819,0
Russia,1820,0
Russia,1821,0
Russia,1822,0
Russia,1823,0
Russia,1824,0
Russia,1825,0
Russia,1826,0
Russia,1827,0
Russia,1828,0
Russia,1829,0
Russia,1830,0
Russia,1831,0
Russia,1832,0
Russia,1833,0
Russia,1834,0
Russia,1835,0
Russia,1836,0
Russia,1837,0
Russia,1838,0
Russia,1839,0
Russia,1840,0
Russia,1841,0
Russia,1842,0
Russia,1843,0
Russia,1844,0
Russia,1845,0
Russia,1846,0
Russia,1847,0
Russia,1848,0
Russia,1849,0
Russia,1850,0
Russia,1851,0
Russia,1852,0
Russia,1853,0
Russia,1854,0
Russia,1855,0
Russia,1856,0
Russia,1857,0
Russia,1858,0
Russia,1859,0
Russia,1860,0
Russia,1861,0
Russia,1862,0
Russia,1863,0
Russia,1864,0
Russia,1865,0
Russia,1866,0
Russia,1867,0
Russia,1868,0
Russia,1869,0
Russia,1870,0
Russia,1871,0
Russia,1872,0
Russia,1873,0
Russia,1874,0
Russia,1875,0
Russia,1876,0
Russia,1877,0
Russia,1878,0
Russia,1879,0
Russia,1880,0
Russia,1881,0
Russia,1882,0
Russia,1883,0
Russia,1884,0
Russia,1885,0
Russia,1886,0
Russia,1887,0
Russia,1888,0
Russia,1889,0
Russia,1890,0
Russia,1891,0
Russia,1892,0
Russia,1893,0
Russia,1894,0
Russia,1895,0
Russia,1896,0
Russia,1897,0
Russia,1898,0
Russia,1899,0
Russia,1900,0
Russia,1901,0
Russia,1902,0
Russia,1903,0
Russia,1904,0
Russia,1905,0
Russia,1906,0
Russia,1907,0
Russia,1908,0
Russia,1909,0
Russia,1910,0
Russia,1911,0
Russia,1912,0
Russia,1913,0
Russia,1914,0
Russia,1915,0
Russia,1916,0
Russia,1917,0
Russia,1918,0
Russia,1919,0
Russia,1920,0
Russia,1921,0
Russia,1922,0
Russia,1923,0
Russia,1924,0
Russia,1925,0
Russia,1926,0
Russia,1927,0
Russia,1928,0
Russia,1929,0
Russia,1930,0
Russia,1931,0
Russia,1932,0
Russia,1933,0
Russia,1934,0
Russia,1935,0
Russia,1936,0
Russia,1937,0
Russia,1938,0
Russia,1939,0
Russia,1940,0
Russia,1941,0
Russia,1942,0
Russia,1943,0
Russia,1944,0
Russia,1945,0
Russia,1946,0
Russia,1947,0
Russia,1948,0
Russia,1949,0
Russia,1950,0
Russia,1951,0
Russia,1952,0
Russia,1953,0
Russia,1954,0
Russia,1955,0
Russia,1956,0
Russia,1957,0
Russia,1958,0
Russia,1959,0
Russia,1960,0
Russia,1961,0
Russia,1962,0
Russia,1963,0
Russia,1964,0
Russia,1965,0
Russia,1966,0
Russia,1967,0
Russia,1968,0
Russia,1969,0
Russia,1970,0
Russia,1971,0
Russia,1972,0
Russia,1973,0
Russia,1974,0
Russia,1975,0
Russia,1976,0
Russia,1977,0
Russia,1978,0
Russia,1979,0
Russia,1980,0
Russia,1981,0
Russia,1982,0
Russia,1983,0
Russia,1984,0
Russia,1985,0
Russia,1986,0
Russia,1987,0
Russia,1988,0
Russia,1989,0
Russia,1990,0
Russia,1991,0
Russia,1992,0
Russia,1993,0
Russia,1994,0
Russia,1995,0
Russia,1996,0
Russia,1997,0
Russia,1998,0
Russia,1999,0
Russia,2000,0
Russia,2001,0
Russia,2002,0
Russia,2003,0
Russia,2004,0
Russia,2005,0
Russia,2006,0
Russia,2007,0
Russia,2008,0
Russia,2009,0
Russia,2010,0
Russia,2011,0
Russia,2012,0
Russia,2013,0
Russia,2014,0
Russia,2015,0
Russia,2016,0
Russia,2017,0
Russia,2018,0
Russia,2019,0
Russia,2020,0
Russia,2021,0
Russia,2022,0
Russia,2023,0
Russia,2024,0
Russia,2025,0
Saudi Arabia,1789,0
Saudi Arabia,1790,0
Saudi Arabia,1791,0
Saudi Arabia,1792,0
Saudi Arabia,1793,0
Saudi Arabia,1794,0
Saudi Arabia,1795,0
Saudi Arabia,1796,0
Saudi Arabia,1797,0
Saudi Arabia,1798,0
Saudi Arabia,1799,0
Saudi Arabia,1800,0
Saudi Arabia,1801,0
Saudi Arabia,1802,0
Saudi Arabia,1803,0
Saudi Arabia,1804,0
Saudi Arabia,1805,0
Saudi Arabia,1806,0
Saudi Arabia,1807,0
Saudi Arabia,1808,0
Saudi Arabia,1809,0
Saudi Arabia,1810,0
Saudi Arabia,1811,0
Saudi Arabia,1812,0
Saudi Arabia,1813,0
Saudi Arabia,1814,0
Saudi Arabia,1815,0
Saudi Arabia,1816,0
Saudi Arabia,1817,0
Saudi Arabia,1818,0
Saudi Arabia,1819,0
Saudi Arabia,1820,0
Saudi Arabia,1821,0
Saudi Arabia,1822,0
Saudi Arabia,1823,0
Saudi Arabia,1824,0
Saudi Arabia,1825,0
Saudi Arabia,1826,0
Saudi Arabia,1827,0
Saudi Arabia,1828,0
Saudi Arabia,1829,0
Saudi Arabia,1830,0
Saudi Arabia,1831,0
Saudi Arabia,1832,0
Saudi Arabia,1833,0
Saudi Arabia,1834,0
Saudi Arabia,1835,0
Saudi Arabia,1836,0
Saudi Arabia,1837,0
Saudi Arabia,1838,0
Saudi Arabia,1839,0
Saudi Arabia,1840,0
Saudi Arabia,1841,0
Saudi Arabia,1842,0
Saudi Arabia,1843,0
Saudi Arabia,1844,0
Saudi Arabia,1845,0
Saudi Arabia,1846,0
Saudi Arabia,1847,0
Saudi Arabia,1848,0
Saudi Arabia,1849,0
Saudi Arabia,1850,0
Saudi Arabia,1851,0
Saudi Arabia,1852,0
Saudi Arabia,1853,0
Saudi Arabia,1854,0
Saudi Arabia,1855,0
Saudi Arabia,1856,0
Saudi Arabia,1857,0
Saudi Arabia,1858,0
Saudi Arabia,1859,0
Saudi Arabia,1860,0
Saudi Arabia,1861,0
Saudi Arabia,1862,0
Saudi Arabia,1863,0
Saudi Arabia,1864,0
Saudi Arabia,1865,0
Saudi Arabia,1866,0
Saudi Arabia,1867,0
Saudi Arabia,1868,0
Saudi Arabia,1869,0
Saudi Arabia,1870,0
Saudi Arabia,1871,0
Saudi Arabia,1872,0
Saudi Arabia,1873,0
Saudi Arabia,1874,0
Saudi Arabia,1875,0
Saudi Arabia,1876,0
Saudi Arabia,1877,0
Saudi Arabia,1878,0
Saudi Arabia,1879,0
Saudi Arabia,1880,0
Saudi Arabia,1881,0
Saudi Arabia,1882,0
Saudi Arabia,1883,0
Saudi Arabia,1884,0
Saudi Arabia,1885,0
Saudi Arabia,1886,0
Saudi Arabia,1887,0
Saudi Arabia,1888,0
Saudi Arabia,1889,0
Saudi Arabia,1890,0
Saudi Arabia,1891,0
Saudi Arabia,1892,0
Saudi Arabia,1893,0
Saudi Arabia,1894,0
Saudi Arabia,1895,0
Saudi Arabia,1896,0
Saudi Arabia,1897,0
Saudi Arabia,1898,0
Saudi Arabia,1899,0
Saudi Arabia,1900,0
Saudi Arabia,1901,0
Saudi Arabia,1902,0
Saudi Arabia,1903,0
Saudi Arabia,1904,0
Saudi Arabia,1905,0
Saudi Arabia,1906,0
Saudi Arabia,1907,0
Saudi Arabia,1908,0
Saudi Arabia,1909,0
Saudi Arabia,1910,0
Saudi Arabia,1911,0
Saudi Arabia,1912,0
Saudi Arabia,1913,0
Saudi Arabia,1914,0
Saudi Arabia,1915,0
Saudi Arabia,1916,0
Saudi Arabia,1917,0
Saudi Arabia,1918,0
Saudi Arabia,1919,0
Saudi Arabia,1920,0
Saudi Arabia,1921,0
Saudi Arabia,1922,0
Saudi Arabia,1923,0
Saudi Arabia,1924,0
Saudi Arabia,1925,0
Saudi Arabia,1926,0
Saudi Arabia,1927,0
Saudi Arabia,1928,0
Saudi Arabia,1929,0
Saudi Arabia,1930,0
Saudi Arabia,1931,0
Saudi Arabia,1932,0
Saudi Arabia,1933,0
Saudi Arabia,1934,0
Saudi Arabia,1935,0
Saudi Arabia,1936,0
Saudi Arabia,1937,0
Saudi Arabia,1938,0
Saudi Arabia,1939,0
Saudi Arabia,1940,0
Saudi Arabia,1941,0
Saudi Arabia,1942,0
Saudi Arabia,1943,0
Saudi Arabia,1944,0
Saudi Arabia,1945,0
Saudi Arabia,1946,0
Saudi Arabia,1947,0
Saudi Arabia,1948,0
Saudi Arabia,1949,0
Saudi Arabia,1950,0
Saudi Arabia,1951,0
Saudi Arabia,1952,0
Saudi Arabia,1953,0
Saudi Arabia,1954,0
Saudi Arabia,1955,0
Saudi Arabia,1956,0
Saudi Arabia,1957,0
Saudi Arabia,1958,0
Saudi Arabia,1959,0
Saudi Arabia,1960,0
Saudi Arabia,1961,0
Saudi Arabia,1962,0
Saudi Arabia,1963,0
Saudi Arabia,1964,0
Saudi Arabia,1965,0
Saudi Arabia,1966,0
Saudi Arabia,1967,0
Saudi Arabia,1968,0
Saudi Arabia,1969,0
Saudi Arabia,1970,0
Saudi Arabia,1971,0
Saudi Arabia,1972,0
Saudi Arabia,1973,0
Saudi Arabia,1974,0
Saudi Arabia,1975,0
Saudi Arabia,1976,0
Saudi Arabia,1977,0
Saudi Arabia,1978,0
Saudi Arabia,1979,0
Saudi Arabia,1980,0
Saudi Arabia,1981,0
Saudi Arabia,1982,0
Saudi Arabia,1983,0
Saudi Arabia,1984,0
Saudi Arabia,1985,0
Saudi Arabia,1986,0
Saudi Arabia,1987,0
Saudi Arabia,1988,0
Saudi Arabia,1989,0
Saudi Arabia,1990,0
Saudi Arabia,1991,0
Saudi Arabia,1992,0
Saudi Arabia,1993,0
Saudi Arabia,1994,0
Saudi Arabia,1995,0
Saudi Arabia,1996,0
Saudi Arabia,1997,0
Saudi Arabia,1998,0
Saudi Arabia,1999,0
Saudi Arabia,2000,0
Saudi Arabia,2001,0
Saudi Arabia,2002,0
Saudi Arabia,2003,0
Saudi Arabia,2004,0
Saudi Arabia,2005,0
Saudi Arabia,2006,0
Saudi Arabia,2007,0
Saudi Arabia,2008,0
Saudi Arabia,2009,0
Saudi Arabia,2010,0
Saudi Arabia,2011,0
Saudi Arabia,2012,0
Saudi Arabia,2013,0
Saudi Arabia,2014,0
Saudi Arabia,2015,0
Saudi Arabia,2016,0
Saudi Arabia,2017,0
Saudi Arabia,2018,0
Saudi Arabia,2019,0
Saudi Arabia,2020,0
Saudi Arabia,2021,0
Saudi Arabia,2022,0
Saudi Arabia,2023,0
Saudi Arabia,2024,0
Saudi Arabia,2025,0
South Korea,1789,0
South Korea,1790,0
South Korea,1791,0
South Korea,1792,0
South Korea,1793,0
South Korea,1794,0
South Korea,1795,0
South Korea,1796,0
South Korea,1797,0
South Korea,1798,0
South Korea,1799,0
South Korea,1800,0
South Korea,1801,0
South Korea,1802,0
South Korea,1803,0
South Korea,1804,0
South Korea,1805,0
South Korea,1806,0
South Korea,1807,0
South Korea,1808,0
South Korea,1809,0
South Korea,1810,0
South Korea,1811,0
South Korea,1812,0
South Korea,1813,0
South Korea,1814,0
South Korea,1815,0
South Korea,1816,0
South Korea,1817,0
South Korea,1818,0
South Korea,1819,0
South Korea,1820,0
South Korea,1821,0
South Korea,1822,0
South Korea,1823,0
South Korea,1824,0
South Korea,1825,0
South Korea,1826,0
South Korea,1827,0
South Korea,1828,0
South Korea,1829,0
South Korea,1830,0
South Korea,1831,0
South Korea,1832,0
South Korea,1833,0
South Korea,1834,0
South Korea,1835,0
South Korea,1836,0
South Korea,1837,0
South Korea,1838,0
South Korea,1839,0
South Korea,1840,0
South Korea,1841,0
South Korea,1842,0
South Korea,1843,0
South Korea,1844,0
South Korea,1845,0
South Korea,1846,0
South Korea,1847,0
South Korea,1848,0
South Korea,1849,0
South Korea,1850,0
South Korea,1851,0
South Korea,1852,0
South Korea,1853,0
South Korea,1854,0
South Korea,1855,0
South Korea,1856,0
South Korea,1857,0
South Korea,1858,0
South Korea,1859,0
South Korea,1860,0
South Korea,1861,0
South Korea,1862,0
South Korea,1863,0
South Korea,1864,0
South Korea,1865,0
South Korea,1866,0
South Korea,1867,0
South Korea,1868,0
South Korea,1869,0
South Korea,1870,0
South Korea,1871,0
South Korea,1872,0
South Korea,1873,0
South Korea,1874,0
South Korea,1875,0
South Korea,1876,0
South Korea,1877,0
South Korea,1878,0
South Korea,1879,0
South Korea,1880,0
South Korea,1881,0
South Korea,1882,0
South Korea,1883,0
South Korea,1884,0
South Korea,1885,0
South Korea,1886,0
South Korea,1887,0
South Korea,1888,0
South Korea,1889,0
South Korea,1890,0
South Korea,1891,0
South Korea,1892,0
South Korea,1893,0
South Korea,1894,0
South Korea,1895,0
South Korea,1896,0
South Korea,1897,0
South Korea,1898,0
South Korea,1899,0
South Korea,1900,0
South Korea,1901,0
South Korea,1902,0
South Korea,1903,0
South Korea,1904,0
South Korea,1905,0
South Korea,1906,0
South Korea,1907,0
South Korea,1908,0
South Korea,1909,0
South Korea,1910,0
South Korea,1911,0
South Korea,1912,0
South Korea,1913,0
South Korea,1914,0
South Korea,1915,0
South Korea,1916,0
South Korea,1917,0
South Korea,1918,0
South Korea,1919,0
South Korea,1920,0
South Korea,1921,0
South Korea,1922,0
South Korea,1923,0
South Korea,1924,0
South Korea,1925,0
South Korea,1926,0
South Korea,1927,0
South Korea,1928,0
South Korea,1929,0
South Korea,1930,0
South Korea,1931,0
South Korea,1932,0
South Korea,1933,0
South Korea,1934,0
South Korea,1935,0
South Korea,1936,0
South Korea,1937,0
South Korea,1938,0
South Korea,1939,0
South Korea,1940,0
South Korea,1941,0
South Korea,1942,0
South Korea,1943,0
South Korea,1944,0
South Korea,1945,0
South Korea,1946,0
South Korea,1947,0
South Korea,1948,0
South Korea,1949,0
South Korea,1950,0
South Korea,1951,0
South Korea,1952,0
South Korea,1953,0
South Korea,1954,0
South Korea,1955,0
South Korea,1956,0
South Korea,1957,0
South Korea,1958,0
South Korea,1959,0
South Korea,1960,0
South Korea,1961,0
South Korea,1962,0
South Korea,1963,0
South Korea,1964,0
South Korea,1965,0
South Korea,1966,0
South Korea,1967,0
South Korea,1968,0
South Korea,1969,0
South Korea,1970,0
South Korea,1971,0
South Korea,1972,0
South Korea,1973,0
South Korea,1974,0
South Korea,1975,0
South Korea,1976,0
South Korea,1977,0
South Korea,1978,0
South Korea,1979,0
South Korea,1980,0
South Korea,1981,0
South Korea,1982,0
South Korea,1983,0
South Korea,1984,0
South Korea,1985,0
South Korea,1986,0
South Korea,1987,0
South Korea,1988,1
South Korea,1989,1
South Korea,1990,1
South Korea,1991,1
South Korea,1992,1
South Korea,1993,1
South Korea,1994,1
South Korea,1995,1
South Korea,1996,1
South Korea,1997,1
South Korea,1998,1
South Korea,1999,1
South Korea,2000,1
South Korea,2001,1
South Korea,2002,1
South Korea,2003,1
South Korea,2004,1
South Korea,2005,1
South Korea,2006,1
South Korea,2007,1
South Korea,2008,1
South Korea,2009,1
South Korea,2010,1
South Korea,2011,1
South Korea,2012,1
South Korea,2013,1
South Korea,2014,1
South Korea,2015,1
South Korea,2016,1
South Korea,2017,1
South Korea,2018,1
South Korea,2019,1
South Korea,2020,1
South Korea,2021,1
South Korea,2022,1
South Korea,2023,1
South Korea,2024,1
South Korea,2025,1
Spain,1789,0
Spain,1790,0
Spain,1791,0
Spain,1792,0
Spain,1793,0
Spain,1794,0
Spain,1795,0
Spain,1796,0
Spain,1797,0
Spain,1798,0
Spain,1799,0
Spain,1800,0
Spain,1801,0
Spain,1802,0
Spain,1803,0
Spain,1804,0
Spain,1805,0
Spain,1806,0
Spain,1807,0
Spain,1808,0
Spain,1809,0
Spain,1810,0
Spain,1811,0
Spain,1812,0
Spain,1813,0
Spain,1814,0
Spain,1815,0
Spain,1816,0
Spain,1817,0
Spain,1818,0
Spain,1819,0
Spain,1820,0
Spain,1821,0
Spain,1822,0
Spain,1823,0
Spain,1824,0
Spain,1825,0
Spain,1826,0
Spain,1827,0
Spain,1828,0
Spain,1829,0
Spain,1830,0
Spain,1831,0
Spain,1832,0
Spain,1833,0
Spain,1834,0
Spain,1835,0
Spain,1836,0
Spain,1837,0
Spain,1838,0
Spain,1839,0
Spain,1840,0
Spain,1841,0
Spain,1842,0
Spain,1843,0
Spain,1844,0
Spain,1845,0
Spain,1846,0
Spain,1847,0
Spain,1848,0
Spain,1849,0
Spain,1850,0
Spain,1851,0
Spain,1852,0
Spain,1853,0
Spain,1854,0
Spain,1855,0
Spain,1856,0
Spain,1857,0
Spain,1858,0
Spain,1859,0
Spain,1860,0
Spain,1861,0
Spain,1862,0
Spain,1863,0
Spain,1864,0
Spain,1865,0
Spain,1866,0
Spain,1867,0
Spain,1868,0
Spain,1869,0
Spain,1870,0
Spain,1871,0
Spain,1872,0
Spain,1873,0
Spain,1874,0
Spain,1875,0
Spain,1876,0
Spain,1877,0
Spain,1878,0
Spain,1879,0
Spain,1880,0
Spain,1881,0
Spain,1882,0
Spain,1883,0
Spain,1884,0
Spain,1885,0
Spain,1886,0
Spain,1887,0
Spain,1888,0
Spain,1889,0
Spain,1890,0
Spain,1891,0
Spain,1892,0
Spain,1893,0
Spain,1894,0
Spain,1895,0
Spain,1896,0
Spain,1897,0
Spain,1898,0
Spain,1899,0
Spain,1900,0
Spain,1901,0
Spain,1902,0
Spain,1903,0
Spain,1904,0
Spain,1905,0
Spain,1906,0
Spain,1907,0
Spain,1908,0
Spain,1909,0
Spain,1910,0
Spain,1911,0
Spain,1912,0
Spain,1913,0
Spain,1914,0
Spain,1915,0
Spain,1916,0
Spain,1917,0
Spain,1918,0
Spain,1919,0
Spain,1920,0
Spain,1921,0
Spain,1922,0
Spain,1923,0
Spain,1924,0
Spain,1925,0
Spain,1926,0
Spain,1927,0
Spain,1928,0
Spain,1929,0
Spain,1930,0
Spain,1931,0
Spain,1932,1
Spain,1933,1
Spain,1934,1
Spain,1935,1
Spain,1936,0
Spain,1937,0
Spain,1938,0
Spain,1939,0
Spain,1940,0
Spain,1941,0
Spain,1942,0
Spain,1943,0
Spain,1944,0
Spain,1945,0
Spain,1946,0
Spain,1947,0
Spain,1948,0
Spain,1949,0
Spain,1950,0
Spain,1951,0
Spain,1952,0
Spain,1953,0
Spain,1954,0
Spain,1955,0
Spain,1956,0
Spain,1957,0
Spain,1958,0
Spain,1959,0
Spain,1960,0
Spain,1961,0
Spain,1962,0
Spain,1963,0
Spain,1964,0
Spain,1965,0
Spain,1966,0
Spain,1967,0
Spain,1968,0
Spain,1969,0
Spain,1970,0
Spain,1971,0
Spain,1972,0
Spain,1973,0
Spain,1974,0
Spain,1975,0
Spain,1976,0
Spain,1977,0
Spain,1978,1
Spain,1979,1
Spain,1980,1
Spain,1981,1
Spain,1982,1
Spain,1983,1
Spain,1984,1
Spain,1985,1
Spain,1986,1
Spain,1987,1
Spain,1988,1
Spain,1989,1
Spain,1990,1
Spain,1991,1
Spain,1992,1
Spain,1993,1
Spain,1994,1
Spain,1995,1
Spain,1996,1
Spain,1997,1
Spain,1998,1
Spain,1999,1
Spain,2000,1
Spain,2001,1
Spain,2002,1
Spain,2003,1
Spain,2004,1
Spain,2005,1
Spain,2006,1
Spain,2007,1
Spain,2008,1
Spain,2009,1
Spain,2010,1
Spain,2011,1
Spain,2012,1
Spain,2013,1
Spain,2014,1
Spain,2015,1
Spain,2016,1
Spain,2017,1
Spain,2018,1
Spain,2019,1
Spain,2020,1
Spain,2021,1
Spain,2022,1
Spain,2023,1
Spain,2024,1
Spain,2025,1
Sweden,1789,0
Sweden,1790,0
Sweden,1791,0
Sweden,1792,0
Sweden,1793,0
Sweden,1794,0
Sweden,1795,0
Sweden,1796,0
Sweden,1797,0
Sweden,1798,0
Sweden,1799,0
Sweden,1800,0
Sweden,1801,0
Sweden,1802,0
Sweden,1803,0
Sweden,1804,0
Sweden,1805,0
Sweden,1806,0
Sweden,1807,0
Sweden,1808,0
Sweden,1809,0
Sweden,1810,0
Sweden,1811,0
Sweden,1812,0
Sweden,1813,0
Sweden,1814,0
Sweden,1815,0
Sweden,1816,0
Sweden,1817,0
Sweden,1818,0
Sweden,1819,0
Sweden,1820,0
Sweden,1821,0
Sweden,1822,0
Sweden,1823,0
Sweden,1824,0
Sweden,1825,0
Sweden,1826,0
Sweden,1827,0
Sweden,1828,0
Sweden,1829,0
Sweden,1830,0
Sweden,1831,0
Sweden,1832,0
Sweden,1833,0
Sweden,1834,0
Sweden,1835,0
Sweden,1836,0
Sweden,1837,0
Sweden,1838,0
Sweden,1839,0
Sweden,1840,0
Sweden,1841,0
Sweden,1842,0
Sweden,1843,0
Sweden,1844,0
Sweden,1845,0
Sweden,1846,0
Sweden,1847,0
Sweden,1848,0
Sweden,1849,0
Sweden,1850,0
Sweden,1851,0
Sweden,1852,0
Sweden,1853,0
Sweden,1854,0
Sweden,1855,0
Sweden,1856,0
Sweden,1857,0
Sweden,1858,0
Sweden,1859,0
Sweden,1860,0
Sweden,1861,0
Sweden,1862,0
Sweden,1863,0
Sweden,1864,0
Sweden,1865,0
Sweden,1866,0
Sweden,1867,0
Sweden,1868,0
Sweden,1869,0
Sweden,1870,0
Sweden,1871,0
Sweden,1872,0
Sweden,1873,0
Sweden,1874,0
Sweden,1875,0
Sweden,1876,0
Sweden,1877,0
Sweden,1878,0
Sweden,1879,0
Sweden,1880,0
Sweden,1881,0
Sweden,1882,0
Sweden,1883,0
Sweden,1884,0
Sweden,1885,0
Sweden,1886,0
Sweden,1887,0
Sweden,1888,0
Sweden,1889,0
Sweden,1890,0
Sweden,1891,0
Sweden,1892,0
Sweden,1893,0
Sweden,1894,0
Sweden,1895,0
Sweden,1896,0
Sweden,1897,0
Sweden,1898,0
Sweden,1899,0
Sweden,1900,0
Sweden,1901,0
Sweden,1902,0
Sweden,1903,0
Sweden,1904,0
Sweden,1905,0
Sweden,1906,0
Sweden,1907,0
Sweden,1908,0
Sweden,1909,0
Sweden,1910,0
Sweden,1911,0
Sweden,1912,0
Sweden,1913,0
Sweden,1914,0
Sweden,1915,0
Sweden,1916,0
Sweden,1917,0
Sweden,1918,0
Sweden,1919,0
Sweden,1920,0
Sweden,1921,0
Sweden,1922,1
Sweden,1923,1
Sweden,1924,1
Sweden,1925,1
Sweden,1926,1
Sweden,1927,1
Sweden,1928,1
Sweden,1929,1
Sweden,1930,1
Sweden,1931,1
Sweden,1932,1
Sweden,1933,1
Sweden,1934,1
Sweden,1935,1
Sweden,1936,1
Sweden,1937,1
Sweden,1938,1
Sweden,1939,1
Sweden,1940,1
Sweden,1941,1
Sweden,1942,1
Sweden,1943,1
Sweden,1944,1
Sweden,1945,1
Sweden,1946,1
Sweden,1947,1
Sweden,1948,1
Sweden,1949,1
Sweden,1950,1
Sweden,1951,1
Sweden,1952,1
Sweden,1953,1
Sweden,1954,1
Sweden,1955,1
Sweden,1956,1
Sweden,1957,1
Sweden,1958,1
Sweden,1959,1
Sweden,1960,1
Sweden,1961,1
Sweden,1962,1
Sweden,1963,1
Sweden,1964,1
Sweden,1965,1
Sweden,1966,1
Sweden,1967,1
Sweden,1968,1
Sweden,1969,1
Sweden,1970,1
Sweden,1971,1
Sweden,1972,1
Sweden,1973,1
Sweden,1974,1
Sweden,1975,1
Sweden,1976,1
Sweden,1977,1
Sweden,1978,1
Sweden,1979,1
Sweden,1980,1
Sweden,1981,1
Sweden,1982,1
Sweden,1983,1
Sweden,1984,1
Sweden,1985,1
Sweden,1986,1
Sweden,1987,1
Sweden,1988,1
Sweden,1989,1
Sweden,1990,1
Sweden,1991,1
Sweden,1992,1
Sweden,1993,1
Sweden,1994,1
Sweden,1995,1
Sweden,1996,1
Sweden,1997,1
Sweden,1998,1
Sweden,1999,1
Sweden,2000,1
Sweden,2001,1
Sweden,2002,1
Sweden,2003,1
Sweden,2004,1
Sweden,2005,1
Sweden,2006,1
Sweden,2007,1
Sweden,2008,1
Sweden,2009,1
Sweden,2010,1
Sweden,2011,1
Sweden,2012,1
Sweden,2013,1
Sweden,2014,1
Sweden,2015,1
Sweden,2016,1
Sweden,2017,1
Sweden,2018,1
Sweden,2019,1
Sweden,2020,1
Sweden,2021,1
Sweden,2022,1
Sweden,2023,1
Sweden,2024,1
Sweden,2025,1
Thailand,1789,0
Thailand,1790,0
Thailand,1791,0
Thailand,1792,0
Thailand,1793,0
Thailand,1794,0
Thailand,1795,0
Thailand,1796,0
Thailand,1797,0
Thailand,1798,0
Thailand,1799,0
Thailand,1800,0
Thailand,1801,0
Thailand,1802,0
Thailand,1803,0
Thailand,1804,0
Thailand,1805,0
Thailand,1806,0
Thailand,1807,0
Thailand,1808,0
Thailand,1809,0
Thailand,1810,0
Thailand,1811,0
Thailand,1812,0
Thailand,1813,0
Thailand,1814,0
Thailand,1815,0
Thailand,1816,0
Thailand,1817,0
Thailand,1818,0
Thailand,1819,0
Thailand,1820,0
Thailand,1821,0
Thailand,1822,0
Thailand,1823,0
Thailand,1824,0
Thailand,1825,0
Thailand,1826,0
Thailand,1827,0
Thailand,1828,0
Thailand,1829,0
Thailand,1830,0
Thailand,1831,0
Thailand,1832,0
Thailand,1833,0
Thailand,1834,0
Thailand,1835,0
Thailand,1836,0
Thailand,1837,0
Thailand,1838,0
Thailand,1839,0
Thailand,1840,0
Thailand,1841,0
Thailand,1842,0
Thailand,1843,0
Thailand,1844,0
Thailand,1845,0
Thailand,1846,0
Thailand,1847,0
Thailand,1848,0
Thailand,1849,0
Thailand,1850,0
Thailand,1851,0
Thailand,1852,0
Thailand,1853,0
Thailand,1854,0
Thailand,1855,0
Thailand,1856,0
Thailand,1857,0
Thailand,1858,0
Thailand,1859,0
Thailand,1860,0
Thailand,1861,0
Thailand,1862,0
Thailand,1863,0
Thailand,1864,0
Thailand,1865,0
Thailand,1866,0
Thailand,1867,0
Thailand,1868,0
Thailand,1869,0
Thailand,1870,0
Thailand,1871,0
Thailand,1872,0
Thailand,1873,0
Thailand,1874,0
Thailand,1875,0
Thailand,1876,0
Thailand,1877,0
Thailand,1878,0
Thailand,1879,0
Thailand,1880,0
Thailand,1881,0
Thailand,1882,0
Thailand,1883,0
Thailand,1884,0
Thailand,1885,0
Thailand,1886,0
Thailand,1887,0
Thailand,1888,0
Thailand,1889,0
Thailand,1890,0
Thailand,1891,0
Thailand,1892,0
Thailand,1893,0
Thailand,1894,0
Thailand,1895,0
Thailand,1896,0
Thailand,1897,0
Thailand,1898,0
Thailand,1899,0
Thailand,1900,0
Thailand,1901,0
Thailand,1902,0
Thailand,1903,0
Thailand,1904,0
Thailand,1905,0
Thailand,1906,0
Thailand,1907,0
Thailand,1908,0
Thailand,1909,0
Thailand,1910,0
Thailand,1911,0
Thailand,1912,0
Thailand,1913,0
Thailand,1914,0
Thailand,1915,0
Thailand,1916,0
Thailand,1917,0
Thailand,1918,0
Thailand,1919,0
Thailand,1920,0
Thailand,1921,0
Thailand,1922,0
Thailand,1923,0
Thailand,1924,0
Thailand,1925,0
Thailand,1926,0
Thailand,1927,0
Thailand,1928,0
Thailand,1929,0
Thailand,1930,0
Thailand,1931,0
Thailand,1932,0
Thailand,1933,0
Thailand,1934,0
Thailand,1935,0
Thailand,1936,0
Thailand,1937,0
Thailand,1938,0
Thailand,1939,0
Thailand,1940,0
Thailand,1941,0
Thailand,1942,0
Thailand,1943,0
Thailand,1944,0
Thailand,1945,0
Thailand,1946,0
Thailand,1947,0
Thailand,1948,0
Thailand,1949,0
Thailand,1950,0
Thailand,1951,0
Thailand,1952,0
Thailand,1953,0
Thailand,1954,0
Thailand,1955,0
Thailand,1956,0
Thailand,1957,0
Thailand,1958,0
Thailand,1959,0
Thailand,1960,0
Thailand,1961,0
Thailand,1962,0
Thailand,1963,0
Thailand,1964,0
Thailand,1965,0
Thailand,1966,0
Thailand,1967,0
Thailand,1968,0
Thailand,1969,0
Thailand,1970,0
Thailand,1971,0
Thailand,1972,0
Thailand,1973,0
Thailand,1974,0
Thailand,1975,0
Thailand,1976,0
Thailand,1977,0
Thailand,1978,0
Thailand,1979,0
Thailand,1980,0
Thailand,1981,0
Thailand,1982,0
Thailand,1983,0
Thailand,1984,0
Thailand,1985,0
Thailand,1986,0
Thailand,1987,0
Thailand,1988,0
Thailand,1989,0
Thailand,1990,0
Thailand,1991,0
Thailand,1992,0
Thailand,1993,0
Thailand,1994,0
Thailand,1995,0
Thailand,1996,0
Thailand,1997,0
Thailand,1998,1
Thailand,1999,1
Thailand,2000,1
Thailand,2001,1
Thailand,2002,1
Thailand,2003,1
Thailand,2004,1
Thailand,2005,1
Thailand,2006,0
Thailand,2007,0
Thailand,2008,0
Thailand,2009,0
Thailand,2010,0
Thailand,2011,0
Thailand,2012,0
Thailand,2013,0
Thailand,2014,0
Thailand,2015,0
Thailand,2016,0
Thailand,2017,0
Thailand,2018,0
Thailand,2019,0
Thailand,2020,0
Thailand,2021,0
Thailand,2022,0
Thailand,2023,0
Thailand,2024,0
Thailand,2025,0
Tunisia,1789,0
Tunisia,1790,0
Tunisia,1791,0
Tunisia,1792,0
Tunisia,1793,0
Tunisia,1794,0
Tunisia,1795,0
Tunisia,1796,0
Tunisia,1797,0
Tunisia,1798,0
Tunisia,1799,0
Tunisia,1800,0
Tunisia,1801,0
Tunisia,1802,0
Tunisia,1803,0
Tunisia,1804,0
Tunisia,1805,0
Tunisia,1806,0
Tunisia,1807,0
Tunisia,1808,0
Tunisia,1809,0
Tunisia,1810,0
Tunisia,1811,0
Tunisia,1812,0
Tunisia,1813,0
Tunisia,1814,0
Tunisia,1815,0
Tunisia,1816,0
Tunisia,1817,0
Tunisia,1818,0
Tunisia,1819,0
Tunisia,1820,0
Tunisia,1821,0
Tunisia,1822,0
Tunisia,1823,0
Tunisia,1824,0
Tunisia,1825,0
Tunisia,1826,0
Tunisia,1827,0
Tunisia,1828,0
Tunisia,1829,0
Tunisia,1830,0
Tunisia,1831,0
Tunisia,1832,0
Tunisia,1833,0
Tunisia,1834,0
Tunisia,1835,0
Tunisia,1836,0
Tunisia,1837,0
Tunisia,1838,0
Tunisia,1839,0
Tunisia,1840,0
Tunisia,1841,0
Tunisia,1842,0
Tunisia,1843,0
Tunisia,1844,0
Tunisia,1845,0
Tunisia,1846,0
Tunisia,1847,0
Tunisia,1848,0
Tunisia,1849,0
Tunisia,1850,0
Tunisia,1851,0
Tunisia,1852,0
Tunisia,1853,0
Tunisia,1854,0
Tunisia,1855,0
Tunisia,1856,0
Tunisia,1857,0
Tunisia,1858,0
Tunisia,1859,0
Tunisia,1860,0
Tunisia,1861,0
Tunisia,1862,0
Tunisia,1863,0
Tunisia,1864,0
Tunisia,1865,0
Tunisia,1866,0
Tunisia,1867,0
Tunisia,1868,0
Tunisia,1869,0
Tunisia,1870,0
Tunisia,1871,0
Tunisia,1872,0
Tunisia,1873,0
Tunisia,1874,0
Tunisia,1875,0
Tunisia,1876,0
Tunisia,1877,0
Tunisia,1878,0
Tunisia,1879,0
Tunisia,1880,0
Tunisia,1881,0
Tunisia,1882,0
Tunisia,1883,0
Tunisia,1884,0
Tunisia,1885,0
Tunisia,1886,0
Tunisia,1887,0
Tunisia,1888,0
Tunisia,1889,0
Tunisia,1890,0
Tunisia,1891,0
Tunisia,1892,0
Tunisia,1893,0
Tunisia,1894,0
Tunisia,1895,0
Tunisia,1896,0
Tunisia,1897,0
Tunisia,1898,0
Tunisia,1899,0
Tunisia,1900,0
Tunisia,1901,0
Tunisia,1902,0
Tunisia,1903,0
Tunisia,1904,0
Tunisia,1905,0
Tunisia,1906,0
Tunisia,1907,0
Tunisia,1908,0
Tunisia,1909,0
Tunisia,1910,0
Tunisia,1911,0
Tunisia,1912,0
Tunisia,1913,0
Tunisia,1914,0
Tunisia,1915,0
Tunisia,1916,0
Tunisia,1917,0
Tunisia,1918,0
Tunisia,1919,0
Tunisia,1920,0
Tunisia,1921,0
Tunisia,1922,0
Tunisia,1923,0
Tunisia,1924,0
Tunisia,1925,0
Tunisia,1926,0
Tunisia,1927,0
Tunisia,1928,0
Tunisia,1929,0
Tunisia,1930,0
Tunisia,1931,0
Tunisia,1932,0
Tunisia,1933,0
Tunisia,1934,0
Tunisia,1935,0
Tunisia,1936,0
Tunisia,1937,0
Tunisia,1938,0
Tunisia,1939,0
Tunisia,1940,0
Tunisia,1941,0
Tunisia,1942,0
Tunisia,1943,0
Tunisia,1944,0
Tunisia,1945,0
Tunisia,1946,0
Tunisia,1947,0
Tunisia,1948,0
Tunisia,1949,0
Tunisia,1950,0
Tunisia,1951,0
Tunisia,1952,0
Tunisia,1953,0
Tunisia,1954,0
Tunisia,1955,0
Tunisia,1956,0
Tunisia,1957,0
Tunisia,1958,0
Tunisia,1959,0
Tunisia,1960,0
Tunisia,1961,0
Tunisia,1962,0
Tunisia,1963,0
Tunisia,1964,0
Tunisia,1965,0
Tunisia,1966,0
Tunisia,1967,0
Tunisia,1968,0
Tunisia,1969,0
Tunisia,1970,0
Tunisia,1971,0
Tunisia,1972,0
Tunisia,1973,0
Tunisia,1974,0
Tunisia,1975,0
Tunisia,1976,0
Tunisia,1977,0
Tunisia,1978,0
Tunisia,1979,0
Tunisia,1980,0
Tunisia,1981,0
Tunisia,1982,0
Tunisia,1983,0
Tunisia,1984,0
Tunisia,1985,0
Tunisia,1986,0
Tunisia,1987,0
Tunisia,1988,0
Tunisia,1989,0
Tunisia,1990,0
Tunisia,1991,0
Tunisia,1992,0
Tunisia,1993,0
Tunisia,1994,0
Tunisia,1995,0
Tunisia,1996,0
Tunisia,1997,0
Tunisia,1998,0
Tunisia,1999,0
Tunisia,2000,0
Tunisia,2001,0
Tunisia,2002,0
Tunisia,2003,0
Tunisia,2004,0
Tunisia,2005,0
Tunisia,2006,0
Tunisia,2007,0
Tunisia,2008,0
Tunisia,2009,0
Tunisia,2010,0
Tunisia,2011,0
Tunisia,2012,1
Tunisia,2013,1
Tunisia,2014,1
Tunisia,2015,1
Tunisia,2016,1
Tunisia,2017,1
Tunisia,2018,1
Tunisia,2019,1
Tunisia,2020,1
Tunisia,2021,1
Tunisia,2022,0
Tunisia,2023,0
Tunisia,2024,0
Tunisia,2025,0
Turkey,1789,0
Turkey,1790,0
Turkey,1791,0
Turkey,1792,0
Turkey,1793,0
Turkey,1794,0
Turkey,1795,0
Turkey,1796,0
Turkey,1797,0
Turkey,1798,0
Turkey,1799,0
Turkey,1800,0
Turkey,1801,0
Turkey,1802,0
Turkey,1803,0
Turkey,1804,0
Turkey,1805,0
Turkey,1806,0
Turkey,1807,0
Turkey,1808,0
Turkey,1809,0
Turkey,1810,0
Turkey,1811,0
Turkey,1812,0
Turkey,1813,0
Turkey,1814,0
Turkey,1815,0
Turkey,1816,0
Turkey,1817,0
Turkey,1818,0
Turkey,1819,0
Turkey,1820,0
Turkey,1821,0
Turkey,1822,0
Turkey,1823,0
Turkey,1824,0
Turkey,1825,0
Turkey,1826,0
Turkey,1827,0
Turkey,1828,0
Turkey,1829,0
Turkey,1830,0
Turkey,1831,0
Turkey,1832,0
Turkey,1833,0
Turkey,1834,0
Turkey,1835,0
Turkey,1836,0
Turkey,1837,0
Turkey,1838,0
Turkey,1839,0
Turkey,1840,0
Turkey,1841,0
Turkey,1842,0
Turkey,1843,0
Turkey,1844,0
Turkey,1845,0
Turkey,1846,0
Turkey,1847,0
Turkey,1848,0
Turkey,1849,0
Turkey,1850,0
Turkey,1851,0
Turkey,1852,0
Turkey,1853,0
Turkey,1854,0
Turkey,1855,0
Turkey,1856,0
Turkey,1857,0
Turkey,1858,0
Turkey,1859,0
Turkey,1860,0
Turkey,1861,0
Turkey,1862,0
Turkey,1863,0
Turkey,1864,0
Turkey,1865,0
Turkey,1866,0
Turkey,1867,0
Turkey,1868,0
Turkey,1869,0
Turkey,1870,0
Turkey,1871,0
Turkey,1872,0
Turkey,1873,0
Turkey,1874,0
Turkey,1875,0
Turkey,1876,0
Turkey,1877,0
Turkey,1878,0
Turkey,1879,0
Turkey,1880,0
Turkey,1881,0
Turkey,1882,0
Turkey,1883,0
Turkey,1884,0
Turkey,1885,0
Turkey,1886,0
Turkey,1887,0
Turkey,1888,0
Turkey,1889,0
Turkey,1890,0
Turkey,1891,0
Turkey,1892,0
Turkey,1893,0
Turkey,1894,0
Turkey,1895,0
Turkey,1896,0
Turkey,1897,0
Turkey,1898,0
Turkey,1899,0
Turkey,1900,0
Turkey,1901,0
Turkey,1902,0
Turkey,1903,0
Turkey,1904,0
Turkey,1905,0
Turkey,1906,0
Turkey,1907,0
Turkey,1908,0
Turkey,1909,0
Turkey,1910,0
Turkey,1911,0
Turkey,1912,0
Turkey,1913,0
Turkey,1914,0
Turkey,1915,0
Turkey,1916,0
Turkey,1917,0
Turkey,1918,0
Turkey,1919,0
Turkey,1920,0
Turkey,1921,0
Turkey,1922,0
Turkey,1923,0
Turkey,1924,0
Turkey,1925,0
Turkey,1926,0
Turkey,1927,0
Turkey,1928,0
Turkey,1929,0
Turkey,1930,0
Turkey,1931,0
Turkey,1932,0
Turkey,1933,0
Turkey,1934,0
Turkey,1935,0
Turkey,1936,0
Turkey,1937,0
Turkey,1938,0
Turkey,1939,0
Turkey,1940,0
Turkey,1941,0
Turkey,1942,0
Turkey,1943,0
Turkey,1944,0
Turkey,1945,0
Turkey,1946,0
Turkey,1947,0
Turkey,1948,0
Turkey,1949,0
Turkey,1950,0
Turkey,1951,0
Turkey,1952,0
Turkey,1953,0
Turkey,1954,0
Turkey,1955,0
Turkey,1956,0
Turkey,1957,0
Turkey,1958,0
Turkey,1959,0
Turkey,1960,0
Turkey,1961,0
Turkey,1962,0
Turkey,1963,0
Turkey,1964,0
Turkey,1965,0
Turkey,1966,1
Turkey,1967,1
Turkey,1968,1
Turkey,1969,1
Turkey,1970,1
Turkey,1971,0
Turkey,1972,0
Turkey,1973,1
Turkey,1974,1
Turkey,1975,1
Turkey,1976,1
Turkey,1977,1
Turkey,1978,1
Turkey,1979,1
Turkey,1980,0
Turkey,1981,0
Turkey,1982,0
Turkey,1983,0
Turkey,1984,0
Turkey,1985,0
Turkey,1986,0
Turkey,1987,0
Turkey,1988,0
Turkey,1989,0
Turkey,1990,1
Turkey,1991,1
Turkey,1992,1
Turkey,1993,1
Turkey,1994,1
Turkey,1995,1
Turkey,1996,1
Turkey,1997,1
Turkey,1998,1
Turkey,1999,1
Turkey,2000,1
Turkey,2001,1
Turkey,2002,1
Turkey,2003,1
Turkey,2004,1
Turkey,2005,1
Turkey,2006,1
Turkey,2007,1
Turkey,2008,1
Turkey,2009,1
Turkey,2010,1
Turkey,2011,1
Turkey,2012,1
Turkey,2013,0
Turkey,2014,0
Turkey,2015,0
Turkey,2016,0
Turkey,2017,0
Turkey,2018,0
Turkey,2019,0
Turkey,2020,0
Turkey,2021,0
Turkey,2022,0
Turkey,2023,0
Turkey,2024,0
Turkey,2025,0
United Kingdom,1789,0
United Kingdom,1790,0
United Kingdom,1791,0
United Kingdom,1792,0
United Kingdom,1793,0
United Kingdom,1794,0
United Kingdom,1795,0
United Kingdom,1796,0
United Kingdom,1797,0
United Kingdom,1798,0
United Kingdom,1799,0
United Kingdom,1800,0
United Kingdom,1801,0
United Kingdom,1802,0
United Kingdom,1803,0
United Kingdom,1804,0
United Kingdom,1805,0
United Kingdom,1806,0
United Kingdom,1807,0
United Kingdom,1808,0
United Kingdom,1809,0
United Kingdom,1810,0
United Kingdom,1811,0
United Kingdom,1812,0
United Kingdom,1813,0
United Kingdom,1814,0
United Kingdom,1815,0
United Kingdom,1816,0
United Kingdom,1817,0
United Kingdom,1818,0
United Kingdom,1819,0
United Kingdom,1820,0
United Kingdom,1821,0
United Kingdom,1822,0
United Kingdom,1823,0
United Kingdom,1824,0
United Kingdom,1825,0
United Kingdom,1826,0
United Kingdom,1827,0
United Kingdom,1828,0
United Kingdom,1829,0
United Kingdom,1830,0
United Kingdom,1831,0
United Kingdom,1832,0
United Kingdom,1833,0
United Kingdom,1834,0
United Kingdom,1835,0
United Kingdom,1836,0
United Kingdom,1837,0
United Kingdom,1838,0
United Kingdom,1839,0
United Kingdom,1840,0
United Kingdom,1841,0
United Kingdom,1842,0
United Kingdom,1843,0
United Kingdom,1844,0
United Kingdom,1845,0
United Kingdom,1846,0
United Kingdom,1847,0
United Kingdom,1848,0
United Kingdom,1849,0
United Kingdom,1850,0
United Kingdom,1851,0
United Kingdom,1852,0
United Kingdom,1853,0
United Kingdom,1854,0
United Kingdom,1855,0
United Kingdom,1856,0
United Kingdom,1857,0
United Kingdom,1858,0
United Kingdom,1859,0
United Kingdom,1860,0
United Kingdom,1861,0
United Kingdom,1862,0
United Kingdom,1863,0
United Kingdom,1864,0
United Kingdom,1865,0
United Kingdom,1866,0
United Kingdom,1867,0
United Kingdom,1868,0
United Kingdom,1869,0
United Kingdom,1870,0
United Kingdom,1871,0
United Kingdom,1872,0
United Kingdom,1873,0
United Kingdom,1874,0
United Kingdom,1875,0
United Kingdom,1876,0
United Kingdom,1877,0
United Kingdom,1878,0
United Kingdom,1879,0
United Kingdom,1880,0
United Kingdom,1881,0
United Kingdom,1882,0
United Kingdom,1883,0
United Kingdom,1884,0
United Kingdom,1885,0
United Kingdom,1886,0
United Kingdom,1887,0
United Kingdom,1888,0
United Kingdom,1889,0
United Kingdom,1890,0
United Kingdom,1891,0
United Kingdom,1892,0
United Kingdom,1893,0
United Kingdom,1894,0
United Kingdom,1895,0
United Kingdom,1896,0
United Kingdom,1897,0
United Kingdom,1898,0
United Kingdom,1899,0
United Kingdom,1900,0
United Kingdom,1901,0
United Kingdom,1902,0
United Kingdom,1903,0
United Kingdom,1904,0
United Kingdom,1905,0
United Kingdom,1906,0
United Kingdom,1907,0
United Kingdom,1908,0
United Kingdom,1909,0
United Kingdom,1910,0
United Kingdom,1911,0
United Kingdom,1912,0
United Kingdom,1913,0
United Kingdom,1914,0
United Kingdom,1915,0
United Kingdom,1916,0
United Kingdom,1917,0
United Kingdom,1918,0
United Kingdom,1919,1
United Kingdom,1920,1
United Kingdom,1921,1
United Kingdom,1922,1
United Kingdom,1923,1
United Kingdom,1924,1
United Kingdom,1925,1
United Kingdom,1926,1
United Kingdom,1927,1
United Kingdom,1928,1
United Kingdom,1929,1
United Kingdom,1930,1
United Kingdom,1931,1
United Kingdom,1932,1
United Kingdom,1933,1
United Kingdom,1934,1
United Kingdom,1935,1
United Kingdom,1936,1
United Kingdom,1937,1
United Kingdom,1938,1
United Kingdom,1939,1
United Kingdom,1940,1
United Kingdom,1941,1
United Kingdom,1942,1
United Kingdom,1943,1
United Kingdom,1944,1
United Kingdom,1945,1
United Kingdom,1946,1
United Kingdom,1947,1
United Kingdom,1948,1
United Kingdom,1949,1
United Kingdom,1950,1
United Kingdom,1951,1
United Kingdom,1952,1
United Kingdom,1953,1
United Kingdom,1954,1
United Kingdom,1955,1
United Kingdom,1956,1
United Kingdom,1957,1
United Kingdom,1958,1
United Kingdom,1959,1
United Kingdom,1960,1
United Kingdom,1961,1
United Kingdom,1962,1
United Kingdom,1963,1
United Kingdom,1964,1
United Kingdom,1965,1
United Kingdom,1966,1
United Kingdom,1967,1
United Kingdom,1968,1
United Kingdom,1969,1
United Kingdom,1970,1
United Kingdom,1971,1
United Kingdom,1972,1
United Kingdom,1973,1
United Kingdom,1974,1
United Kingdom,1975,1
United Kingdom,1976,1
United Kingdom,1977,1
United Kingdom,1978,1
United Kingdom,1979,1
United Kingdom,1980,1
United Kingdom,1981,1
United Kingdom,1982,1
United Kingdom,1983,1
United Kingdom,1984,1
United Kingdom,1985,1
United Kingdom,1986,1
United Kingdom,1987,1
United Kingdom,1988,1
United Kingdom,1989,1
United Kingdom,1990,1
United Kingdom,1991,1
United Kingdom,1992,1
United Kingdom,1993,1
United Kingdom,1994,1
United Kingdom,1995,1
United Kingdom,1996,1
United Kingdom,1997,1
United Kingdom,1998,1
United Kingdom,1999,1
United Kingdom,2000,1
United Kingdom,2001,1
United Kingdom,2002,1
United Kingdom,2003,1
United Kingdom,2004,1
United Kingdom,2005,1
United Kingdom,2006,1
United Kingdom,2007,1
United Kingdom,2008,1
United Kingdom,2009,1
United Kingdom,2010,1
United Kingdom,2011,1
United Kingdom,2012,1
United Kingdom,2013,1
United Kingdom,2014,1
United Kingdom,2015,1
United Kingdom,2016,1
United Kingdom,2017,1
United Kingdom,2018,1
United Kingdom,2019,1
United Kingdom,2020,1
United Kingdom,2021,1
United Kingdom,2022,1
United Kingdom,2023,1
United Kingdom,2024,1
United Kingdom,2025,1
United States,1789,0
United States,1790,0
United States,1791,0
United States,1792,0
United States,1793,0
United States,1794,0
United States,1795,0
United States,1796,0
United States,1797,0
United States,1798,0
United States,1799,0
United States,1800,0
United States,1801,0
United States,1802,0
United States,1803,0
United States,1804,0
United States,1805,0
United States,1806,0
United States,1807,0
United States,1808,0
United States,1809,0
United States,1810,0
United States,1811,0
United States,1812,0
United States,1813,0
United States,1814,0
United States,1815,0
United States,1816,0
United States,1817,0
United States,1818,0
United States,1819,0
United States,1820,0
United States,1821,0
United States,1822,0
United States,1823,0
United States,1824,0
United States,1825,0
United States,1826,0
United States,1827,0
United States,1828,0
United States,1829,0
United States,1830,0
United States,1831,0
United States,1832,0
United States,1833,0
United States,1834,0
United States,1835,0
United States,1836,0
United States,1837,0
United States,1838,0
United States,1839,0
United States,1840,0
United States,1841,0
United States,1842,0
United States,1843,0
United States,1844,0
United States,1845,0
United States,1846,0
United States,1847,0
United States,1848,0
United States,1849,0
United States,1850,0
United States,1851,0
United States,1852,0
United States,1853,0
United States,1854,0
United States,1855,0
United States,1856,0
United States,1857,0
United States,1858,0
United States,1859,0
United States,1860,0
United States,1861,0
United States,1862,0
United States,1863,0
United States,1864,0
United States,1865,0
United States,1866,0
United States,1867,0
United States,1868,0
United States,1869,0
United States,1870,0
United States,1871,0
United States,1872,0
United States,1873,0
United States,1874,0
United States,1875,0
United States,1876,0
United States,1877,0
United States,1878,0
United States,1879,0
United States,1880,0
United States,1881,0
United States,1882,0
United States,1883,0
United States,1884,0
United States,1885,0
United States,1886,0
United States,1887,0
United States,1888,0
United States,1889,0
United States,1890,0
United States,1891,0
United States,1892,0
United States,1893,0
United States,1894,0
United States,1895,0
United States,1896,0
United States,1897,0
United States,1898,0
United States,1899,0
United States,1900,0
United States,1901,0
United States,1902,0
United States,1903,0
United States,1904,0
United States,1905,0
United States,1906,0
United States,1907,0
United States,1908,0
United States,1909,0
United States,1910,0
United States,1911,0
United States,1912,0
United States,1913,0
United States,1914,0
United States,1915,0
United States,1916,0
United States,1917,0
United States,1918,0
United States,1919,0
United States,1920,1
United States,1921,1
United States,1922,1
United States,1923,1
United States,1924,1
United States,1925,1
United States,1926,1
United States,1927,1
United States,1928,1
United States,1929,1
United States,1930,1
United States,1931,1
United States,1932,1
United States,1933,1
United States,1934,1
United States,1935,1
United States,1936,1
United States,1937,1
United States,1938,1
United States,1939,1
United States,1940,1
United States,1941,1
United States,1942,1
United States,1943,1
United States,1944,1
United States,1945,1
United States,1946,1
United States,1947,1
United States,1948,1
United States,1949,1
United States,1950,1
United States,1951,1
United States,1952,1
United States,1953,1
United States,1954,1
United States,1955,1
United States,1956,1
United States,1957,1
United States,1958,1
United States,1959,1
United States,1960,1
United States,1961,1
United States,1962,1
United States,1963,1
United States,1964,1
United States,1965,1
United States,1966,1
United States,1967,1
United States,1968,1
United States,1969,1
United States,1970,1
United States,1971,1
United States,1972,1
United States,1973,1
United States,1974,1
United States,1975,1
United States,1976,1
United States,1977,1
United States,1978,1
United States,1979,1
United States,1980,1
United States,1981,1
United States,1982,1
United States,1983,1
United States,1984,1
United States,1985,1
United States,1986,1
United States,1987,1
United States,1988,1
United States,1989,1
United States,1990,1
United States,1991,1
United States,1992,1
United States,1993,1
United States,1994,1
United States,1995,1
United States,1996,1
United States,1997,1
United States,1998,1
United States,1999,1
United States,2000,1
United States,2001,1
United States,2002,1
United States,2003,1
United States,2004,1
United States,2005,1
United States,2006,1
United States,2007,1
United States,2008,1
United States,2009,1
United States,2010,1
United States,2011,1
United States,2012,1
United States,2013,1
United States,2014,1
United States,2015,1
United States,2016,1
United States,2017,1
United States,2018,1
United States,2019,1
United States,2020,1
United States,2021,1
United States,2022,1
United States,2023,1
United States,2024,1
United States,2025,1
