country,year,democracy
Angola,1900,0
Angola,1901,0
Angola,1902,0
Angola,1903,0
Angola,1904,0
Angola,1905,0
Angola,1906,0
Angola,1907,0
Angola,1908,0
Angola,1909,0
Angola,1910,0
Angola,1911,0
Angola,1912,0
Angola,1913,0
Angola,1914,0
Angola,1915,0
Angola,1916,0
Angola,1917,0
Angola,1918,0
Angola,1919,0
Angola,1920,0
Angola,1921,0
Angola,1922,0
Angola,1923,0
Angola,1924,0
Angola,1925,0
Angola,1926,0
Angola,1927,0
Angola,1928,0
Angola,1929,0
Angola,1930,0
Angola,1931,0
Angola,1932,0
Angola,1933,0
Angola,1934,0
Angola,1935,0
Angola,1936,0
Angola,1937,0
Angola,1938,0
Angola,1939,0
Angola,1940,0
Angola,1941,0
Angola,1942,0
Angola,1943,0
Angola,1944,0
Angola,1945,0
Angola,1946,0
Angola,1947,0
Angola,1948,0
Angola,1949,0
Angola,1950,0
Angola,1951,0
Angola,1952,0
Angola,1953,0
Angola,1954,0
Angola,1955,0
Angola,1956,0
Angola,1957,0
Angola,1958,0
Angola,1959,0
Angola,1960,0
Angola,1961,0
Angola,1962,0
Angola,1963,0
Angola,1964,0
Angola,1965,0
Angola,1966,0
Angola,1967,0
Angola,1968,0
Angola,1969,0
Angola,1970,0
Angola,1971,0
Angola,1972,0
Angola,1973,0
Angola,1974,0
Angola,1975,0
Angola,1976,0
Angola,1977,0
Angola,1978,0
Angola,1979,0
Angola,1980,0
Angola,1981,0
Angola,1982,0
Angola,1983,0
Angola,1984,0
Angola,1985,0
Angola,1986,0
Angola,1987,0
Angola,1988,0
Angola,1989,0
Angola,1990,0
Angola,1991,0
Angola,1992,0
Angola,1993,0
Angola,1994,0
Angola,1995,0
Angola,1996,0
Angola,1997,0
Angola,1998,0
Angola,1999,0
Angola,2000,0
Angola,2001,0
Angola,2002,0
Angola,2003,0
Angola,2004,0
Angola,2005,0
Angola,2006,0
Angola,2007,0
Angola,2008,0
Angola,2009,0
Angola,2010,0
Angola,2011,0
Angola,2012,0
Angola,2013,0
Angola,2014,0
Angola,2015,0
Angola,2016,0
Angola,2017,0
Angola,2018,0
Angola,2019,0
Angola,2020,0
Angola,2021,0
Angola,2022,0
Angola,2023,0
Angola,2024,0
Angola,2025,0
Argentina,1900,0
Argentina,1901,0
Argentina,1902,0
Argentina,1903,0
Argentina,1904,0
Argentina,1905,0
Argentina,1906,0
Argentina,1907,0
Argentina,1908,0
Argentina,1909,0
Argentina,1910,0
Argentina,1911,0
Argentina,1912,0
Argentina,1913,0
Argentina,1914,0
Argentina,1915,0
Argentina,1916,0
Argentina,1917,0
Argentina,1918,0
Argentina,1919,0
Argentina,1920,0
Argentina,1921,0
Argentina,1922,0
Argentina,1923,0
Argentina,1924,0
Argentina,1925,0
Argentina,1926,0
Argentina,1927,0
Argentina,1928,0
Argentina,1929,0
Argentina,1930,0
Argentina,1931,0
Argentina,1932,0
Argentina,1933,0
Argentina,1934,0
Argentina,1935,0
Argentina,1936,0
Argentina,1937,0
Argentina,1938,0
Argentina,1939,0
Argentina,1940,0
Argentina,1941,0
Argentina,1942,0
Argentina,1943,0
Argentina,1944,0
Argentina,1945,0
Argentina,1946,0
Argentina,1947,0
Argentina,1948,0
Argentina,1949,0
Argentina,1950,0
Argentina,1951,0
Argentina,1952,0
Argentina,1953,0
Argentina,1954,0
Argentina,1955,0
Argentina,1956,0
Argentina,1957,0
Argentina,1958,0
Argentina,1959,0
Argentina,1960,0
Argentina,1961,0
Argentina,1962,0
Argentina,1963,0
Argentina,1964,1
Argentina,1965,1
Argentina,1966,0
Argentina,1967,0
Argentina,1968,0
Argentina,1969,0
Argentina,1970,0
Argentina,1971,0
Argentina,1972,0
Argentina,1973,0
Argentina,1974,1
Argentina,1975,1
Argentina,1976,0
Argentina,1977,0
Argentina,1978,0
Argentina,1979,0
Argentina,1980,0
Argentina,1981,0
Argentina,1982,0
Argentina,1983,0
Argentina,1984,1
Argentina,1985,1
Argentina,1986,1
Argentina,1987,1
Argentina,1988,1
Argentina,1989,1
Argentina,1990,1
Argentina,1991,1
Argentina,1992,1
Argentina,1993,1
Argentina,1994,1
Argentina,1995,1
Argentina,1996,1
Argentina,1997,1
Argentina,1998,1
Argentina,1999,1
Argentina,2000,1
Argentina,2001,1
Argentina,2002,1
Argentina,2003,1
Argentina,2004,1
Argentina,2005,1
Argentina,2006,1
Argentina,2007,1
Argentina,2008,1
Argentina,2009,1
Argentina,2010,1
Argentina,2011,1
Argentina,2012,1
Argentina,2013,1
Argentina,2014,1
Argentina,2015,1
Argentina,2016,1
Argentina,2017,1
Argentina,2018,1
Argentina,2019,1
Argentina,2020,1
Argentina,2021,1
Argentina,2022,1
Argentina,2023,1
Argentina,2024,1
Argentina,2025,1
Australia,1900,1
Australia,1901,1
Australia,1902,1
Australia,1903,1
Australia,1904,1
Australia,1905,1
Australia,1906,1
Australia,1907,1
Australia,1908,1
Australia,1909,1
Australia,1910,1
Australia,1911,1
Australia,1912,1
Australia,1913,1
Australia,1914,1
Australia,1915,1
Australia,1916,1
Australia,1917,1
Australia,1918,1
Australia,1919,1
Australia,1920,1
Australia,1921,1
Australia,1922,1
Australia,1923,1
Australia,1924,1
Australia,1925,1
Australia,1926,1
Australia,1927,1
Australia,1928,1
Australia,1929,1
Australia,1930,1
Australia,1931,1
Australia,1932,1
Australia,1933,1
Australia,1934,1
Australia,1935,1
Australia,1936,1
Australia,1937,1
Australia,1938,1
Australia,1939,1
Australia,1940,1
Australia,1941,1
Australia,1942,1
Australia,1943,1
Australia,1944,1
Australia,1945,1
Australia,1946,1
Australia,1947,1
Australia,1948,1
Australia,1949,1
Australia,1950,1
Australia,1951,1
Australia,1952,1
Australia,1953,1
Australia,1954,1
Australia,1955,1
Australia,1956,1
Australia,1957,1
Australia,1958,1
Australia,1959,1
Australia,1960,1
Australia,1961,1
Australia,1962,1
Australia,1963,1
Australia,1964,1
Australia,1965,1
Australia,1966,1
Australia,1967,1
Australia,1968,1
Australia,1969,1
Australia,1970,1
Australia,1971,1
Australia,1972,1
Australia,1973,1
Australia,1974,1
Australia,1975,1
Australia,1976,1
Australia,1977,1
Australia,1978,1
Australia,1979,1
Australia,1980,1
Australia,1981,1
Australia,1982,1
Australia,1983,1
Australia,1984,1
Australia,1985,1
Australia,1986,1
Australia,1987,1
Australia,1988,1
Australia,1989,1
Australia,1990,1
Australia,1991,1
Australia,1992,1
Australia,1993,1
Australia,1994,1
Australia,1995,1
Australia,1996,1
Australia,1997,1
Australia,1998,1
Australia,1999,1
Australia,2000,1
Australia,2001,1
Australia,2002,1
Australia,2003,1
Australia,2004,1
Australia,2005,1
Australia,2006,1
Australia,2007,1
Australia,2008,1
Australia,2009,1
Australia,2010,1
Australia,2011,1
Australia,2012,1
Australia,2013,1
Australia,2014,1
Australia,2015,1
Australia,2016,1
Australia,2017,1
Australia,2018,1
Australia,2019,1
Australia,2020,1
Australia,2021,1
Australia,2022,1
Australia,2023,1
Australia,2024,1
Australia,2025,1
Azerbaijan,1900,0
Azerbaijan,1901,0
Azerbaijan,1902,0
Azerbaijan,1903,0
Azerbaijan,1904,0
Azerbaijan,1905,0
Azerbaijan,1906,0
Azerbaijan,1907,0
Azerbaijan,1908,0
Azerbaijan,1909,0
Azerbaijan,1910,0
Azerbaijan,1911,0
Azerbaijan,1912,0
Azerbaijan,1913,0
Azerbaijan,1914,0
Azerbaijan,1915,0
Azerbaijan,1916,0
Azerbaijan,1917,0
Azerbaijan,1918,0
Azerbaijan,1919,0
Azerbaijan,1920,0
Azerbaijan,1921,0
Azerbaijan,1922,0
Azerbaijan,1923,0
Azerbaijan,1924,0
Azerbaijan,1925,0
Azerbaijan,1926,0
Azerbaijan,1927,0
Azerbaijan,1928,0
Azerbaijan,1929,0
Azerbaijan,1930,0
Azerbaijan,1931,0
Azerbaijan,1932,0
Azerbaijan,1933,0
Azerbaijan,1934,0
Azerbaijan,1935,0
Azerbaijan,1936,0
Azerbaijan,1937,0
Azerbaijan,1938,0
Azerbaijan,1939,0
Azerbaijan,1940,0
Azerbaijan,1941,0
Azerbaijan,1942,0
Azerbaijan,1943,0
Azerbaijan,1944,0
Azerbaijan,1945,0
Azerbaijan,1946,0
Azerbaijan,1947,0
Azerbaijan,1948,0
Azerbaijan,1949,0
Azerbaijan,1950,0
Azerbaijan,1951,0
Azerbaijan,1952,0
Azerbaijan,1953,0
Azerbaijan,1954,0
Azerbaijan,1955,0
Azerbaijan,1956,0
Azerbaijan,1957,0
Azerbaijan,1958,0
Azerbaijan,1959,0
Azerbaijan,1960,0
Azerbaijan,1961,0
Azerbaijan,1962,0
Azerbaijan,1963,0
Azerbaijan,1964,0
Azerbaijan,1965,0
Azerbaijan,1966,0
Azerbaijan,1967,0
Azerbaijan,1968,0
Azerbaijan,1969,0
Azerbaijan,1970,0
Azerbaijan,1971,0
Azerbaijan,1972,0
Azerbaijan,1973,0
Azerbaijan,1974,0
Azerbaijan,1975,0
Azerbaijan,1976,0
Azerbaijan,1977,0
Azerbaijan,1978,0
Azerbaijan,1979,0
Azerbaijan,1980,0
Azerbaijan,1981,0
Azerbaijan,1982,0
Azerbaijan,1983,0
Azerbaijan,1984,0
Azerbaijan,1985,0
Azerbaijan,1986,0
Azerbaijan,1987,0
Azerbaijan,1988,0
Azerbaijan,1989,0
Azerbaijan,1990,0
Azerbaijan,1991,0
Azerbaijan,1992,0
Azerbaijan,1993,0
Azerbaijan,1994,0
Azerbaijan,1995,0
Azerbaijan,1996,0
Azerbaijan,1997,0
Azerbaijan,1998,0
Azerbaijan,1999,0
Azerbaijan,2000,0
Azerbaijan,2001,0
Azerbaijan,2002,0
Azerbaijan,2003,0
Azerbaijan,2004,0
Azerbaijan,2005,0
Azerbaijan,2006,0
Azerbaijan,2007,0
Azerbaijan,2008,0
Azerbaijan,2009,0
Azerbaijan,2010,0
Azerbaijan,2011,0
Azerbaijan,2012,0
Azerbaijan,2013,0
Azerbaijan,2014,0
Azerbaijan,2015,0
Azerbaijan,2016,0
Azerbaijan,2017,0
Azerbaijan,2018,0
Azerbaijan,2019,0
Azerbaijan,2020,0
Azerbaijan,2021,0
Azerbaijan,2022,0
Azerbaijan,2023,0
Azerbaijan,2024,0
Azerbaijan,2025,0
Bahrain,1900,0
Bahrain,1901,0
Bahrain,1902,0
Bahrain,1903,0
Bahrain,1904,0
Bahrain,1905,0
Bahrain,1906,0
Bahrain,1907,0
Bahrain,1908,0
Bahrain,1909,0
Bahrain,1910,0
Bahrain,1911,0
Bahrain,1912,0
Bahrain,1913,0
Bahrain,1914,0
Bahrain,1915,0
Bahrain,1916,0
Bahrain,1917,0
Bahrain,1918,0
Bahrain,1919,0
Bahrain,1920,0
Bahrain,1921,0
Bahrain,1922,0
Bahrain,1923,0
Bahrain,1924,0
Bahrain,1925,0
Bahrain,1926,0
Bahrain,1927,0
Bahrain,1928,0
Bahrain,1929,0
Bahrain,1930,0
Bahrain,1931,0
Bahrain,1932,0
Bahrain,1933,0
Bahrain,1934,0
Bahrain,1935,0
Bahrain,1936,0
Bahrain,1937,0
Bahrain,1938,0
Bahrain,1939,0
Bahrain,1940,0
Bahrain,1941,0
Bahrain,1942,0
Bahrain,1943,0
Bahrain,1944,0
Bahrain,1945,0
Bahrain,1946,0
Bahrain,1947,0
Bahrain,1948,0
Bahrain,1949,0
Bahrain,1950,0
Bahrain,1951,0
Bahrain,1952,0
Bahrain,1953,0
Bahrain,1954,0
Bahrain,1955,0
Bahrain,1956,0
Bahrain,1957,0
Bahrain,1958,0
Bahrain,1959,0
Bahrain,1960,0
Bahrain,1961,0
Bahrain,1962,0
Bahrain,1963,0
Bahrain,1964,0
Bahrain,1965,0
Bahrain,1966,0
Bahrain,1967,0
Bahrain,1968,0
Bahrain,1969,0
Bahrain,1970,0
Bahrain,1971,0
Bahrain,1972,0
Bahrain,1973,0
Bahrain,1974,0
Bahrain,1975,0
Bahrain,1976,0
Bahrain,1977,0
Bahrain,1978,0
Bahrain,1979,0
Bahrain,1980,0
Bahrain,1981,0
Bahrain,1982,0
Bahrain,1983,0
Bahrain,1984,0
Bahrain,1985,0
Bahrain,1986,0
Bahrain,1987,0
Bahrain,1988,0
Bahrain,1989,0
Bahrain,1990,0
Bahrain,1991,0
Bahrain,1992,0
Bahrain,1993,0
Bahrain,1994,0
Bahrain,1995,0
Bahrain,1996,0
Bahrain,1997,0
Bahrain,1998,0
Bahrain,1999,0
Bahrain,2000,0
Bahrain,2001,0
Bahrain,2002,0
Bahrain,2003,0
Bahrain,2004,0
Bahrain,2005,0
Bahrain,2006,0
Bahrain,2007,0
Bahrain,2008,0
Bahrain,2009,0
Bahrain,2010,0
Bahrain,2011,0
Bahrain,2012,0
Bahrain,2013,0
Bahrain,2014,0
Bahrain,2015,0
Bahrain,2016,0
Bahrain,2017,0
Bahrain,2018,0
Bahrain,2019,0
Bahrain,2020,0
Bahrain,2021,0
Bahrain,2022,0
Bahrain,2023,0
Bahrain,2024,0
Bahrain,2025,0
Barbados,1900,0
Barbados,1901,0
Barbados,1902,0
Barbados,1903,0
Barbados,1904,0
Barbados,1905,0
Barbados,1906,0
Barbados,1907,0
Barbados,1908,0
Barbados,1909,0
Barbados,1910,0
Barbados,1911,0
Barbados,1912,0
Barbados,1913,0
Barbados,1914,0
Barbados,1915,0
Barbados,1916,0
Barbados,1917,0
Barbados,1918,0
Barbados,1919,0
Barbados,1920,0
Barbados,1921,0
Barbados,1922,0
Barbados,1923,0
Barbados,1924,0
Barbados,1925,0
Barbados,1926,0
Barbados,1927,0
Barbados,1928,0
Barbados,1929,0
Barbados,1930,0
Barbados,1931,0
Barbados,1932,0
Barbados,1933,0
Barbados,1934,0
Barbados,1935,0
Barbados,1936,0
Barbados,1937,0
Barbados,1938,0
Barbados,1939,0
Barbados,1940,0
Barbados,1941,0
Barbados,1942,0
Barbados,1943,0
Barbados,1944,0
Barbados,1945,0
Barbados,1946,0
Barbados,1947,0
Barbados,1948,0
Barbados,1949,0
Barbados,1950,0
Barbados,1951,0
Barbados,1952,0
Barbados,1953,0
Barbados,1954,0
Barbados,1955,0
Barbados,1956,0
Barbados,1957,0
Barbados,1958,0
Barbados,1959,0
Barbados,1960,1
Barbados,1961,1
Barbados,1962,1
Barbados,1963,1
Barbados,1964,1
Barbados,1965,1
Barbados,1966,1
Barbados,1967,1
Barbados,1968,1
Barbados,1969,1
Barbados,1970,1
Barbados,1971,1
Barbados,1972,1
Barbados,1973,1
Barbados,1974,1
Barbados,1975,1
Barbados,1976,1
Barbados,1977,1
Barbados,1978,1
Barbados,1979,1
Barbados,1980,1
Barbados,1981,1
Barbados,1982,1
Barbados,1983,1
Barbados,1984,1
Barbados,1985,1
Barbados,1986,1
Barbados,1987,1
Barbados,1988,1
Barbados,1989,1
Barbados,1990,1
Barbados,1991,1
Barbados,1992,1
Barbados,1993,1
Barbados,1994,1
Barbados,1995,1
Barbados,1996,1
Barbados,1997,1
Barbados,1998,1
Barbados,1999,1
Barbados,2000,1
Barbados,2001,1
Barbados,2002,1
Barbados,2003,1
Barbados,2004,1
Barbados,2005,1
Barbados,2006,1
Barbados,2007,1
Barbados,2008,1
Barbados,2009,1
Barbados,2010,1
Barbados,2011,1
Barbados,2012,1
Barbados,2013,1
Barbados,2014,1
Barbados,2015,1
Barbados,2016,1
Barbados,2017,1
Barbados,2018,1
Barbados,2019,1
Barbados,2020,1
Barbados,2021,1
Barbados,2022,1
Barbados,2023,1
Barbados,2024,1
Barbados,2025,1
Belarus,1900,0
Belarus,1901,0
Belarus,1902,0
Belarus,1903,0
Belarus,1904,0
Belarus,1905,0
Belarus,1906,0
Belarus,1907,0
Belarus,1908,0
Belarus,1909,0
Belarus,1910,0
Belarus,1911,0
Belarus,1912,0
Belarus,1913,0
Belarus,1914,0
Belarus,1915,0
Belarus,1916,0
Belarus,1917,0
Belarus,1918,0
Belarus,1919,0
Belarus,1920,0
Belarus,1921,0
Belarus,1922,0
Belarus,1923,0
Belarus,1924,0
Belarus,1925,0
Belarus,1926,0
Belarus,1927,0
Belarus,1928,0
Belarus,1929,0
Belarus,1930,0
Belarus,1931,0
Belarus,1932,0
Belarus,1933,0
Belarus,1934,0
Belarus,1935,0
Belarus,1936,0
Belarus,1937,0
Belarus,1938,0
Belarus,1939,0
Belarus,1940,0
Belarus,1941,0
Belarus,1942,0
Belarus,1943,0
Belarus,1944,0
Belarus,1945,0
Belarus,1946,0
Belarus,1947,0
Belarus,1948,0
Belarus,1949,0
Belarus,1950,0
Belarus,1951,0
Belarus,1952,0
Belarus,1953,0
Belarus,1954,0
Belarus,1955,0
Belarus,1956,0
Belarus,1957,0
Belarus,1958,0
Belarus,1959,0
Belarus,1960,0
Belarus,1961,0
Belarus,1962,0
Belarus,1963,0
Belarus,1964,0
Belarus,1965,0
Belarus,1966,0
Belarus,1967,0
Belarus,1968,0
Belarus,1969,0
Belarus,1970,0
Belarus,1971,0
Belarus,1972,0
Belarus,1973,0
Belarus,1974,0
Belarus,1975,0
Belarus,1976,0
Belarus,1977,0
Belarus,1978,0
Belarus,1979,0
Belarus,1980,0
Belarus,1981,0
Belarus,1982,0
Belarus,1983,0
Belarus,1984,0
Belarus,1985,0
Belarus,1986,0
Belarus,1987,0
Belarus,1988,0
Belarus,1989,0
Belarus,1990,0
Belarus,1991,0
Belarus,1992,1
Belarus,1993,1
Belarus,1994,1
Belarus,1995,1
Belarus,1996,0
Belarus,1997,0
Belarus,1998,0
Belarus,1999,0
Belarus,2000,0
Belarus,2001,0
Belarus,2002,0
Belarus,2003,0
Belarus,2004,0
Belarus,2005,0
Belarus,2006,0
Belarus,2007,0
Belarus,2008,0
Belarus,2009,0
Belarus,2010,0
Belarus,2011,0
Belarus,2012,0
Belarus,2013,0
Belarus,2014,0
Belarus,2015,0
Belarus,2016,0
Belarus,2017,0
Belarus,2018,0
Belarus,2019,0
Belarus,2020,0
Belarus,2021,0
Belarus,2022,0
Belarus,2023,0
Belarus,2024,0
Belarus,2025,0
Belgium,1900,1
Belgium,1901,1
Belgium,1902,1
Belgium,1903,1
Belgium,1904,1
Belgium,1905,1
Belgium,1906,1
Belgium,1907,1
Belgium,1908,1
Belgium,1909,1
Belgium,1910,1
Belgium,1911,1
Belgium,1912,1
Belgium,1913,1
Belgium,1914,0
Belgium,1915,0
Belgium,1916,0
Belgium,1917,0
Belgium,1918,0
Belgium,1919,0
Belgium,1920,0
Belgium,1921,1
Belgium,1922,1
Belgium,1923,1
Belgium,1924,1
Belgium,1925,1
Belgium,1926,1
Belgium,1927,1
Belgium,1928,1
Belgium,1929,1
Belgium,1930,1
Belgium,1931,1
Belgium,1932,1
Belgium,1933,1
Belgium,1934,1
Belgium,1935,1
Belgium,1936,1
Belgium,1937,1
Belgium,1938,1
Belgium,1939,1
Belgium,1940,0
Belgium,1941,0
Belgium,1942,0
Belgium,1943,0
Belgium,1944,0
Belgium,1945,0
Belgium,1946,1
Belgium,1947,1
Belgium,1948,1
Belgium,1949,1
Belgium,1950,1
Belgium,1951,1
Belgium,1952,1
Belgium,1953,1
Belgium,1954,1
Belgium,1955,1
Belgium,1956,1
Belgium,1957,1
Belgium,1958,1
Belgium,1959,1
Belgium,1960,1
Belgium,1961,1
Belgium,1962,1
Belgium,1963,1
Belgium,1964,1
Belgium,1965,1
Belgium,1966,1
Belgium,1967,1
Belgium,1968,1
Belgium,1969,1
Belgium,1970,1
Belgium,1971,1
Belgium,1972,1
Belgium,1973,1
Belgium,1974,1
Belgium,1975,1
Belgium,1976,1
Belgium,1977,1
Belgium,1978,1
Belgium,1979,1
Belgium,1980,1
Belgium,1981,1
Belgium,1982,1
Belgium,1983,1
Belgium,1984,1
Belgium,1985,1
Belgium,1986,1
Belgium,1987,1
Belgium,1988,1
Belgium,1989,1
Belgium,1990,1
Belgium,1991,1
Belgium,1992,1
Belgium,1993,1
Belgium,1994,1
Belgium,1995,1
Belgium,1996,1
Belgium,1997,1
Belgium,1998,1
Belgium,1999,1
Belgium,2000,1
Belgium,2001,1
Belgium,2002,1
Belgium,2003,1
Belgium,2004,1
Belgium,2005,1
Belgium,2006,1
Belgium,2007,1
Belgium,2008,1
Belgium,2009,1
Belgium,2010,1
Belgium,2011,1
Belgium,2012,1
Belgium,2013,1
Belgium,2014,1
Belgium,2015,1
Belgium,2016,1
Belgium,2017,1
Belgium,2018,1
Belgium,2019,1
Belgium,2020,1
Belgium,2021,1
Belgium,2022,1
Belgium,2023,1
Belgium,2024,1
Belgium,2025,1
Bhutan,1900,0
Bhutan,1901,0
Bhutan,1902,0
Bhutan,1903,0
Bhutan,1904,0
Bhutan,1905,0
Bhutan,1906,0
Bhutan,1907,0
Bhutan,1908,0
Bhutan,1909,0
Bhutan,1910,0
Bhutan,1911,0
Bhutan,1912,0
Bhutan,1913,0
Bhutan,1914,0
Bhutan,1915,0
Bhutan,1916,0
Bhutan,1917,0
Bhutan,1918,0
Bhutan,1919,0
Bhutan,1920,0
Bhutan,1921,0
Bhutan,1922,0
Bhutan,1923,0
Bhutan,1924,0
Bhutan,1925,0
Bhutan,1926,0
Bhutan,1927,0
Bhutan,1928,0
Bhutan,1929,0
Bhutan,1930,0
Bhutan,1931,0
Bhutan,1932,0
Bhutan,1933,0
Bhutan,1934,0
Bhutan,1935,0
Bhutan,1936,0
Bhutan,1937,0
Bhutan,1938,0
Bhutan,1939,0
Bhutan,1940,0
Bhutan,1941,0
Bhutan,1942,0
Bhutan,1943,0
Bhutan,1944,0
Bhutan,1945,0
Bhutan,1946,0
Bhutan,1947,0
Bhutan,1948,0
Bhutan,1949,0
Bhutan,1950,0
Bhutan,1951,0
Bhutan,1952,0
Bhutan,1953,0
Bhutan,1954,0
Bhutan,1955,0
Bhutan,1956,0
Bhutan,1957,0
Bhutan,1958,0
Bhutan,1959,0
Bhutan,1960,0
Bhutan,1961,0
Bhutan,1962,0
Bhutan,1963,0
Bhutan,1964,0
Bhutan,1965,0
Bhutan,1966,0
Bhutan,1967,0
Bhutan,1968,0
Bhutan,1969,0
Bhutan,1970,0
Bhutan,1971,0
Bhutan,1972,0
Bhutan,1973,0
Bhutan,1974,0
Bhutan,1975,0
Bhutan,1976,0
Bhutan,1977,0
Bhutan,1978,0
Bhutan,1979,0
Bhutan,1980,0
Bhutan,1981,0
Bhutan,1982,0
Bhutan,1983,0
Bhutan,1984,0
Bhutan,1985,0
Bhutan,1986,0
Bhutan,1987,0
Bhutan,1988,0
Bhutan,1989,0
Bhutan,1990,0
Bhutan,1991,0
Bhutan,1992,0
Bhutan,1993,0
Bhutan,1994,0
Bhutan,1995,0
Bhutan,1996,0
Bhutan,1997,0
Bhutan,1998,0
Bhutan,1999,0
Bhutan,2000,0
Bhutan,2001,0
Bhutan,2002,0
Bhutan,2003,0
Bhutan,2004,0
Bhutan,2005,0
Bhutan,2006,0
Bhutan,2007,0
Bhutan,2008,0
Bhutan,2009,1
Bhutan,2010,1
Bhutan,2011,1
Bhutan,2012,1
Bhutan,2013,1
Bhutan,2014,1
Bhutan,2015,1
Bhutan,2016,1
Bhutan,2017,1
Bhutan,2018,1
Bhutan,2019,1
Bhutan,2020,1
Bhutan,2021,1
Bhutan,2022,1
Bhutan,2023,1
Bhutan,2024,1
Bhutan,2025,1
Botswana,1900,0
Botswana,1901,0
Botswana,1902,0
Botswana,1903,0
Botswana,1904,0
Botswana,1905,0
Botswana,1906,0
Botswana,1907,0
Botswana,1908,0
Botswana,1909,0
Botswana,1910,0
Botswana,1911,0
Botswana,1912,0
Botswana,1913,0
Botswana,1914,0
Botswana,1915,0
Botswana,1916,0
Botswana,1917,0
Botswana,1918,0
Botswana,1919,0
Botswana,1920,0
Botswana,1921,0
Botswana,1922,0
Botswana,1923,0
Botswana,1924,0
Botswana,1925,0
Botswana,1926,0
Botswana,1927,0
Botswana,1928,0
Botswana,1929,0
Botswana,1930,0
Botswana,1931,0
Botswana,1932,0
Botswana,1933,0
Botswana,1934,0
Botswana,1935,0
Botswana,1936,0
Botswana,1937,0
Botswana,1938,0
Botswana,1939,0
Botswana,1940,0
Botswana,1941,0
Botswana,1942,0
Botswana,1943,0
Botswana,1944,0
Botswana,1945,0
Botswana,1946,0
Botswana,1947,0
Botswana,1948,0
Botswana,1949,0
Botswana,1950,0
Botswana,1951,0
Botswana,1952,0
Botswana,1953,0
Botswana,1954,0
Botswana,1955,0
Botswana,1956,0
Botswana,1957,0
Botswana,1958,0
Botswana,1959,0
Botswana,1960,0
Botswana,1961,0
Botswana,1962,0
Botswana,1963,0
Botswana,1964,0
Botswana,1965,0
Botswana,1966,0
Botswana,1967,1
Botswana,1968,1
Botswana,1969,1
Botswana,1970,1
Botswana,1971,1
Botswana,1972,1
Botswana,1973,1
Botswana,1974,1
Botswana,1975,1
Botswana,1976,1
Botswana,1977,1
Botswana,1978,1
Botswana,1979,1
Botswana,1980,1
Botswana,1981,1
Botswana,1982,1
Botswana,1983,1
Botswana,1984,1
Botswana,1985,1
Botswana,1986,1
Botswana,1987,1
Botswana,1988,1
Botswana,1989,1
Botswana,1990,1
Botswana,1991,1
Botswana,1992,1
Botswana,1993,1
Botswana,1994,1
Botswana,1995,1
Botswana,1996,1
Botswana,1997,1
Botswana,1998,1
Botswana,1999,1
Botswana,2000,1
Botswana,2001,1
Botswana,2002,1
Botswana,2003,1
Botswana,2004,1
Botswana,2005,1
Botswana,2006,1
Botswana,2007,1
Botswana,2008,1
Botswana,2009,1
Botswana,2010,1
Botswana,2011,1
Botswana,2012,1
Botswana,2013,1
Botswana,2014,1
Botswana,2015,1
Botswana,2016,1
Botswana,2017,1
Botswana,2018,1
Botswana,2019,1
Botswana,2020,1
Botswana,2021,1
Botswana,2022,1
Botswana,2023,1
Botswana,2024,1
Botswana,2025,1
Brazil,1900,0
Brazil,1901,0
Brazil,1902,0
Brazil,1903,0
Brazil,1904,0
Brazil,1905,0
Brazil,1906,0
Brazil,1907,0
Brazil,1908,0
Brazil,1909,0
Brazil,1910,0
Brazil,1911,0
Brazil,1912,0
Brazil,1913,0
Brazil,1914,0
Brazil,1915,0
Brazil,1916,0
Brazil,1917,0
Brazil,1918,0
Brazil,1919,0
Brazil,1920,0
Brazil,1921,0
Brazil,1922,0
Brazil,1923,0
Brazil,1924,0
Brazil,1925,0
Brazil,1926,0
Brazil,1927,0
Brazil,1928,0
Brazil,1929,0
Brazil,1930,0
Brazil,1931,0
Brazil,1932,0
Brazil,1933,0
Brazil,1934,0
Brazil,1935,0
Brazil,1936,0
Brazil,1937,0
Brazil,1938,0
Brazil,1939,0
Brazil,1940,0
Brazil,1941,0
Brazil,1942,0
Brazil,1943,0
Brazil,1944,0
Brazil,1945,0
Brazil,1946,0
Brazil,1947,0
Brazil,1948,0
Brazil,1949,0
Brazil,1950,0
Brazil,1951,0
Brazil,1952,0
Brazil,1953,0
Brazil,1954,0
Brazil,1955,0
Brazil,1956,0
Brazil,1957,0
Brazil,1958,0
Brazil,1959,0
Brazil,1960,0
Brazil,1961,0
Brazil,1962,0
Brazil,1963,0
Brazil,1964,0
Brazil,1965,0
Brazil,1966,0
Brazil,1967,0
Brazil,1968,0
Brazil,1969,0
Brazil,1970,0
Brazil,1971,0
Brazil,1972,0
Brazil,1973,0
Brazil,1974,0
Brazil,1975,0
Brazil,1976,0
Brazil,1977,0
Brazil,1978,0
Brazil,1979,0
Brazil,1980,0
Brazil,1981,0
Brazil,1982,0
Brazil,1983,0
Brazil,1984,0
Brazil,1985,0
Brazil,1986,0
Brazil,1987,1
Brazil,1988,1
Brazil,1989,1
Brazil,1990,1
Brazil,1991,1
Brazil,1992,1
Brazil,1993,1
Brazil,1994,1
Brazil,1995,1
Brazil,1996,1
Brazil,1997,1
Brazil,1998,1
Brazil,1999,1
Brazil,2000,1
Brazil,2001,1
Brazil,2002,1
Brazil,2003,1
Brazil,2004,1
Brazil,2005,1
Brazil,2006,1
Brazil,2007,1
Brazil,2008,1
Brazil,2009,1
Brazil,2010,1
Brazil,2011,1
Brazil,2012,1
Brazil,2013,1
Brazil,2014,1
Brazil,2015,1
Brazil,2016,1
Brazil,2017,1
Brazil,2018,1
Brazil,2019,1
Brazil,2020,1
Brazil,2021,1
Brazil,2022,1
Brazil,2023,1
Brazil,2024,1
Brazil,2025,1
Bulgaria,1900,0
Bulgaria,1901,0
Bulgaria,1902,0
Bulgaria,1903,0
Bulgaria,1904,0
Bulgaria,1905,0
Bulgaria,1906,0
Bulgaria,1907,0
Bulgaria,1908,0
Bulgaria,1909,0
Bulgaria,1910,0
Bulgaria,1911,0
Bulgaria,1912,0
Bulgaria,1913,0
Bulgaria,1914,0
Bulgaria,1915,0
Bulgaria,1916,0
Bulgaria,1917,0
Bulgaria,1918,0
Bulgaria,1919,0
Bulgaria,1920,0
Bulgaria,1921,0
Bulgaria,1922,0
Bulgaria,1923,0
Bulgaria,1924,0
Bulgaria,1925,0
Bulgaria,1926,0
Bulgaria,1927,0
Bulgaria,1928,0
Bulgaria,1929,0
Bulgaria,1930,0
Bulgaria,1931,0
Bulgaria,1932,0
Bulgaria,1933,0
Bulgaria,1934,0
Bulgaria,1935,0
Bulgaria,1936,0
Bulgaria,1937,0
Bulgaria,1938,0
Bulgaria,1939,0
Bulgaria,1940,0
Bulgaria,1941,0
Bulgaria,1942,0
Bulgaria,1943,0
Bulgaria,1944,0
Bulgaria,1945,0
Bulgaria,1946,0
Bulgaria,1947,0
Bulgaria,1948,0
Bulgaria,1949,0
Bulgaria,1950,0
Bulgaria,1951,0
Bulgaria,1952,0
Bulgaria,1953,0
Bulgaria,1954,0
Bulgaria,1955,0
Bulgaria,1956,0
Bulgaria,1957,0
Bulgaria,1958,0
Bulgaria,1959,0
Bulgaria,1960,0
Bulgaria,1961,0
Bulgaria,1962,0
Bulgaria,1963,0
Bulgaria,1964,0
Bulgaria,1965,0
Bulgaria,1966,0
Bulgaria,1967,0
Bulgaria,1968,0
Bulgaria,1969,0
Bulgaria,1970,0
Bulgaria,1971,0
Bulgaria,1972,0
Bulgaria,1973,0
Bulgaria,1974,0
Bulgaria,1975,0
Bulgaria,1976,0
Bulgaria,1977,0
Bulgaria,1978,0
Bulgaria,1979,0
Bulgaria,1980,0
Bulgaria,1981,0
Bulgaria,1982,0
Bulgaria,1983,0
Bulgaria,1984,0
Bulgaria,1985,0
Bulgaria,1986,0
Bulgaria,1987,0
Bulgaria,1988,0
Bulgaria,1989,0
Bulgaria,1990,1
Bulgaria,1991,1
Bulgaria,1992,1
Bulgaria,1993,1
Bulgaria,1994,1
Bulgaria,1995,1
Bulgaria,1996,1
Bulgaria,1997,1
Bulgaria,1998,1
Bulgaria,1999,1
Bulgaria,2000,1
Bulgaria,2001,1
Bulgaria,2002,1
Bulgaria,2003,1
Bulgaria,2004,1
Bulgaria,2005,1
Bulgaria,2006,1
Bulgaria,2007,1
Bulgaria,2008,1
Bulgaria,2009,1
Bulgaria,2010,1
Bulgaria,2011,1
Bulgaria,2012,1
Bulgaria,2013,1
Bulgaria,2014,1
Bulgaria,2015,1
Bulgaria,2016,1
Bulgaria,2017,1
Bulgaria,2018,1
Bulgaria,2019,1
Bulgaria,2020,1
Bulgaria,2021,1
Bulgaria,2022,1
Bulgaria,2023,1
Bulgaria,2024,1
Bulgaria,2025,1
Cambodia,1900,0
Cambodia,1901,0
Cambodia,1902,0
Cambodia,1903,0
Cambodia,1904,0
Cambodia,1905,0
Cambodia,1906,0
Cambodia,1907,0
Cambodia,1908,0
Cambodia,1909,0
Cambodia,1910,0
Cambodia,1911,0
Cambodia,1912,0
Cambodia,1913,0
Cambodia,1914,0
Cambodia,1915,0
Cambodia,1916,0
Cambodia,1917,0
Cambodia,1918,0
Cambodia,1919,0
Cambodia,1920,0
Cambodia,1921,0
Cambodia,1922,0
Cambodia,1923,0
Cambodia,1924,0
Cambodia,1925,0
Cambodia,1926,0
Cambodia,1927,0
Cambodia,1928,0
Cambodia,1929,0
Cambodia,1930,0
Cambodia,1931,0
Cambodia,1932,0
Cambodia,1933,0
Cambodia,1934,0
Cambodia,1935,0
Cambodia,1936,0
Cambodia,1937,0
Cambodia,1938,0
Cambodia,1939,0
Cambodia,1940,0
Cambodia,1941,0
Cambodia,1942,0
Cambodia,1943,0
Cambodia,1944,0
Cambodia,1945,0
Cambodia,1946,0
Cambodia,1947,0
Cambodia,1948,0
Cambodia,1949,0
Cambodia,1950,0
Cambodia,1951,0
Cambodia,1952,0
Cambodia,1953,0
Cambodia,1954,0
Cambodia,1955,0
Cambodia,1956,0
Cambodia,1957,0
Cambodia,1958,0
Cambodia,1959,0
Cambodia,1960,0
Cambodia,1961,0
Cambodia,1962,0
Cambodia,1963,0
Cambodia,1964,0
Cambodia,1965,0
Cambodia,1966,0
Cambodia,1967,0
Cambodia,1968,0
Cambodia,1969,0
Cambodia,1970,0
Cambodia,1971,0
Cambodia,1972,0
Cambodia,1973,0
Cambodia,1974,0
Cambodia,1975,0
Cambodia,1976,0
Cambodia,1977,0
Cambodia,1978,0
Cambodia,1979,0
Cambodia,1980,0
Cambodia,1981,0
Cambodia,1982,0
Cambodia,1983,0
Cambodia,1984,0
Cambodia,1985,0
Cambodia,1986,0
Cambodia,1987,0
Cambodia,1988,0
Cambodia,1989,0
Cambodia,1990,0
Cambodia,1991,0
Cambodia,1992,0
Cambodia,1993,0
Cambodia,1994,0
Cambodia,1995,0
Cambodia,1996,0
Cambodia,1997,0
Cambodia,1998,0
Cambodia,1999,0
Cambodia,2000,0
Cambodia,2001,0
Cambodia,2002,0
Cambodia,2003,0
Cambodia,2004,0
Cambodia,2005,0
Cambodia,2006,0
Cambodia,2007,0
Cambodia,2008,0
Cambodia,2009,0
Cambodia,2010,0
Cambodia,2011,0
Cambodia,2012,0
Cambodia,2013,0
Cambodia,2014,0
Cambodia,2015,0
Cambodia,2016,0
Cambodia,2017,0
Cambodia,2018,0
Cambodia,2019,0
Cambodia,2020,0
Cambodia,2021,0
Cambodia,2022,0
Cambodia,2023,0
Cambodia,2024,0
Cambodia,2025,0
Canada,1900,0
Canada,1901,0
Canada,1902,0
Canada,1903,0
Canada,1904,0
Canada,1905,0
Canada,1906,0
Canada,1907,0
Canada,1908,0
Canada,1909,0
Canada,1910,0
Canada,1911,0
Canada,1912,0
Canada,1913,0
Canada,1914,0
Canada,1915,0
Canada,1916,0
Canada,1917,0
Canada,1918,0
Canada,1919,0
Canada,1920,0
Canada,1921,1
Canada,1922,1
Canada,1923,1
Canada,1924,1
Canada,1925,1
Canada,1926,1
Canada,1927,1
Canada,1928,1
Canada,1929,1
Canada,1930,1
Canada,1931,1
Canada,1932,1
Canada,1933,1
Canada,1934,1
Canada,1935,1
Canada,1936,1
Canada,1937,1
Canada,1938,1
Canada,1939,1
Canada,1940,1
Canada,1941,1
Canada,1942,1
Canada,1943,1
Canada,1944,1
Canada,1945,1
Canada,1946,1
Canada,1947,1
Canada,1948,1
Canada,1949,1
Canada,1950,1
Canada,1951,1
Canada,1952,1
Canada,1953,1
Canada,1954,1
Canada,1955,1
Canada,1956,1
Canada,1957,1
Canada,1958,1
Canada,1959,1
Canada,1960,1
Canada,1961,1
Canada,1962,1
Canada,1963,1
Canada,1964,1
Canada,1965,1
Canada,1966,1
Canada,1967,1
Canada,1968,1
Canada,1969,1
Canada,1970,1
Canada,1971,1
Canada,1972,1
Canada,1973,1
Canada,1974,1
Canada,1975,1
Canada,1976,1
Canada,1977,1
Canada,1978,1
Canada,1979,1
Canada,1980,1
Canada,1981,1
Canada,1982,1
Canada,1983,1
Canada,1984,1
Canada,1985,1
Canada,1986,1
Canada,1987,1
Canada,1988,1
Canada,1989,1
Canada,1990,1
Canada,1991,1
Canada,1992,1
Canada,1993,1
Canada,1994,1
Canada,1995,1
Canada,1996,1
Canada,1997,1
Canada,1998,1
Canada,1999,1
Canada,2000,1
Canada,2001,1
Canada,2002,1
Canada,2003,1
Canada,2004,1
Canada,2005,1
Canada,2006,1
Canada,2007,1
Canada,2008,1
Canada,2009,1
Canada,2010,1
Canada,2011,1
Canada,2012,1
Canada,2013,1
Canada,2014,1
Canada,2015,1
Canada,2016,1
Canada,2017,1
Canada,2018,1
Canada,2019,1
Canada,2020,1
Canada,2021,1
Canada,2022,1
Canada,2023,1
Canada,2024,1
Canada,2025,1
Cape Verde,1900,0
Cape Verde,1901,0
Cape Verde,1902,0
Cape Verde,1903,0
Cape Verde,1904,0
Cape Verde,1905,0
Cape Verde,1906,0
Cape Verde,1907,0
Cape Verde,1908,0
Cape Verde,1909,0
Cape Verde,1910,0
Cape Verde,1911,0
Cape Verde,1912,0
Cape Verde,1913,0
Cape Verde,1914,0
Cape Verde,1915,0
Cape Verde,1916,0
Cape Verde,1917,0
Cape Verde,1918,0
Cape Verde,1919,0
Cape Verde,1920,0
Cape Verde,1921,0
Cape Verde,1922,0
Cape Verde,1923,0
Cape Verde,1924,0
Cape Verde,1925,0
Cape Verde,1926,0
Cape Verde,1927,0
Cape Verde,1928,0
Cape Verde,1929,0
Cape Verde,1930,0
Cape Verde,1931,0
Cape Verde,1932,0
Cape Verde,1933,0
Cape Verde,1934,0
Cape Verde,1935,0
Cape Verde,1936,0
Cape Verde,1937,0
Cape Verde,1938,0
Cape Verde,1939,0
Cape Verde,1940,0
Cape Verde,1941,0
Cape Verde,1942,0
Cape Verde,1943,0
Cape Verde,1944,0
Cape Verde,1945,0
Cape Verde,1946,0
Cape Verde,1947,0
Cape Verde,1948,0
Cape Verde,1949,0
Cape Verde,1950,0
Cape Verde,1951,0
Cape Verde,1952,0
Cape Verde,1953,0
Cape Verde,1954,0
Cape Verde,1955,0
Cape Verde,1956,0
Cape Verde,1957,0
Cape Verde,1958,0
Cape Verde,1959,0
Cape Verde,1960,0
Cape Verde,1961,0
Cape Verde,1962,0
Cape Verde,1963,0
Cape Verde,1964,0
Cape Verde,1965,0
Cape Verde,1966,0
Cape Verde,1967,0
Cape Verde,1968,0
Cape Verde,1969,0
Cape Verde,1970,0
Cape Verde,1971,0
Cape Verde,1972,0
Cape Verde,1973,0
Cape Verde,1974,0
Cape Verde,1975,0
Cape Verde,1976,0
Cape Verde,1977,0
Cape Verde,1978,0
Cape Verde,1979,0
Cape Verde,1980,0
Cape Verde,1981,0
Cape Verde,1982,0
Cape Verde,1983,0
Cape Verde,1984,0
Cape Verde,1985,0
Cape Verde,1986,0
Cape Verde,1987,0
Cape Verde,1988,0
Cape Verde,1989,0
Cape Verde,1990,0
Cape Verde,1991,1
Cape Verde,1992,1
Cape Verde,1993,1
Cape Verde,1994,1
Cape Verde,1995,1
Cape Verde,1996,1
Cape Verde,1997,1
Cape Verde,1998,1
Cape Verde,1999,1
Cape Verde,2000,1
Cape Verde,2001,1
Cape Verde,2002,1
Cape Verde,2003,1
Cape Verde,2004,1
Cape Verde,2005,1
Cape Verde,2006,1
Cape Verde,2007,1
Cape Verde,2008,1
Cape Verde,2009,1
Cape Verde,2010,1
Cape Verde,2011,1
Cape Verde,2012,1
Cape Verde,2013,1
Cape Verde,2014,1
Cape Verde,2015,1
Cape Verde,2016,1
Cape Verde,2017,1
Cape Verde,2018,1
Cape Verde,2019,1
Cape Verde,2020,1
Cape Verde,2021,1
Cape Verde,2022,1
Cape Verde,2023,1
Cape Verde,2024,1
Cape Verde,2025,1
China,1900,0
China,1901,0
China,1902,0
China,1903,0
China,1904,0
China,1905,0
China,1906,0
China,1907,0
China,1908,0
China,1909,0
China,1910,0
China,1911,0
China,1912,0
China,1913,0
China,1914,0
China,1915,0
China,1916,0
China,1917,0
China,1918,0
China,1919,0
China,1920,0
China,1921,0
China,1922,0
China,1923,0
China,1924,0
China,1925,0
China,1926,0
China,1927,0
China,1928,0
China,1929,0
China,1930,0
China,1931,0
China,1932,0
China,1933,0
China,1934,0
China,1935,0
China,1936,0
China,1937,0
China,1938,0
China,1939,0
China,1940,0
China,1941,0
China,1942,0
China,1943,0
China,1944,0
China,1945,0
China,1946,0
China,1947,0
China,1948,0
China,1949,0
China,1950,0
China,1951,0
China,1952,0
China,1953,0
China,1954,0
China,1955,0
China,1956,0
China,1957,0
China,1958,0
China,1959,0
China,1960,0
China,1961,0
China,1962,0
China,1963,0
China,1964,0
China,1965,0
China,1966,0
China,1967,0
China,1968,0
China,1969,0
China,1970,0
China,1971,0
China,1972,0
China,1973,0
China,1974,0
China,1975,0
China,1976,0
China,1977,0
China,1978,0
China,1979,0
China,1980,0
China,1981,0
China,1982,0
China,1983,0
China,1984,0
China,1985,0
China,1986,0
China,1987,0
China,1988,0
China,1989,0
China,1990,0
China,1991,0
China,1992,0
China,1993,0
China,1994,0
China,1995,0
China,1996,0
China,1997,0
China,1998,0
China,1999,0
China,2000,0
China,2001,0
China,2002,0
China,2003,0
China,2004,0
China,2005,0
China,2006,0
China,2007,0
China,2008,0
China,2009,0
China,2010,0
China,2011,0
China,2012,0
China,2013,0
China,2014,0
China,2015,0
China,2016,0
China,2017,0
China,2018,0
China,2019,0
China,2020,0
China,2021,0
China,2022,0
China,2023,0
China,2024,0
China,2025,0
Colombia,1900,0
Colombia,1901,0
Colombia,1902,0
Colombia,1903,0
Colombia,1904,0
Colombia,1905,0
Colombia,1906,0
Colombia,1907,0
Colombia,1908,0
Colombia,1909,0
Colombia,1910,0
Colombia,1911,0
Colombia,1912,0
Colombia,1913,0
Colombia,1914,0
Colombia,1915,0
Colombia,1916,0
Colombia,1917,0
Colombia,1918,0
Colombia,1919,0
Colombia,1920,0
Colombia,1921,0
Colombia,1922,0
Colombia,1923,0
Colombia,1924,0
Colombia,1925,0
Colombia,1926,0
Colombia,1927,0
Colombia,1928,0
Colombia,1929,0
Colombia,1930,0
Colombia,1931,0
Colombia,1932,0
Colombia,1933,0
Colombia,1934,0
Colombia,1935,0
Colombia,1936,0
Colombia,1937,0
Colombia,1938,0
Colombia,1939,0
Colombia,1940,0
Colombia,1941,0
Colombia,1942,0
Colombia,1943,0
Colombia,1944,0
Colombia,1945,0
Colombia,1946,0
Colombia,1947,0
Colombia,1948,0
Colombia,1949,0
Colombia,1950,0
Colombia,1951,0
Colombia,1952,0
Colombia,1953,0
Colombia,1954,0
Colombia,1955,0
Colombia,1956,0
Colombia,1957,0
Colombia,1958,0
Colombia,1959,0
Colombia,1960,0
Colombia,1961,0
Colombia,1962,0
Colombia,1963,0
Colombia,1964,0
Colombia,1965,0
Colombia,1966,0
Colombia,1967,0
Colombia,1968,0
Colombia,1969,0
Colombia,1970,0
Colombia,1971,0
Colombia,1972,0
Colombia,1973,0
Colombia,1974,0
Colombia,1975,0
Colombia,1976,0
Colombia,1977,0
Colombia,1978,0
Colombia,1979,0
Colombia,1980,0
Colombia,1981,0
Colombia,1982,0
Colombia,1983,0
Colombia,1984,0
Colombia,1985,0
Colombia,1986,0
Colombia,1987,0
Colombia,1988,0
Colombia,1989,0
Colombia,1990,0
Colombia,1991,1
Colombia,1992,1
Colombia,1993,1
Colombia,1994,1
Colombia,1995,1
Colombia,1996,1
Colombia,1997,1
Colombia,1998,1
Colombia,1999,1
Colombia,2000,1
Colombia,2001,1
Colombia,2002,1
Colombia,2003,1
Colombia,2004,1
Colombia,2005,1
Colombia,2006,1
Colombia,2007,1
Colombia,2008,1
Colombia,2009,1
Colombia,2010,1
Colombia,2011,1
Colombia,2012,1
Colombia,2013,1
Colombia,2014,1
Colombia,2015,1
Colombia,2016,1
Colombia,2017,1
Colombia,2018,1
Colombia,2019,1
Colombia,2020,1
Colombia,2021,1
Colombia,2022,1
Colombia,2023,1
Colombia,2024,1
Colombia,2025,1
Cote d'Ivoire,1900,0
Cote d'Ivoire,1901,0
Cote d'Ivoire,1902,0
Cote d'Ivoire,1903,0
Cote d'Ivoire,1904,0
Cote d'Ivoire,1905,0
Cote d'Ivoire,1906,0
Cote d'Ivoire,1907,0
Cote d'Ivoire,1908,0
Cote d'Ivoire,1909,0
Cote d'Ivoire,1910,0
Cote d'Ivoire,1911,0
Cote d'Ivoire,1912,0
Cote d'Ivoire,1913,0
Cote d'Ivoire,1914,0
Cote d'Ivoire,1915,0
Cote d'Ivoire,1916,0
Cote d'Ivoire,1917,0
Cote d'Ivoire,1918,0
Cote d'Ivoire,1919,0
Cote d'Ivoire,1920,0
Cote d'Ivoire,1921,0
Cote d'Ivoire,1922,0
Cote d'Ivoire,1923,0
Cote d'Ivoire,1924,0
Cote d'Ivoire,1925,0
Cote d'Ivoire,1926,0
Cote d'Ivoire,1927,0
Cote d'Ivoire,1928,0
Cote d'Ivoire,1929,0
Cote d'Ivoire,1930,0
Cote d'Ivoire,1931,0
Cote d'Ivoire,1932,0
Cote d'Ivoire,1933,0
Cote d'Ivoire,1934,0
Cote d'Ivoire,1935,0
Cote d'Ivoire,1936,0
Cote d'Ivoire,1937,0
Cote d'Ivoire,1938,0
Cote d'Ivoire,1939,0
Cote d'Ivoire,1940,0
Cote d'Ivoire,1941,0
Cote d'Ivoire,1942,0
Cote d'Ivoire,1943,0
Cote d'Ivoire,1944,0
Cote d'Ivoire,1945,0
Cote d'Ivoire,1946,0
Cote d'Ivoire,1947,0
Cote d'Ivoire,1948,0
Cote d'Ivoire,1949,0
Cote d'Ivoire,1950,0
Cote d'Ivoire,1951,0
Cote d'Ivoire,1952,0
Cote d'Ivoire,1953,0
Cote d'Ivoire,1954,0
Cote d'Ivoire,1955,0
Cote d'Ivoire,1956,0
Cote d'Ivoire,1957,0
Cote d'Ivoire,1958,0
Cote d'Ivoire,1959,0
Cote d'Ivoire,1960,0
Cote d'Ivoire,1961,0
Cote d'Ivoire,1962,0
Cote d'Ivoire,1963,0
Cote d'Ivoire,1964,0
Cote d'Ivoire,1965,0
Cote d'Ivoire,1966,0
Cote d'Ivoire,1967,0
Cote d'Ivoire,1968,0
Cote d'Ivoire,1969,0
Cote d'Ivoire,1970,0
Cote d'Ivoire,1971,0
Cote d'Ivoire,1972,0
Cote d'Ivoire,1973,0
Cote d'Ivoire,1974,0
Cote d'Ivoire,1975,0
Cote d'Ivoire,1976,0
Cote d'Ivoire,1977,0
Cote d'Ivoire,1978,0
Cote d'Ivoire,1979,0
Cote d'Ivoire,1980,0
Cote d'Ivoire,1981,0
Cote d'Ivoire,1982,0
Cote d'Ivoire,1983,0
Cote d'Ivoire,1984,0
Cote d'Ivoire,1985,0
Cote d'Ivoire,1986,0
Cote d'Ivoire,1987,0
Cote d'Ivoire,1988,0
Cote d'Ivoire,1989,0
Cote d'Ivoire,1990,0
Cote d'Ivoire,1991,0
Cote d'Ivoire,1992,0
Cote d'Ivoire,1993,0
Cote d'Ivoire,1994,0
Cote d'Ivoire,1995,0
Cote d'Ivoire,1996,0
Cote d'Ivoire,1997,0
Cote d'Ivoire,1998,0
Cote d'Ivoire,1999,0
Cote d'Ivoire,2000,0
Cote d'Ivoire,2001,0
Cote d'Ivoire,2002,0
Cote d'Ivoire,2003,0
Cote d'Ivoire,2004,0
Cote d'Ivoire,2005,0
Cote d'Ivoire,2006,0
Cote d'Ivoire,2007,0
Cote d'Ivoire,2008,0
Cote d'Ivoire,2009,0
Cote d'Ivoire,2010,0
Cote d'Ivoire,2011,0
Cote d'Ivoire,2012,0
Cote d'Ivoire,2013,0
Cote d'Ivoire,2014,0
Cote d'Ivoire,2015,0
Cote d'Ivoire,2016,1
Cote d'Ivoire,2017,1
Cote d'Ivoire,2018,1
Cote d'Ivoire,2019,1
Cote d'Ivoire,2020,0
Cote d'Ivoire,2021,0
Cote d'Ivoire,2022,0
Cote d'Ivoire,2023,0
Cote d'Ivoire,2024,0
Cote d'Ivoire,2025,0
Cuba,1900,0
Cuba,1901,0
Cuba,1902,0
Cuba,1903,0
Cuba,1904,0
Cuba,1905,0
Cuba,1906,0
Cuba,1907,0
Cuba,1908,0
Cuba,1909,0
Cuba,1910,0
Cuba,1911,0
Cuba,1912,0
Cuba,1913,0
Cuba,1914,0
Cuba,1915,0
Cuba,1916,0
Cuba,1917,0
Cuba,1918,0
Cuba,1919,0
Cuba,1920,0
Cuba,1921,0
Cuba,1922,0
Cuba,1923,0
Cuba,1924,0
Cuba,1925,0
Cuba,1926,0
Cuba,1927,0
Cuba,1928,0
Cuba,1929,0
Cuba,1930,0
Cuba,1931,0
Cuba,1932,0
Cuba,1933,0
Cuba,1934,0
Cuba,1935,0
Cuba,1936,0
Cuba,1937,0
Cuba,1938,0
Cuba,1939,0
Cuba,1940,0
Cuba,1941,0
Cuba,1942,0
Cuba,1943,0
Cuba,1944,0
Cuba,1945,0
Cuba,1946,0
Cuba,1947,0
Cuba,1948,0
Cuba,1949,0
Cuba,1950,0
Cuba,1951,0
Cuba,1952,0
Cuba,1953,0
Cuba,1954,0
Cuba,1955,0
Cuba,1956,0
Cuba,1957,0
Cuba,1958,0
Cuba,1959,0
Cuba,1960,0
Cuba,1961,0
Cuba,1962,0
Cuba,1963,0
Cuba,1964,0
Cuba,1965,0
Cuba,1966,0
Cuba,1967,0
Cuba,1968,0
Cuba,1969,0
Cuba,1970,0
Cuba,1971,0
Cuba,1972,0
Cuba,1973,0
Cuba,1974,0
Cuba,1975,0
Cuba,1976,0
Cuba,1977,0
Cuba,1978,0
Cuba,1979,0
Cuba,1980,0
Cuba,1981,0
Cuba,1982,0
Cuba,1983,0
Cuba,1984,0
Cuba,1985,0
Cuba,1986,0
Cuba,1987,0
Cuba,1988,0
Cuba,1989,0
Cuba,1990,0
Cuba,1991,0
Cuba,1992,0
Cuba,1993,0
Cuba,1994,0
Cuba,1995,0
Cuba,1996,0
Cuba,1997,0
Cuba,1998,0
Cuba,1999,0
Cuba,2000,0
Cuba,2001,0
Cuba,2002,0
Cuba,2003,0
Cuba,2004,0
Cuba,2005,0
Cuba,2006,0
Cuba,2007,0
Cuba,2008,0
Cuba,2009,0
Cuba,2010,0
Cuba,2011,0
Cuba,2012,0
Cuba,2013,0
Cuba,2014,0
Cuba,2015,0
Cuba,2016,0
Cuba,2017,0
Cuba,2018,0
Cuba,2019,0
Cuba,2020,0
Cuba,2021,0
Cuba,2022,0
Cuba,2023,0
Cuba,2024,0
Cuba,2025,0
Cyprus,1900,0
Cyprus,1901,0
Cyprus,1902,0
Cyprus,1903,0
Cyprus,1904,0
Cyprus,1905,0
Cyprus,1906,0
Cyprus,1907,0
Cyprus,1908,0
Cyprus,1909,0
Cyprus,1910,0
Cyprus,1911,0
Cyprus,1912,0
Cyprus,1913,0
Cyprus,1914,0
Cyprus,1915,0
Cyprus,1916,0
Cyprus,1917,0
Cyprus,1918,0
Cyprus,1919,0
Cyprus,1920,0
Cyprus,1921,0
Cyprus,1922,0
Cyprus,1923,0
Cyprus,1924,0
Cyprus,1925,0
Cyprus,1926,0
Cyprus,1927,0
Cyprus,1928,0
Cyprus,1929,0
Cyprus,1930,0
Cyprus,1931,0
Cyprus,1932,0
Cyprus,1933,0
Cyprus,1934,0
Cyprus,1935,0
Cyprus,1936,0
Cyprus,1937,0
Cyprus,1938,0
Cyprus,1939,0
Cyprus,1940,0
Cyprus,1941,0
Cyprus,1942,0
Cyprus,1943,0
Cyprus,1944,0
Cyprus,1945,0
Cyprus,1946,0
Cyprus,1947,0
Cyprus,1948,0
Cyprus,1949,0
Cyprus,1950,0
Cyprus,1951,0
Cyprus,1952,0
Cyprus,1953,0
Cyprus,1954,0
Cyprus,1955,0
Cyprus,1956,0
Cyprus,1957,0
Cyprus,1958,0
Cyprus,1959,0
Cyprus,1960,0
Cyprus,1961,0
Cyprus,1962,0
Cyprus,1963,0
Cyprus,1964,0
Cyprus,1965,0
Cyprus,1966,0
Cyprus,1967,0
Cyprus,1968,0
Cyprus,1969,0
Cyprus,1970,0
Cyprus,1971,0
Cyprus,1972,0
Cyprus,1973,0
Cyprus,1974,0
Cyprus,1975,1
Cyprus,1976,1
Cyprus,1977,1
Cyprus,1978,1
Cyprus,1979,1
Cyprus,1980,1
Cyprus,1981,1
Cyprus,1982,1
Cyprus,1983,1
Cyprus,1984,1
Cyprus,1985,1
Cyprus,1986,1
Cyprus,1987,1
Cyprus,1988,1
Cyprus,1989,1
Cyprus,1990,1
Cyprus,1991,1
Cyprus,1992,1
Cyprus,1993,1
Cyprus,1994,1
Cyprus,1995,1
Cyprus,1996,1
Cyprus,1997,1
Cyprus,1998,1
Cyprus,1999,1
Cyprus,2000,1
Cyprus,2001,1
Cyprus,2002,1
Cyprus,2003,1
Cyprus,2004,1
Cyprus,2005,1
Cyprus,2006,1
Cyprus,2007,1
Cyprus,2008,1
Cyprus,2009,1
Cyprus,2010,1
Cyprus,2011,1
Cyprus,2012,1
Cyprus,2013,1
Cyprus,2014,1
Cyprus,2015,1
Cyprus,2016,1
Cyprus,2017,1
Cyprus,2018,1
Cyprus,2019,1
Cyprus,2020,1
Cyprus,2021,1
Cyprus,2022,1
Cyprus,2023,1
Cyprus,2024,1
Cyprus,2025,1
Czechia,1900,0
Czechia,1901,0
Czechia,1902,0
Czechia,1903,0
Czechia,1904,0
Czechia,1905,0
Czechia,1906,0
Czechia,1907,0
Czechia,1908,0
Czechia,1909,0
Czechia,1910,0
Czechia,1911,0
Czechia,1912,0
Czechia,1913,0
Czechia,1914,0
Czechia,1915,0
Czechia,1916,0
Czechia,1917,0
Czechia,1918,0
Czechia,1919,0
Czechia,1920,1
Czechia,1921,1
Czechia,1922,1
Czechia,1923,1
Czechia,1924,1
Czechia,1925,1
Czechia,1926,1
Czechia,1927,1
Czechia,1928,1
Czechia,1929,1
Czechia,1930,1
Czechia,1931,1
Czechia,1932,1
Czechia,1933,1
Czechia,1934,1
Czechia,1935,1
Czechia,1936,1
Czechia,1937,1
Czechia,1938,1
Czechia,1939,0
Czechia,1940,0
Czechia,1941,0
Czechia,1942,0
Czechia,1943,0
Czechia,1944,0
Czechia,1945,0
Czechia,1946,0
Czechia,1947,0
Czechia,1948,0
Czechia,1949,0
Czechia,1950,0
Czechia,1951,0
Czechia,1952,0
Czechia,1953,0
Czechia,1954,0
Czechia,1955,0
Czechia,1956,0
Czechia,1957,0
Czechia,1958,0
Czechia,1959,0
Czechia,1960,0
Czechia,1961,0
Czechia,1962,0
Czechia,1963,0
Czechia,1964,0
Czechia,1965,0
Czechia,1966,0
Czechia,1967,0
Czechia,1968,0
Czechia,1969,0
Czechia,1970,0
Czechia,1971,0
Czechia,1972,0
Czechia,1973,0
Czechia,1974,0
Czechia,1975,0
Czechia,1976,0
Czechia,1977,0
Czechia,1978,0
Czechia,1979,0
Czechia,1980,0
Czechia,1981,0
Czechia,1982,0
Czechia,1983,0
Czechia,1984,0
Czechia,1985,0
Czechia,1986,0
Czechia,1987,0
Czechia,1988,0
Czechia,1989,0
Czechia,1990,1
Czechia,1991,1
Czechia,1992,1
Czechia,1993,1
Czechia,1994,1
Czechia,1995,1
Czechia,1996,1
Czechia,1997,1
Czechia,1998,1
Czechia,1999,1
Czechia,2000,1
Czechia,2001,1
Czechia,2002,1
Czechia,2003,1
Czechia,2004,1
Czechia,2005,1
Czechia,2006,1
Czechia,2007,1
Czechia,2008,1
Czechia,2009,1
Czechia,2010,1
Czechia,2011,1
Czechia,2012,1
Czechia,2013,1
Czechia,2014,1
Czechia,2015,1
Czechia,2016,1
Czechia,2017,1
Czechia,2018,1
Czechia,2019,1
Czechia,2020,1
Czechia,2021,1
Czechia,2022,1
Czechia,2023,1
Czechia,2024,1
Czechia,2025,1
Denmark,1900,0
Denmark,1901,0
Denmark,1902,1
Denmark,1903,1
Denmark,1904,1
Denmark,1905,1
Denmark,1906,1
Denmark,1907,1
Denmark,1908,1
Denmark,1909,1
Denmark,1910,1
Denmark,1911,1
Denmark,1912,1
Denmark,1913,1
Denmark,1914,1
Denmark,1915,1
Denmark,1916,1
Denmark,1917,1
Denmark,1918,1
Denmark,1919,1
Denmark,1920,1
Denmark,1921,1
Denmark,1922,1
Denmark,1923,1
Denmark,1924,1
Denmark,1925,1
Denmark,1926,1
Denmark,1927,1
Denmark,1928,1
Denmark,1929,1
Denmark,1930,1
Denmark,1931,1
Denmark,1932,1
Denmark,1933,1
Denmark,1934,1
Denmark,1935,1
Denmark,1936,1
Denmark,1937,1
Denmark,1938,1
Denmark,1939,1
Denmark,1940,1
Denmark,1941,1
Denmark,1942,1
Denmark,1943,0
Denmark,1944,0
Denmark,1945,0
Denmark,1946,1
Denmark,1947,1
Denmark,1948,1
Denmark,1949,1
Denmark,1950,1
Denmark,1951,1
Denmark,1952,1
Denmark,1953,1
Denmark,1954,1
Denmark,1955,1
Denmark,1956,1
Denmark,1957,1
Denmark,1958,1
Denmark,1959,1
Denmark,1960,1
Denmark,1961,1
Denmark,1962,1
Denmark,1963,1
Denmark,1964,1
Denmark,1965,1
Denmark,1966,1
Denmark,1967,1
Denmark,1968,1
Denmark,1969,1
Denmark,1970,1
Denmark,1971,1
Denmark,1972,1
Denmark,1973,1
Denmark,1974,1
Denmark,1975,1
Denmark,1976,1
Denmark,1977,1
Denmark,1978,1
Denmark,1979,1
Denmark,1980,1
Denmark,1981,1
Denmark,1982,1
Denmark,1983,1
Denmark,1984,1
Denmark,1985,1
Denmark,1986,1
Denmark,1987,1
Denmark,1988,1
Denmark,1989,1
Denmark,1990,1
Denmark,1991,1
Denmark,1992,1
Denmark,1993,1
Denmark,1994,1
Denmark,1995,1
Denmark,1996,1
Denmark,1997,1
Denmark,1998,1
Denmark,1999,1
Denmark,2000,1
Denmark,2001,1
Denmark,2002,1
Denmark,2003,1
Denmark,2004,1
Denmark,2005,1
Denmark,2006,1
Denmark,2007,1
Denmark,2008,1
Denmark,2009,1
Denmark,2010,1
Denmark,2011,1
Denmark,2012,1
Denmark,2013,1
Denmark,2014,1
Denmark,2015,1
Denmark,2016,1
Denmark,2017,1
Denmark,2018,1
Denmark,2019,1
Denmark,2020,1
Denmark,2021,1
Denmark,2022,1
Denmark,2023,1
Denmark,2024,1
Denmark,2025,1
Djibouti,1900,0
Djibouti,1901,0
Djibouti,1902,0
Djibouti,1903,0
Djibouti,1904,0
Djibouti,1905,0
Djibouti,1906,0
Djibouti,1907,0
Djibouti,1908,0
Djibouti,1909,0
Djibouti,1910,0
Djibouti,1911,0
Djibouti,1912,0
Djibouti,1913,0
Djibouti,1914,0
Djibouti,1915,0
Djibouti,1916,0
Djibouti,1917,0
Djibouti,1918,0
Djibouti,1919,0
Djibouti,1920,0
Djibouti,1921,0
Djibouti,1922,0
Djibouti,1923,0
Djibouti,1924,0
Djibouti,1925,0
Djibouti,1926,0
Djibouti,1927,0
Djibouti,1928,0
Djibouti,1929,0
Djibouti,1930,0
Djibouti,1931,0
Djibouti,1932,0
Djibouti,1933,0
Djibouti,1934,0
Djibouti,1935,0
Djibouti,1936,0
Djibouti,1937,0
Djibouti,1938,0
Djibouti,1939,0
Djibouti,1940,0
Djibouti,1941,0
Djibouti,1942,0
Djibouti,1943,0
Djibouti,1944,0
Djibouti,1945,0
Djibouti,1946,0
Djibouti,1947,0
Djibouti,1948,0
Djibouti,1949,0
Djibouti,1950,0
Djibouti,1951,0
Djibouti,1952,0
Djibouti,1953,0
Djibouti,1954,0
Djibouti,1955,0
Djibouti,1956,0
Djibouti,1957,0
Djibouti,1958,0
Djibouti,1959,0
Djibouti,1960,0
Djibouti,1961,0
Djibouti,1962,0
Djibouti,1963,0
Djibouti,1964,0
Djibouti,1965,0
Djibouti,1966,0
Djibouti,1967,0
Djibouti,1968,0
Djibouti,1969,0
Djibouti,1970,0
Djibouti,1971,0
Djibouti,1972,0
Djibouti,1973,0
Djibouti,1974,0
Djibouti,1975,0
Djibouti,1976,0
Djibouti,1977,0
Djibouti,1978,0
Djibouti,1979,0
Djibouti,1980,0
Djibouti,1981,0
Djibouti,1982,0
Djibouti,1983,0
Djibouti,1984,0
Djibouti,1985,0
Djibouti,1986,0
Djibouti,1987,0
Djibouti,1988,0
Djibouti,1989,0
Djibouti,1990,0
Djibouti,1991,0
Djibouti,1992,0
Djibouti,1993,0
Djibouti,1994,0
Djibouti,1995,0
Djibouti,1996,0
Djibouti,1997,0
Djibouti,1998,0
Djibouti,1999,0
Djibouti,2000,0
Djibouti,2001,0
Djibouti,2002,0
Djibouti,2003,0
Djibouti,2004,0
Djibouti,2005,0
Djibouti,2006,0
Djibouti,2007,0
Djibouti,2008,0
Djibouti,2009,0
Djibouti,2010,0
Djibouti,2011,0
Djibouti,2012,0
Djibouti,2013,0
Djibouti,2014,0
Djibouti,2015,0
Djibouti,2016,0
Djibouti,2017,0
Djibouti,2018,0
Djibouti,2019,0
Djibouti,2020,0
Djibouti,2021,0
Djibouti,2022,0
Djibouti,2023,0
Djibouti,2024,0
Djibouti,2025,0
East Timor,1900,0
East Timor,1901,0
East Timor,1902,0
East Timor,1903,0
East Timor,1904,0
East Timor,1905,0
East Timor,1906,0
East Timor,1907,0
East Timor,1908,0
East Timor,1909,0
East Timor,1910,0
East Timor,1911,0
East Timor,1912,0
East Timor,1913,0
East Timor,1914,0
East Timor,1915,0
East Timor,1916,0
East Timor,1917,0
East Timor,1918,0
East Timor,1919,0
East Timor,1920,0
East Timor,1921,0
East Timor,1922,0
East Timor,1923,0
East Timor,1924,0
East Timor,1925,0
East Timor,1926,0
East Timor,1927,0
East Timor,1928,0
East Timor,1929,0
East Timor,1930,0
East Timor,1931,0
East Timor,1932,0
East Timor,1933,0
East Timor,1934,0
East Timor,1935,0
East Timor,1936,0
East Timor,1937,0
East Timor,1938,0
East Timor,1939,0
East Timor,1940,0
East Timor,1941,0
East Timor,1942,0
East Timor,1943,0
East Timor,1944,0
East Timor,1945,0
East Timor,1946,0
East Timor,1947,0
East Timor,1948,0
East Timor,1949,0
East Timor,1950,0
East Timor,1951,0
East Timor,1952,0
East Timor,1953,0
East Timor,1954,0
East Timor,1955,0
East Timor,1956,0
East Timor,1957,0
East Timor,1958,0
East Timor,1959,0
East Timor,1960,0
East Timor,1961,0
East Timor,1962,0
East Timor,1963,0
East Timor,1964,0
East Timor,1965,0
East Timor,1966,0
East Timor,1967,0
East Timor,1968,0
East Timor,1969,0
East Timor,1970,0
East Timor,1971,0
East Timor,1972,0
East Timor,1973,0
East Timor,1974,0
East Timor,1975,0
East Timor,1976,0
East Timor,1977,0
East Timor,1978,0
East Timor,1979,0
East Timor,1980,0
East Timor,1981,0
East Timor,1982,0
East Timor,1983,0
East Timor,1984,0
East Timor,1985,0
East Timor,1986,0
East Timor,1987,0
East Timor,1988,0
East Timor,1989,0
East Timor,1990,0
East Timor,1991,0
East Timor,1992,0
East Timor,1993,0
East Timor,1994,0
East Timor,1995,0
East Timor,1996,0
East Timor,1997,0
East Timor,1998,0
East Timor,1999,0
East Timor,2000,0
East Timor,2001,0
East Timor,2002,1
East Timor,2003,1
East Timor,2004,1
East Timor,2005,1
East Timor,2006,1
East Timor,2007,1
East Timor,2008,1
East Timor,2009,1
East Timor,2010,1
East Timor,2011,1
East Timor,2012,1
East Timor,2013,1
East Timor,2014,1
East Timor,2015,1
East Timor,2016,1
East Timor,2017,1
East Timor,2018,1
East Timor,2019,1
East Timor,2020,1
East Timor,2021,1
East Timor,2022,1
East Timor,2023,1
East Timor,2024,1
East Timor,2025,1
Eritrea,1900,0
Eritrea,1901,0
Eritrea,1902,0
Eritrea,1903,0
Eritrea,1904,0
Eritrea,1905,0
Eritrea,1906,0
Eritrea,1907,0
Eritrea,1908,0
Eritrea,1909,0
Eritrea,1910,0
Eritrea,1911,0
Eritrea,1912,0
Eritrea,1913,0
Eritrea,1914,0
Eritrea,1915,0
Eritrea,1916,0
Eritrea,1917,0
Eritrea,1918,0
Eritrea,1919,0
Eritrea,1920,0
Eritrea,1921,0
Eritrea,1922,0
Eritrea,1923,0
Eritrea,1924,0
Eritrea,1925,0
Eritrea,1926,0
Eritrea,1927,0
Eritrea,1928,0
Eritrea,1929,0
Eritrea,1930,0
Eritrea,1931,0
Eritrea,1932,0
Eritrea,1933,0
Eritrea,1934,0
Eritrea,1935,0
Eritrea,1936,0
Eritrea,1937,0
Eritrea,1938,0
Eritrea,1939,0
Eritrea,1940,0
Eritrea,1941,0
Eritrea,1942,0
Eritrea,1943,0
Eritrea,1944,0
Eritrea,1945,0
Eritrea,1946,0
Eritrea,1947,0
Eritrea,1948,0
Eritrea,1949,0
Eritrea,1950,0
Eritrea,1951,0
Eritrea,1952,0
Eritrea,1953,0
Eritrea,1954,0
Eritrea,1955,0
Eritrea,1956,0
Eritrea,1957,0
Eritrea,1958,0
Eritrea,1959,0
Eritrea,1960,0
Eritrea,1961,0
Eritrea,1962,0
Eritrea,1963,0
Eritrea,1964,0
Eritrea,1965,0
Eritrea,1966,0
Eritrea,1967,0
Eritrea,1968,0
Eritrea,1969,0
Eritrea,1970,0
Eritrea,1971,0
Eritrea,1972,0
Eritrea,1973,0
Eritrea,1974,0
Eritrea,1975,0
Eritrea,1976,0
Eritrea,1977,0
Eritrea,1978,0
Eritrea,1979,0
Eritrea,1980,0
Eritrea,1981,0
Eritrea,1982,0
Eritrea,1983,0
Eritrea,1984,0
Eritrea,1985,0
Eritrea,1986,0
Eritrea,1987,0
Eritrea,1988,0
Eritrea,1989,0
Eritrea,1990,0
Eritrea,1991,0
Eritrea,1992,0
Eritrea,1993,0
Eritrea,1994,0
Eritrea,1995,0
Eritrea,1996,0
Eritrea,1997,0
Eritrea,1998,0
Eritrea,1999,0
Eritrea,2000,0
Eritrea,2001,0
Eritrea,2002,0
Eritrea,2003,0
Eritrea,2004,0
Eritrea,2005,0
Eritrea,2006,0
Eritrea,2007,0
Eritrea,2008,0
Eritrea,2009,0
Eritrea,2010,0
Eritrea,2011,0
Eritrea,2012,0
Eritrea,2013,0
Eritrea,2014,0
Eritrea,2015,0
Eritrea,2016,0
Eritrea,2017,0
Eritrea,2018,0
Eritrea,2019,0
Eritrea,2020,0
Eritrea,2021,0
Eritrea,2022,0
Eritrea,2023,0
Eritrea,2024,0
Eritrea,2025,0
Estonia,1900,0
Estonia,1901,0
Estonia,1902,0
Estonia,1903,0
Estonia,1904,0
Estonia,1905,0
Estonia,1906,0
Estonia,1907,0
Estonia,1908,0
Estonia,1909,0
Estonia,1910,0
Estonia,1911,0
Estonia,1912,0
Estonia,1913,0
Estonia,1914,0
Estonia,1915,0
Estonia,1916,0
Estonia,1917,0
Estonia,1918,0
Estonia,1919,0
Estonia,1920,1
Estonia,1921,1
Estonia,1922,1
Estonia,1923,1
Estonia,1924,1
Estonia,1925,1
Estonia,1926,1
Estonia,1927,1
Estonia,1928,1
Estonia,1929,1
Estonia,1930,1
Estonia,1931,1
Estonia,1932,1
Estonia,1933,1
Estonia,1934,0
Estonia,1935,0
Estonia,1936,0
Estonia,1937,0
Estonia,1938,0
Estonia,1939,0
Estonia,1940,0
Estonia,1941,0
Estonia,1942,0
Estonia,1943,0
Estonia,1944,0
Estonia,1945,0
Estonia,1946,0
Estonia,1947,0
Estonia,1948,0
Estonia,1949,0
Estonia,1950,0
Estonia,1951,0
Estonia,1952,0
Estonia,1953,0
Estonia,1954,0
Estonia,1955,0
Estonia,1956,0
Estonia,1957,0
Estonia,1958,0
Estonia,1959,0
Estonia,1960,0
Estonia,1961,0
Estonia,1962,0
Estonia,1963,0
Estonia,1964,0
Estonia,1965,0
Estonia,1966,0
Estonia,1967,0
Estonia,1968,0
Estonia,1969,0
Estonia,1970,0
Estonia,1971,0
Estonia,1972,0
Estonia,1973,0
Estonia,1974,0
Estonia,1975,0
Estonia,1976,0
Estonia,1977,0
Estonia,1978,0
Estonia,1979,0
Estonia,1980,0
Estonia,1981,0
Estonia,1982,0
Estonia,1983,0
Estonia,1984,0
Estonia,1985,0
Estonia,1986,0
Estonia,1987,0
Estonia,1988,0
Estonia,1989,0
Estonia,1990,1
Estonia,1991,1
Estonia,1992,0
Estonia,1993,1
Estonia,1994,1
Estonia,1995,1
Estonia,1996,1
Estonia,1997,1
Estonia,1998,1
Estonia,1999,1
Estonia,2000,1
Estonia,2001,1
Estonia,2002,1
Estonia,2003,1
Estonia,2004,1
Estonia,2005,1
Estonia,2006,1
Estonia,2007,1
Estonia,2008,1
Estonia,2009,1
Estonia,2010,1
Estonia,2011,1
Estonia,2012,1
Estonia,2013,1
Estonia,2014,1
Estonia,2015,1
Estonia,2016,1
Estonia,2017,1
Estonia,2018,1
Estonia,2019,1
Estonia,2020,1
Estonia,2021,1
Estonia,2022,1
Estonia,2023,1
Estonia,2024,1
Estonia,2025,1
Eswatini,1900,0
Eswatini,1901,0
Eswatini,1902,0
Eswatini,1903,0
Eswatini,1904,0
Eswatini,1905,0
Eswatini,1906,0
Eswatini,1907,0
Eswatini,1908,0
Eswatini,1909,0
Eswatini,1910,0
Eswatini,1911,0
Eswatini,1912,0
Eswatini,1913,0
Eswatini,1914,0
Eswatini,1915,0
Eswatini,1916,0
Eswatini,1917,0
Eswatini,1918,0
Eswatini,1919,0
Eswatini,1920,0
Eswatini,1921,0
Eswatini,1922,0
Eswatini,1923,0
Eswatini,1924,0
Eswatini,1925,0
Eswatini,1926,0
Eswatini,1927,0
Eswatini,1928,0
Eswatini,1929,0
Eswatini,1930,0
Eswatini,1931,0
Eswatini,1932,0
Eswatini,1933,0
Eswatini,1934,0
Eswatini,1935,0
Eswatini,1936,0
Eswatini,1937,0
Eswatini,1938,0
Eswatini,1939,0
Eswatini,1940,0
Eswatini,1941,0
Eswatini,1942,0
Eswatini,1943,0
Eswatini,1944,0
Eswatini,1945,0
Eswatini,1946,0
Eswatini,1947,0
Eswatini,1948,0
Eswatini,1949,0
Eswatini,1950,0
Eswatini,1951,0
Eswatini,1952,0
Eswatini,1953,0
Eswatini,1954,0
Eswatini,1955,0
Eswatini,1956,0
Eswatini,1957,0
Eswatini,1958,0
Eswatini,1959,0
Eswatini,1960,0
Eswatini,1961,0
Eswatini,1962,0
Eswatini,1963,0
Eswatini,1964,0
Eswatini,1965,0
Eswatini,1966,0
Eswatini,1967,0
Eswatini,1968,0
Eswatini,1969,0
Eswatini,1970,0
Eswatini,1971,0
Eswatini,1972,0
Eswatini,1973,0
Eswatini,1974,0
Eswatini,1975,0
Eswatini,1976,0
Eswatini,1977,0
Eswatini,1978,0
Eswatini,1979,0
Eswatini,1980,0
Eswatini,1981,0
Eswatini,1982,0
Eswatini,1983,0
Eswatini,1984,0
Eswatini,1985,0
Eswatini,1986,0
Eswatini,1987,0
Eswatini,1988,0
Eswatini,1989,0
Eswatini,1990,0
Eswatini,1991,0
Eswatini,1992,0
Eswatini,1993,0
Eswatini,1994,0
Eswatini,1995,0
Eswatini,1996,0
Eswatini,1997,0
Eswatini,1998,0
Eswatini,1999,0
Eswatini,2000,0
Eswatini,2001,0
Eswatini,2002,0
Eswatini,2003,0
Eswatini,2004,0
Eswatini,2005,0
Eswatini,2006,0
Eswatini,2007,0
Eswatini,2008,0
Eswatini,2009,0
Eswatini,2010,0
Eswatini,2011,0
Eswatini,2012,0
Eswatini,2013,0
Eswatini,2014,0
Eswatini,2015,0
Eswatini,2016,0
Eswatini,2017,0
Eswatini,2018,0
Eswatini,2019,0
Eswatini,2020,0
Eswatini,2021,0
Eswatini,2022,0
Eswatini,2023,0
Eswatini,2024,0
Eswatini,2025,0
Ethiopia,1900,0
Ethiopia,1901,0
Ethiopia,1902,0
Ethiopia,1903,0
Ethiopia,1904,0
Ethiopia,1905,0
Ethiopia,1906,0
Ethiopia,1907,0
Ethiopia,1908,0
Ethiopia,1909,0
Ethiopia,1910,0
Ethiopia,1911,0
Ethiopia,1912,0
Ethiopia,1913,0
Ethiopia,1914,0
Ethiopia,1915,0
Ethiopia,1916,0
Ethiopia,1917,0
Ethiopia,1918,0
Ethiopia,1919,0
Ethiopia,1920,0
Ethiopia,1921,0
Ethiopia,1922,0
Ethiopia,1923,0
Ethiopia,1924,0
Ethiopia,1925,0
Ethiopia,1926,0
Ethiopia,1927,0
Ethiopia,1928,0
Ethiopia,1929,0
Ethiopia,1930,0
Ethiopia,1931,0
Ethiopia,1932,0
Ethiopia,1933,0
Ethiopia,1934,0
Ethiopia,1935,0
Ethiopia,1936,0
Ethiopia,1937,0
Ethiopia,1938,0
Ethiopia,1939,0
Ethiopia,1940,0
Ethiopia,1941,0
Ethiopia,1942,0
Ethiopia,1943,0
Ethiopia,1944,0
Ethiopia,1945,0
Ethiopia,1946,0
Ethiopia,1947,0
Ethiopia,1948,0
Ethiopia,1949,0
Ethiopia,1950,0
Ethiopia,1951,0
Ethiopia,1952,0
Ethiopia,1953,0
Ethiopia,1954,0
Ethiopia,1955,0
Ethiopia,1956,0
Ethiopia,1957,0
Ethiopia,1958,0
Ethiopia,1959,0
Ethiopia,1960,0
Ethiopia,1961,0
Ethiopia,1962,0
Ethiopia,1963,0
Ethiopia,1964,0
Ethiopia,1965,0
Ethiopia,1966,0
Ethiopia,1967,0
Ethiopia,1968,0
Ethiopia,1969,0
Ethiopia,1970,0
Ethiopia,1971,0
Ethiopia,1972,0
Ethiopia,1973,0
Ethiopia,1974,0
Ethiopia,1975,0
Ethiopia,1976,0
Ethiopia,1977,0
Ethiopia,1978,0
Ethiopia,1979,0
Ethiopia,1980,0
Ethiopia,1981,0
Ethiopia,1982,0
Ethiopia,1983,0
Ethiopia,1984,0
Ethiopia,1985,0
Ethiopia,1986,0
Ethiopia,1987,0
Ethiopia,1988,0
Ethiopia,1989,0
Ethiopia,1990,0
Ethiopia,1991,0
Ethiopia,1992,0
Ethiopia,1993,0
Ethiopia,1994,0
Ethiopia,1995,0
Ethiopia,1996,0
Ethiopia,1997,0
Ethiopia,1998,0
Ethiopia,1999,0
Ethiopia,2000,0
Ethiopia,2001,0
Ethiopia,2002,0
Ethiopia,2003,0
Ethiopia,2004,0
Ethiopia,2005,0
Ethiopia,2006,0
Ethiopia,2007,0
Ethiopia,2008,0
Ethiopia,2009,0
Ethiopia,2010,0
Ethiopia,2011,0
Ethiopia,2012,0
Ethiopia,2013,0
Ethiopia,2014,0
Ethiopia,2015,0
Ethiopia,2016,0
Ethiopia,2017,0
Ethiopia,2018,0
Ethiopia,2019,0
Ethiopia,2020,0
Ethiopia,2021,0
Ethiopia,2022,0
Ethiopia,2023,0
Ethiopia,2024,0
Ethiopia,2025,0
Fiji,1900,0
Fiji,1901,0
Fiji,1902,0
Fiji,1903,0
Fiji,1904,0
Fiji,1905,0
Fiji,1906,0
Fiji,1907,0
Fiji,1908,0
Fiji,1909,0
Fiji,1910,0
Fiji,1911,0
Fiji,1912,0
Fiji,1913,0
Fiji,1914,0
Fiji,1915,0
Fiji,1916,0
Fiji,1917,0
Fiji,1918,0
Fiji,1919,0
Fiji,1920,0
Fiji,1921,0
Fiji,1922,0
Fiji,1923,0
Fiji,1924,0
Fiji,1925,0
Fiji,1926,0
Fiji,1927,0
Fiji,1928,0
Fiji,1929,0
Fiji,1930,0
Fiji,1931,0
Fiji,1932,0
Fiji,1933,0
Fiji,1934,0
Fiji,1935,0
Fiji,1936,0
Fiji,1937,0
Fiji,1938,0
Fiji,1939,0
Fiji,1940,0
Fiji,1941,0
Fiji,1942,0
Fiji,1943,0
Fiji,1944,0
Fiji,1945,0
Fiji,1946,0
Fiji,1947,0
Fiji,1948,0
Fiji,1949,0
Fiji,1950,0
Fiji,1951,0
Fiji,1952,0
Fiji,1953,0
Fiji,1954,0
Fiji,1955,0
Fiji,1956,0
Fiji,1957,0
Fiji,1958,0
Fiji,1959,0
Fiji,1960,0
Fiji,1961,0
Fiji,1962,0
Fiji,1963,0
Fiji,1964,0
Fiji,1965,0
Fiji,1966,0
Fiji,1967,0
Fiji,1968,0
Fiji,1969,0
Fiji,1970,1
Fiji,1971,1
Fiji,1972,1
Fiji,1973,1
Fiji,1974,1
Fiji,1975,1
Fiji,1976,1
Fiji,1977,1
Fiji,1978,1
Fiji,1979,1
Fiji,1980,1
Fiji,1981,1
Fiji,1982,1
Fiji,1983,1
Fiji,1984,1
Fiji,1985,1
Fiji,1986,1
Fiji,1987,0
Fiji,1988,0
Fiji,1989,0
Fiji,1990,0
Fiji,1991,0
Fiji,1992,0
Fiji,1993,1
Fiji,1994,1
Fiji,1995,1
Fiji,1996,1
Fiji,1997,1
Fiji,1998,1
Fiji,1999,1
Fiji,2000,0
Fiji,2001,0
Fiji,2002,0
Fiji,2003,1
Fiji,2004,1
Fiji,2005,1
Fiji,2006,0
Fiji,2007,0
Fiji,2008,0
Fiji,2009,0
Fiji,2010,0
Fiji,2011,0
Fiji,2012,0
Fiji,2013,0
Fiji,2014,0
Fiji,2015,0
Fiji,2016,0
Fiji,2017,0
Fiji,2018,0
Fiji,2019,0
Fiji,2020,0
Fiji,2021,0
Fiji,2022,0
Fiji,2023,1
Fiji,2024,1
Fiji,2025,1
Finland,1900,0
Finland,1901,0
Finland,1902,0
Finland,1903,0
Finland,1904,0
Finland,1905,0
Finland,1906,0
Finland,1907,0
Finland,1908,0
Finland,1909,0
Finland,1910,0
Finland,1911,0
Finland,1912,0
Finland,1913,0
Finland,1914,0
Finland,1915,0
Finland,1916,0
Finland,1917,0
Finland,1918,1
Finland,1919,1
Finland,1920,1
Finland,1921,1
Finland,1922,1
Finland,1923,1
Finland,1924,1
Finland,1925,1
Finland,1926,1
Finland,1927,1
Finland,1928,1
Finland,1929,1
Finland,1930,1
Finland,1931,1
Finland,1932,1
Finland,1933,1
Finland,1934,1
Finland,1935,1
Finland,1936,1
Finland,1937,1
Finland,1938,1
Finland,1939,1
Finland,1940,1
Finland,1941,1
Finland,1942,0
Finland,1943,0
Finland,1944,0
Finland,1945,1
Finland,1946,1
Finland,1947,1
Finland,1948,1
Finland,1949,1
Finland,1950,1
Finland,1951,1
Finland,1952,1
Finland,1953,1
Finland,1954,1
Finland,1955,1
Finland,1956,1
Finland,1957,1
Finland,1958,1
Finland,1959,1
Finland,1960,1
Finland,1961,1
Finland,1962,1
Finland,1963,1
Finland,1964,1
Finland,1965,1
Finland,1966,1
Finland,1967,1
Finland,1968,1
Finland,1969,1
Finland,1970,1
Finland,1971,1
Finland,1972,1
Finland,1973,1
Finland,1974,1
Finland,1975,1
Finland,1976,1
Finland,1977,1
Finland,1978,1
Finland,1979,1
Finland,1980,1
Finland,1981,1
Finland,1982,1
Finland,1983,1
Finland,1984,1
Finland,1985,1
Finland,1986,1
Finland,1987,1
Finland,1988,1
Finland,1989,1
Finland,1990,1
Finland,1991,1
Finland,1992,1
Finland,1993,1
Finland,1994,1
Finland,1995,1
Finland,1996,1
Finland,1997,1
Finland,1998,1
Finland,1999,1
Finland,2000,1
Finland,2001,1
Finland,2002,1
Finland,2003,1
Finland,2004,1
Finland,2005,1
Finland,2006,1
Finland,2007,1
Finland,2008,1
Finland,2009,1
Finland,2010,1
Finland,2011,1
Finland,2012,1
Finland,2013,1
Finland,2014,1
Finland,2015,1
Finland,2016,1
Finland,2017,1
Finland,2018,1
Finland,2019,1
Finland,2020,1
Finland,2021,1
Finland,2022,1
Finland,2023,1
Finland,2024,1
Finland,2025,1
France,1900,1
France,1901,1
France,1902,1
France,1903,1
France,1904,1
France,1905,1
France,1906,1
France,1907,1
France,1908,1
France,1909,1
France,1910,1
France,1911,1
France,1912,1
France,1913,1
France,1914,1
France,1915,1
France,1916,1
France,1917,1
France,1918,1
France,1919,1
France,1920,1
France,1921,1
France,1922,1
France,1923,1
France,1924,1
France,1925,1
France,1926,1
France,1927,1
France,1928,1
France,1929,1
France,1930,1
France,1931,1
France,1932,1
France,1933,1
France,1934,1
France,1935,1
France,1936,1
France,1937,1
France,1938,1
France,1939,1
France,1940,0
France,1941,0
France,1942,0
France,1943,0
France,1944,0
France,1945,0
France,1946,0
France,1947,1
France,1948,1
France,1949,1
France,1950,1
France,1951,1
France,1952,1
France,1953,1
France,1954,1
France,1955,1
France,1956,1
France,1957,1
France,1958,1
France,1959,1
France,1960,1
France,1961,1
France,1962,1
France,1963,1
France,1964,1
France,1965,1
France,1966,1
France,1967,1
France,1968,1
France,1969,1
France,1970,1
France,1971,1
France,1972,1
France,1973,1
France,1974,1
France,1975,1
France,1976,1
France,1977,1
France,1978,1
France,1979,1
France,1980,1
France,1981,1
France,1982,1
France,1983,1
France,1984,1
France,1985,1
France,1986,1
France,1987,1
France,1988,1
France,1989,1
France,1990,1
France,1991,1
France,1992,1
France,1993,1
France,1994,1
France,1995,1
France,1996,1
France,1997,1
France,1998,1
France,1999,1
France,2000,1
France,2001,1
France,2002,1
France,2003,1
France,2004,1
France,2005,1
France,2006,1
France,2007,1
France,2008,1
France,2009,1
France,2010,1
France,2011,1
France,2012,1
France,2013,1
France,2014,1
France,2015,1
France,2016,1
France,2017,1
France,2018,1
France,2019,1
France,2020,1
France,2021,1
France,2022,1
France,2023,1
France,2024,1
France,2025,1
Georgia,1900,0
Georgia,1901,0
Georgia,1902,0
Georgia,1903,0
Georgia,1904,0
Georgia,1905,0
Georgia,1906,0
Georgia,1907,0
Georgia,1908,0
Georgia,1909,0
Georgia,1910,0
Georgia,1911,0
Georgia,1912,0
Georgia,1913,0
Georgia,1914,0
Georgia,1915,0
Georgia,1916,0
Georgia,1917,0
Georgia,1918,0
Georgia,1919,0
Georgia,1920,0
Georgia,1921,0
Georgia,1922,0
Georgia,1923,0
Georgia,1924,0
Georgia,1925,0
Georgia,1926,0
Georgia,1927,0
Georgia,1928,0
Georgia,1929,0
Georgia,1930,0
Georgia,1931,0
Georgia,1932,0
Georgia,1933,0
Georgia,1934,0
Georgia,1935,0
Georgia,1936,0
Georgia,1937,0
Georgia,1938,0
Georgia,1939,0
Georgia,1940,0
Georgia,1941,0
Georgia,1942,0
Georgia,1943,0
Georgia,1944,0
Georgia,1945,0
Georgia,1946,0
Georgia,1947,0
Georgia,1948,0
Georgia,1949,0
Georgia,1950,0
Georgia,1951,0
Georgia,1952,0
Georgia,1953,0
Georgia,1954,0
Georgia,1955,0
Georgia,1956,0
Georgia,1957,0
Georgia,1958,0
Georgia,1959,0
Georgia,1960,0
Georgia,1961,0
Georgia,1962,0
Georgia,1963,0
Georgia,1964,0
Georgia,1965,0
Georgia,1966,0
Georgia,1967,0
Georgia,1968,0
Georgia,1969,0
Georgia,1970,0
Georgia,1971,0
Georgia,1972,0
Georgia,1973,0
Georgia,1974,0
Georgia,1975,0
Georgia,1976,0
Georgia,1977,0
Georgia,1978,0
Georgia,1979,0
Georgia,1980,0
Georgia,1981,0
Georgia,1982,0
Georgia,1983,0
Georgia,1984,0
Georgia,1985,0
Georgia,1986,0
Georgia,1987,0
Georgia,1988,0
Georgia,1989,0
Georgia,1990,0
Georgia,1991,0
Georgia,1992,0
Georgia,1993,0
Georgia,1994,0
Georgia,1995,0
Georgia,1996,0
Georgia,1997,0
Georgia,1998,0
Georgia,1999,0
Georgia,2000,0
Georgia,2001,0
Georgia,2002,0
Georgia,2003,0
Georgia,2004,1
Georgia,2005,1
Georgia,2006,1
Georgia,2007,1
Georgia,2008,0
Georgia,2009,0
Georgia,2010,0
Georgia,2011,0
Georgia,2012,1
Georgia,2013,1
Georgia,2014,1
Georgia,2015,1
Georgia,2016,1
Georgia,2017,1
Georgia,2018,1
Georgia,2019,1
Georgia,2020,1
Georgia,2021,1
Georgia,2022,1
Georgia,2023,1
Georgia,2024,0
Georgia,2025,0
Guatemala,1900,0
Guatemala,1901,0
Guatemala,1902,0
Guatemala,1903,0
Guatemala,1904,0
Guatemala,1905,0
Guatemala,1906,0
Guatemala,1907,0
Guatemala,1908,0
Guatemala,1909,0
Guatemala,1910,0
Guatemala,1911,0
Guatemala,1912,0
Guatemala,1913,0
Guatemala,1914,0
Guatemala,1915,0
Guatemala,1916,0
Guatemala,1917,0
Guatemala,1918,0
Guatemala,1919,0
Guatemala,1920,0
Guatemala,1921,0
Guatemala,1922,0
Guatemala,1923,0
Guatemala,1924,0
Guatemala,1925,0
Guatemala,1926,0
Guatemala,1927,0
Guatemala,1928,0
Guatemala,1929,0
Guatemala,1930,0
Guatemala,1931,0
Guatemala,1932,0
Guatemala,1933,0
Guatemala,1934,0
Guatemala,1935,0
Guatemala,1936,0
Guatemala,1937,0
Guatemala,1938,0
Guatemala,1939,0
Guatemala,1940,0
Guatemala,1941,0
Guatemala,1942,0
Guatemala,1943,0
Guatemala,1944,0
Guatemala,1945,0
Guatemala,1946,0
Guatemala,1947,0
Guatemala,1948,0
Guatemala,1949,0
Guatemala,1950,0
Guatemala,1951,0
Guatemala,1952,0
Guatemala,1953,0
Guatemala,1954,0
Guatemala,1955,0
Guatemala,1956,0
Guatemala,1957,0
Guatemala,1958,0
Guatemala,1959,0
Guatemala,1960,0
Guatemala,1961,0
Guatemala,1962,0
Guatemala,1963,0
Guatemala,1964,0
Guatemala,1965,0
Guatemala,1966,0
Guatemala,1967,0
Guatemala,1968,0
Guatemala,1969,0
Guatemala,1970,0
Guatemala,1971,0
Guatemala,1972,0
Guatemala,1973,0
Guatemala,1974,0
Guatemala,1975,0
Guatemala,1976,0
Guatemala,1977,0
Guatemala,1978,0
Guatemala,1979,0
Guatemala,1980,0
Guatemala,1981,0
Guatemala,1982,0
Guatemala,1983,0
Guatemala,1984,0
Guatemala,1985,0
Guatemala,1986,0
Guatemala,1987,0
Guatemala,1988,0
Guatemala,1989,0
Guatemala,1990,0
Guatemala,1991,0
Guatemala,1992,0
Guatemala,1993,0
Guatemala,1994,0
Guatemala,1995,0
Guatemala,1996,0
Guatemala,1997,0
Guatemala,1998,0
Guatemala,1999,0
Guatemala,2000,1
Guatemala,2001,1
Guatemala,2002,1
Guatemala,2003,1
Guatemala,2004,1
Guatemala,2005,1
Guatemala,2006,1
Guatemala,2007,1
Guatemala,2008,1
Guatemala,2009,1
Guatemala,2010,1
Guatemala,2011,1
Guatemala,2012,1
Guatemala,2013,1
Guatemala,2014,1
Guatemala,2015,1
Guatemala,2016,1
Guatemala,2017,1
Guatemala,2018,1
Guatemala,2019,1
Guatemala,2020,1
Guatemala,2021,1
Guatemala,2022,1
Guatemala,2023,1
Guatemala,2024,1
Guatemala,2025,1
Guinea-Bissau,1900,0
Guinea-Bissau,1901,0
Guinea-Bissau,1902,0
Guinea-Bissau,1903,0
Guinea-Bissau,1904,0
Guinea-Bissau,1905,0
Guinea-Bissau,1906,0
Guinea-Bissau,1907,0
Guinea-Bissau,1908,0
Guinea-Bissau,1909,0
Guinea-Bissau,1910,0
Guinea-Bissau,1911,0
Guinea-Bissau,1912,0
Guinea-Bissau,1913,0
Guinea-Bissau,1914,0
Guinea-Bissau,1915,0
Guinea-Bissau,1916,0
Guinea-Bissau,1917,0
Guinea-Bissau,1918,0
Guinea-Bissau,1919,0
Guinea-Bissau,1920,0
Guinea-Bissau,1921,0
Guinea-Bissau,1922,0
Guinea-Bissau,1923,0
Guinea-Bissau,1924,0
Guinea-Bissau,1925,0
Guinea-Bissau,1926,0
Guinea-Bissau,1927,0
Guinea-Bissau,1928,0
Guinea-Bissau,1929,0
Guinea-Bissau,1930,0
Guinea-Bissau,1931,0
Guinea-Bissau,1932,0
Guinea-Bissau,1933,0
Guinea-Bissau,1934,0
Guinea-Bissau,1935,0
Guinea-Bissau,1936,0
Guinea-Bissau,1937,0
Guinea-Bissau,1938,0
Guinea-Bissau,1939,0
Guinea-Bissau,1940,0
Guinea-Bissau,1941,0
Guinea-Bissau,1942,0
Guinea-Bissau,1943,0
Guinea-Bissau,1944,0
Guinea-Bissau,1945,0
Guinea-Bissau,1946,0
Guinea-Bissau,1947,0
Guinea-Bissau,1948,0
Guinea-Bissau,1949,0
Guinea-Bissau,1950,0
Guinea-Bissau,1951,0
Guinea-Bissau,1952,0
Guinea-Bissau,1953,0
Guinea-Bissau,1954,0
Guinea-Bissau,1955,0
Guinea-Bissau,1956,0
Guinea-Bissau,1957,0
Guinea-Bissau,1958,0
Guinea-Bissau,1959,0
Guinea-Bissau,1960,0
Guinea-Bissau,1961,0
Guinea-Bissau,1962,0
Guinea-Bissau,1963,0
Guinea-Bissau,1964,0
Guinea-Bissau,1965,0
Guinea-Bissau,1966,0
Guinea-Bissau,1967,0
Guinea-Bissau,1968,0
Guinea-Bissau,1969,0
Guinea-Bissau,1970,0
Guinea-Bissau,1971,0
Guinea-Bissau,1972,0
Guinea-Bissau,1973,0
Guinea-Bissau,1974,0
Guinea-Bissau,1975,0
Guinea-Bissau,1976,0
Guinea-Bissau,1977,0
Guinea-Bissau,1978,0
Guinea-Bissau,1979,0
Guinea-Bissau,1980,0
Guinea-Bissau,1981,0
Guinea-Bissau,1982,0
Guinea-Bissau,1983,0
Guinea-Bissau,1984,0
Guinea-Bissau,1985,0
Guinea-Bissau,1986,0
Guinea-Bissau,1987,0
Guinea-Bissau,1988,0
Guinea-Bissau,1989,0
Guinea-Bissau,1990,0
Guinea-Bissau,1991,0
Guinea-Bissau,1992,0
Guinea-Bissau,1993,0
Guinea-Bissau,1994,0
Guinea-Bissau,1995,0
Guinea-Bissau,1996,0
Guinea-Bissau,1997,0
Guinea-Bissau,1998,0
Guinea-Bissau,1999,0
Guinea-Bissau,2000,0
Guinea-Bissau,2001,0
Guinea-Bissau,2002,0
Guinea-Bissau,2003,0
Guinea-Bissau,2004,0
Guinea-Bissau,2005,0
Guinea-Bissau,2006,0
Guinea-Bissau,2007,0
Guinea-Bissau,2008,0
Guinea-Bissau,2009,0
Guinea-Bissau,2010,0
Guinea-Bissau,2011,0
Guinea-Bissau,2012,0
Guinea-Bissau,2013,0
Guinea-Bissau,2014,0
Guinea-Bissau,2015,1
Guinea-Bissau,2016,1
Guinea-Bissau,2017,0
Guinea-Bissau,2018,1
Guinea-Bissau,2019,1
Guinea-Bissau,2020,1
Guinea-Bissau,2021,1
Guinea-Bissau,2022,0
Guinea-Bissau,2023,0
Guinea-Bissau,2024,0
Guinea-Bissau,2025,0
Guyana,1900,0
Guyana,1901,0
Guyana,1902,0
Guyana,1903,0
Guyana,1904,0
Guyana,1905,0
Guyana,1906,0
Guyana,1907,0
Guyana,1908,0
Guyana,1909,0
Guyana,1910,0
Guyana,1911,0
Guyana,1912,0
Guyana,1913,0
Guyana,1914,0
Guyana,1915,0
Guyana,1916,0
Guyana,1917,0
Guyana,1918,0
Guyana,1919,0
Guyana,1920,0
Guyana,1921,0
Guyana,1922,0
Guyana,1923,0
Guyana,1924,0
Guyana,1925,0
Guyana,1926,0
Guyana,1927,0
Guyana,1928,0
Guyana,1929,0
Guyana,1930,0
Guyana,1931,0
Guyana,1932,0
Guyana,1933,0
Guyana,1934,0
Guyana,1935,0
Guyana,1936,0
Guyana,1937,0
Guyana,1938,0
Guyana,1939,0
Guyana,1940,0
Guyana,1941,0
Guyana,1942,0
Guyana,1943,0
Guyana,1944,0
Guyana,1945,0
Guyana,1946,0
Guyana,1947,0
Guyana,1948,0
Guyana,1949,0
Guyana,1950,0
Guyana,1951,0
Guyana,1952,0
Guyana,1953,0
Guyana,1954,0
Guyana,1955,0
Guyana,1956,0
Guyana,1957,0
Guyana,1958,0
Guyana,1959,0
Guyana,1960,0
Guyana,1961,0
Guyana,1962,0
Guyana,1963,0
Guyana,1964,0
Guyana,1965,0
Guyana,1966,0
Guyana,1967,0
Guyana,1968,0
Guyana,1969,0
Guyana,1970,0
Guyana,1971,0
Guyana,1972,0
Guyana,1973,0
Guyana,1974,0
Guyana,1975,0
Guyana,1976,0
Guyana,1977,0
Guyana,1978,0
Guyana,1979,0
Guyana,1980,0
Guyana,1981,0
Guyana,1982,0
Guyana,1983,0
Guyana,1984,0
Guyana,1985,0
Guyana,1986,0
Guyana,1987,0
Guyana,1988,0
Guyana,1989,0
Guyana,1990,0
Guyana,1991,0
Guyana,1992,0
Guyana,1993,0
Guyana,1994,0
Guyana,1995,0
Guyana,1996,0
Guyana,1997,0
Guyana,1998,1
Guyana,1999,1
Guyana,2000,1
Guyana,2001,1
Guyana,2002,1
Guyana,2003,1
Guyana,2004,1
Guyana,2005,1
Guyana,2006,1
Guyana,2007,1
Guyana,2008,1
Guyana,2009,1
Guyana,2010,1
Guyana,2011,1
Guyana,2012,1
Guyana,2013,1
Guyana,2014,1
Guyana,2015,1
Guyana,2016,1
Guyana,2017,1
Guyana,2018,1
Guyana,2019,1
Guyana,2020,1
Guyana,2021,0
Guyana,2022,0
Guyana,2023,0
Guyana,2024,0
Guyana,2025,1
Haiti,1900,0
Haiti,1901,0
Haiti,1902,0
Haiti,1903,0
Haiti,1904,0
Haiti,1905,0
Haiti,1906,0
Haiti,1907,0
Haiti,1908,0
Haiti,1909,0
Haiti,1910,0
Haiti,1911,0
Haiti,1912,0
Haiti,1913,0
Haiti,1914,0
Haiti,1915,0
Haiti,1916,0
Haiti,1917,0
Haiti,1918,0
Haiti,1919,0
Haiti,1920,0
Haiti,1921,0
Haiti,1922,0
Haiti,1923,0
Haiti,1924,0
Haiti,1925,0
Haiti,1926,0
Haiti,1927,0
Haiti,1928,0
Haiti,1929,0
Haiti,1930,0
Haiti,1931,0
Haiti,1932,0
Haiti,1933,0
Haiti,1934,0
Haiti,1935,0
Haiti,1936,0
Haiti,1937,0
Haiti,1938,0
Haiti,1939,0
Haiti,1940,0
Haiti,1941,0
Haiti,1942,0
Haiti,1943,0
Haiti,1944,0
Haiti,1945,0
Haiti,1946,0
Haiti,1947,0
Haiti,1948,0
Haiti,1949,0
Haiti,1950,0
Haiti,1951,0
Haiti,1952,0
Haiti,1953,0
Haiti,1954,0
Haiti,1955,0
Haiti,1956,0
Haiti,1957,0
Haiti,1958,0
Haiti,1959,0
Haiti,1960,0
Haiti,1961,0
Haiti,1962,0
Haiti,1963,0
Haiti,1964,0
Haiti,1965,0
Haiti,1966,0
Haiti,1967,0
Haiti,1968,0
Haiti,1969,0
Haiti,1970,0
Haiti,1971,0
Haiti,1972,0
Haiti,1973,0
Haiti,1974,0
Haiti,1975,0
Haiti,1976,0
Haiti,1977,0
Haiti,1978,0
Haiti,1979,0
Haiti,1980,0
Haiti,1981,0
Haiti,1982,0
Haiti,1983,0
Haiti,1984,0
Haiti,1985,0
Haiti,1986,0
Haiti,1987,0
Haiti,1988,0
Haiti,1989,0
Haiti,1990,0
Haiti,1991,0
Haiti,1992,0
Haiti,1993,0
Haiti,1994,0
Haiti,1995,0
Haiti,1996,0
Haiti,1997,0
Haiti,1998,0
Haiti,1999,0
Haiti,2000,0
Haiti,2001,0
Haiti,2002,0
Haiti,2003,0
Haiti,2004,0
Haiti,2005,0
Haiti,2006,0
Haiti,2007,0
Haiti,2008,0
Haiti,2009,0
Haiti,2010,0
Haiti,2011,0
Haiti,2012,0
Haiti,2013,0
Haiti,2014,0
Haiti,2015,0
Haiti,2016,0
Haiti,2017,0
Haiti,2018,0
Haiti,2019,0
Haiti,2020,0
Haiti,2021,0
Haiti,2022,0
Haiti,2023,0
Haiti,2024,0
Haiti,2025,0
Hong Kong,1900,0
Hong Kong,1901,0
Hong Kong,1902,0
Hong Kong,1903,0
Hong Kong,1904,0
Hong Kong,1905,0
Hong Kong,1906,0
Hong Kong,1907,0
Hong Kong,1908,0
Hong Kong,1909,0
Hong Kong,1910,0
Hong Kong,1911,0
Hong Kong,1912,0
Hong Kong,1913,0
Hong Kong,1914,0
Hong Kong,1915,0
Hong Kong,1916,0
Hong Kong,1917,0
Hong Kong,1918,0
Hong Kong,1919,0
Hong Kong,1920,0
Hong Kong,1921,0
Hong Kong,1922,0
Hong Kong,1923,0
Hong Kong,1924,0
Hong Kong,1925,0
Hong Kong,1926,0
Hong Kong,1927,0
Hong Kong,1928,0
Hong Kong,1929,0
Hong Kong,1930,0
Hong Kong,1931,0
Hong Kong,1932,0
Hong Kong,1933,0
Hong Kong,1934,0
Hong Kong,1935,0
Hong Kong,1936,0
Hong Kong,1937,0
Hong Kong,1938,0
Hong Kong,1939,0
Hong Kong,1940,0
Hong Kong,1941,0
Hong Kong,1942,0
Hong Kong,1943,0
Hong Kong,1944,0
Hong Kong,1945,0
Hong Kong,1946,0
Hong Kong,1947,0
Hong Kong,1948,0
Hong Kong,1949,0
Hong Kong,1950,0
Hong Kong,1951,0
Hong Kong,1952,0
Hong Kong,1953,0
Hong Kong,1954,0
Hong Kong,1955,0
Hong Kong,1956,0
Hong Kong,1957,0
Hong Kong,1958,0
Hong Kong,1959,0
Hong Kong,1960,0
Hong Kong,1961,0
Hong Kong,1962,0
Hong Kong,1963,0
Hong Kong,1964,0
Hong Kong,1965,0
Hong Kong,1966,0
Hong Kong,1967,0
Hong Kong,1968,0
Hong Kong,1969,0
Hong Kong,1970,0
Hong Kong,1971,0
Hong Kong,1972,0
Hong Kong,1973,0
Hong Kong,1974,0
Hong Kong,1975,0
Hong Kong,1976,0
Hong Kong,1977,0
Hong Kong,1978,0
Hong Kong,1979,0
Hong Kong,1980,0
Hong Kong,1981,0
Hong Kong,1982,0
Hong Kong,1983,0
Hong Kong,1984,0
Hong Kong,1985,0
Hong Kong,1986,0
Hong Kong,1987,0
Hong Kong,1988,0
Hong Kong,1989,0
Hong Kong,1990,0
Hong Kong,1991,0
Hong Kong,1992,0
Hong Kong,1993,0
Hong Kong,1994,0
Hong Kong,1995,0
Hong Kong,1996,0
Hong Kong,1997,0
Hong Kong,1998,0
Hong Kong,1999,0
Hong Kong,2000,0
Hong Kong,2001,0
Hong Kong,2002,0
Hong Kong,2003,0
Hong Kong,2004,0
Hong Kong,2005,0
Hong Kong,2006,0
Hong Kong,2007,0
Hong Kong,2008,0
Hong Kong,2009,0
Hong Kong,2010,0
Hong Kong,2011,0
Hong Kong,2012,0
Hong Kong,2013,0
Hong Kong,2014,0
Hong Kong,2015,0
Hong Kong,2016,0
Hong Kong,2017,0
Hong Kong,2018,0
Hong Kong,2019,0
Hong Kong,2020,0
Hong Kong,2021,0
Hong Kong,2022,0
Hong Kong,2023,0
Hong Kong,2024,0
Hong Kong,2025,0
Hungary,1900,0
Hungary,1901,0
Hungary,1902,0
Hungary,1903,0
Hungary,1904,0
Hungary,1905,0
Hungary,1906,0
Hungary,1907,0
Hungary,1908,0
Hungary,1909,0
Hungary,1910,0
Hungary,1911,0
Hungary,1912,0
Hungary,1913,0
Hungary,1914,0
Hungary,1915,0
Hungary,1916,0
Hungary,1917,0
Hungary,1918,0
Hungary,1919,0
Hungary,1920,0
Hungary,1921,0
Hungary,1922,0
Hungary,1923,0
Hungary,1924,0
Hungary,1925,0
Hungary,1926,0
Hungary,1927,0
Hungary,1928,0
Hungary,1929,0
Hungary,1930,0
Hungary,1931,0
Hungary,1932,0
Hungary,1933,0
Hungary,1934,0
Hungary,1935,0
Hungary,1936,0
Hungary,1937,0
Hungary,1938,0
Hungary,1939,0
Hungary,1940,0
Hungary,1941,0
Hungary,1942,0
Hungary,1943,0
Hungary,1944,0
Hungary,1945,0
Hungary,1946,0
Hungary,1947,0
Hungary,1948,0
Hungary,1949,0
Hungary,1950,0
Hungary,1951,0
Hungary,1952,0
Hungary,1953,0
Hungary,1954,0
Hungary,1955,0
Hungary,1956,0
Hungary,1957,0
Hungary,1958,0
Hungary,1959,0
Hungary,1960,0
Hungary,1961,0
Hungary,1962,0
Hungary,1963,0
Hungary,1964,0
Hungary,1965,0
Hungary,1966,0
Hungary,1967,0
Hungary,1968,0
Hungary,1969,0
Hungary,1970,0
Hungary,1971,0
Hungary,1972,0
Hungary,1973,0
Hungary,1974,0
Hungary,1975,0
Hungary,1976,0
Hungary,1977,0
Hungary,1978,0
Hungary,1979,0
Hungary,1980,0
Hungary,1981,0
Hungary,1982,0
Hungary,1983,0
Hungary,1984,0
Hungary,1985,0
Hungary,1986,0
Hungary,1987,0
Hungary,1988,0
Hungary,1989,0
Hungary,1990,1
Hungary,1991,1
Hungary,1992,1
Hungary,1993,1
Hungary,1994,1
Hungary,1995,1
Hungary,1996,1
Hungary,1997,1
Hungary,1998,1
Hungary,1999,1
Hungary,2000,1
Hungary,2001,1
Hungary,2002,1
Hungary,2003,1
Hungary,2004,1
Hungary,2005,1
Hungary,2006,1
Hungary,2007,1
Hungary,2008,1
Hungary,2009,1
Hungary,2010,1
Hungary,2011,1
Hungary,2012,1
Hungary,2013,1
Hungary,2014,1
Hungary,2015,1
Hungary,2016,1
Hungary,2017,1
Hungary,2018,0
Hungary,2019,0
Hungary,2020,0
Hungary,2021,0
Hungary,2022,0
Hungary,2023,0
Hungary,2024,0
Hungary,2025,0
Iceland,1900,0
Iceland,1901,0
Iceland,1902,0
Iceland,1903,0
Iceland,1904,1
Iceland,1905,1
Iceland,1906,1
Iceland,1907,1
Iceland,1908,1
Iceland,1909,1
Iceland,1910,1
Iceland,1911,1
Iceland,1912,1
Iceland,1913,1
Iceland,1914,1
Iceland,1915,1
Iceland,1916,1
Iceland,1917,1
Iceland,1918,1
Iceland,1919,1
Iceland,1920,1
Iceland,1921,1
Iceland,1922,1
Iceland,1923,1
Iceland,1924,1
Iceland,1925,1
Iceland,1926,1
Iceland,1927,1
Iceland,1928,1
Iceland,1929,1
Iceland,1930,1
Iceland,1931,1
Iceland,1932,1
Iceland,1933,1
Iceland,1934,1
Iceland,1935,1
Iceland,1936,1
Iceland,1937,1
Iceland,1938,1
Iceland,1939,1
Iceland,1940,1
Iceland,1941,1
Iceland,1942,1
Iceland,1943,1
Iceland,1944,1
Iceland,1945,1
Iceland,1946,1
Iceland,1947,1
Iceland,1948,1
Iceland,1949,1
Iceland,1950,1
Iceland,1951,1
Iceland,1952,1
Iceland,1953,1
Iceland,1954,1
Iceland,1955,1
Iceland,1956,1
Iceland,1957,1
Iceland,1958,1
Iceland,1959,1
Iceland,1960,1
Iceland,1961,1
Iceland,1962,1
Iceland,1963,1
Iceland,1964,1
Iceland,1965,1
Iceland,1966,1
Iceland,1967,1
Iceland,1968,1
Iceland,1969,1
Iceland,1970,1
Iceland,1971,1
Iceland,1972,1
Iceland,1973,1
Iceland,1974,1
Iceland,1975,1
Iceland,1976,1
Iceland,1977,1
Iceland,1978,1
Iceland,1979,1
Iceland,1980,1
Iceland,1981,1
Iceland,1982,1
Iceland,1983,1
Iceland,1984,1
Iceland,1985,1
Iceland,1986,1
Iceland,1987,1
Iceland,1988,1
Iceland,1989,1
Iceland,1990,1
Iceland,1991,1
Iceland,1992,1
Iceland,1993,1
Iceland,1994,1
Iceland,1995,1
Iceland,1996,1
Iceland,1997,1
Iceland,1998,1
Iceland,1999,1
Iceland,2000,1
Iceland,2001,1
Iceland,2002,1
Iceland,2003,1
Iceland,2004,1
Iceland,2005,1
Iceland,2006,1
Iceland,2007,1
Iceland,2008,1
Iceland,2009,1
Iceland,2010,1
Iceland,2011,1
Iceland,2012,1
Iceland,2013,1
Iceland,2014,1
Iceland,2015,1
Iceland,2016,1
Iceland,2017,1
Iceland,2018,1
Iceland,2019,1
Iceland,2020,1
Iceland,2021,1
Iceland,2022,1
Iceland,2023,1
Iceland,2024,1
Iceland,2025,1
India,1900,0
India,1901,0
India,1902,0
India,1903,0
India,1904,0
India,1905,0
India,1906,0
India,1907,0
India,1908,0
India,1909,0
India,1910,0
India,1911,0
India,1912,0
India,1913,0
India,1914,0
India,1915,0
India,1916,0
India,1917,0
India,1918,0
India,1919,0
India,1920,0
India,1921,0
India,1922,0
India,1923,0
India,1924,0
India,1925,0
India,1926,0
India,1927,0
India,1928,0
India,1929,0
India,1930,0
India,1931,0
India,1932,0
India,1933,0
India,1934,0
India,1935,0
India,1936,0
India,1937,0
India,1938,0
India,1939,0
India,1940,0
India,1941,0
India,1942,0
India,1943,0
India,1944,0
India,1945,0
India,1946,0
India,1947,0
India,1948,0
India,1949,0
India,1950,0
India,1951,0
India,1952,1
India,1953,1
India,1954,1
India,1955,1
India,1956,1
India,1957,1
India,1958,1
India,1959,1
India,1960,1
India,1961,1
India,1962,1
India,1963,1
India,1964,1
India,1965,1
India,1966,1
India,1967,1
India,1968,1
India,1969,1
India,1970,1
India,1971,1
India,1972,1
India,1973,1
India,1974,1
India,1975,0
India,1976,0
India,1977,0
India,1978,1
India,1979,1
India,1980,1
India,1981,1
India,1982,1
India,1983,1
India,1984,1
India,1985,1
India,1986,1
India,1987,1
India,1988,1
India,1989,1
India,1990,1
India,1991,1
India,1992,1
India,1993,1
India,1994,1
India,1995,1
India,1996,1
India,1997,1
India,1998,1
India,1999,1
India,2000,1
India,2001,1
India,2002,1
India,2003,1
India,2004,1
India,2005,1
India,2006,1
India,2007,1
India,2008,1
India,2009,1
India,2010,1
India,2011,1
India,2012,1
India,2013,1
India,2014,1
India,2015,1
India,2016,1
India,2017,0
India,2018,0
India,2019,0
India,2020,0
India,2021,0
India,2022,0
India,2023,0
India,2024,0
India,2025,0
Indonesia,1900,0
Indonesia,1901,0
Indonesia,1902,0
Indonesia,1903,0
Indonesia,1904,0
Indonesia,1905,0
Indonesia,1906,0
Indonesia,1907,0
Indonesia,1908,0
Indonesia,1909,0
Indonesia,1910,0
Indonesia,1911,0
Indonesia,1912,0
Indonesia,1913,0
Indonesia,1914,0
Indonesia,1915,0
Indonesia,1916,0
Indonesia,1917,0
Indonesia,1918,0
Indonesia,1919,0
Indonesia,1920,0
Indonesia,1921,0
Indonesia,1922,0
Indonesia,1923,0
Indonesia,1924,0
Indonesia,1925,0
Indonesia,1926,0
Indonesia,1927,0
Indonesia,1928,0
Indonesia,1929,0
Indonesia,1930,0
Indonesia,1931,0
Indonesia,1932,0
Indonesia,1933,0
Indonesia,1934,0
Indonesia,1935,0
Indonesia,1936,0
Indonesia,1937,0
Indonesia,1938,0
Indonesia,1939,0
Indonesia,1940,0
Indonesia,1941,0
Indonesia,1942,0
Indonesia,1943,0
Indonesia,1944,0
Indonesia,1945,0
Indonesia,1946,0
Indonesia,1947,0
Indonesia,1948,0
Indonesia,1949,0
Indonesia,1950,0
Indonesia,1951,0
Indonesia,1952,0
Indonesia,1953,0
Indonesia,1954,0
Indonesia,1955,0
Indonesia,1956,1
Indonesia,1957,1
Indonesia,1958,0
Indonesia,1959,0
Indonesia,1960,0
Indonesia,1961,0
Indonesia,1962,0
Indonesia,1963,0
Indonesia,1964,0
Indonesia,1965,0
Indonesia,1966,0
Indonesia,1967,0
Indonesia,1968,0
Indonesia,1969,0
Indonesia,1970,0
Indonesia,1971,0
Indonesia,1972,0
Indonesia,1973,0
Indonesia,1974,0
Indonesia,1975,0
Indonesia,1976,0
Indonesia,1977,0
Indonesia,1978,0
Indonesia,1979,0
Indonesia,1980,0
Indonesia,1981,0
Indonesia,1982,0
Indonesia,1983,0
Indonesia,1984,0
Indonesia,1985,0
Indonesia,1986,0
Indonesia,1987,0
Indonesia,1988,0
Indonesia,1989,0
Indonesia,1990,0
Indonesia,1991,0
Indonesia,1992,0
Indonesia,1993,0
Indonesia,1994,0
Indonesia,1995,0
Indonesia,1996,0
Indonesia,1997,0
Indonesia,1998,0
Indonesia,1999,1
Indonesia,2000,1
Indonesia,2001,1
Indonesia,2002,1
Indonesia,2003,1
Indonesia,2004,1
Indonesia,2005,1
Indonesia,2006,1
Indonesia,2007,1
Indonesia,2008,1
Indonesia,2009,1
Indonesia,2010,1
Indonesia,2011,1
Indonesia,2012,1
Indonesia,2013,1
Indonesia,2014,1
Indonesia,2015,1
Indonesia,2016,1
Indonesia,2017,1
Indonesia,2018,1
Indonesia,2019,1
Indonesia,2020,1
Indonesia,2021,1
Indonesia,2022,1
Indonesia,2023,1
Indonesia,2024,0
Indonesia,2025,0
Iran,1900,0
Iran,1901,0
Iran,1902,0
Iran,1903,0
Iran,1904,0
Iran,1905,0
Iran,1906,0
Iran,1907,0
Iran,1908,0
Iran,1909,0
Iran,1910,0
Iran,1911,0
Iran,1912,0
Iran,1913,0
Iran,1914,0
Iran,1915,0
Iran,1916,0
Iran,1917,0
Iran,1918,0
Iran,1919,0
Iran,1920,0
Iran,1921,0
Iran,1922,0
Iran,1923,0
Iran,1924,0
Iran,1925,0
Iran,1926,0
Iran,1927,0
Iran,1928,0
Iran,1929,0
Iran,1930,0
Iran,1931,0
Iran,1932,0
Iran,1933,0
Iran,1934,0
Iran,1935,0
Iran,1936,0
Iran,1937,0
Iran,1938,0
Iran,1939,0
Iran,1940,0
Iran,1941,0
Iran,1942,0
Iran,1943,0
Iran,1944,0
Iran,1945,0
Iran,1946,0
Iran,1947,0
Iran,1948,0
Iran,1949,0
Iran,1950,0
Iran,1951,0
Iran,1952,0
Iran,1953,0
Iran,1954,0
Iran,1955,0
Iran,1956,0
Iran,1957,0
Iran,1958,0
Iran,1959,0
Iran,1960,0
Iran,1961,0
Iran,1962,0
Iran,1963,0
Iran,1964,0
Iran,1965,0
Iran,1966,0
Iran,1967,0
Iran,1968,0
Iran,1969,0
Iran,1970,0
Iran,1971,0
Iran,1972,0
Iran,1973,0
Iran,1974,0
Iran,1975,0
Iran,1976,0
Iran,1977,0
Iran,1978,0
Iran,1979,0
Iran,1980,0
Iran,1981,0
Iran,1982,0
Iran,1983,0
Iran,1984,0
Iran,1985,0
Iran,1986,0
Iran,1987,0
Iran,1988,0
Iran,1989,0
Iran,1990,0
Iran,1991,0
Iran,1992,0
Iran,1993,0
Iran,1994,0
Iran,1995,0
Iran,1996,0
Iran,1997,0
Iran,1998,0
Iran,1999,0
Iran,2000,0
Iran,2001,0
Iran,2002,0
Iran,2003,0
Iran,2004,0
Iran,2005,0
Iran,2006,0
Iran,2007,0
Iran,2008,0
Iran,2009,0
Iran,2010,0
Iran,2011,0
Iran,2012,0
Iran,2013,0
Iran,2014,0
Iran,2015,0
Iran,2016,0
Iran,2017,0
Iran,2018,0
Iran,2019,0
Iran,2020,0
Iran,2021,0
Iran,2022,0
Iran,2023,0
Iran,2024,0
Iran,2025,0
Iraq,1900,0
Iraq,1901,0
Iraq,1902,0
Iraq,1903,0
Iraq,1904,0
Iraq,1905,0
Iraq,1906,0
Iraq,1907,0
Iraq,1908,0
Iraq,1909,0
Iraq,1910,0
Iraq,1911,0
Iraq,1912,0
Iraq,1913,0
Iraq,1914,0
Iraq,1915,0
Iraq,1916,0
Iraq,1917,0
Iraq,1918,0
Iraq,1919,0
Iraq,1920,0
Iraq,1921,0
Iraq,1922,0
Iraq,1923,0
Iraq,1924,0
Iraq,1925,0
Iraq,1926,0
Iraq,1927,0
Iraq,1928,0
Iraq,1929,0
Iraq,1930,0
Iraq,1931,0
Iraq,1932,0
Iraq,1933,0
Iraq,1934,0
Iraq,1935,0
Iraq,1936,0
Iraq,1937,0
Iraq,1938,0
Iraq,1939,0
Iraq,1940,0
Iraq,1941,0
Iraq,1942,0
Iraq,1943,0
Iraq,1944,0
Iraq,1945,0
Iraq,1946,0
Iraq,1947,0
Iraq,1948,0
Iraq,1949,0
Iraq,1950,0
Iraq,1951,0
Iraq,1952,0
Iraq,1953,0
Iraq,1954,0
Iraq,1955,0
Iraq,1956,0
Iraq,1957,0
Iraq,1958,0
Iraq,1959,0
Iraq,1960,0
Iraq,1961,0
Iraq,1962,0
Iraq,1963,0
Iraq,1964,0
Iraq,1965,0
Iraq,1966,0
Iraq,1967,0
Iraq,1968,0
Iraq,1969,0
Iraq,1970,0
Iraq,1971,0
Iraq,1972,0
Iraq,1973,0
Iraq,1974,0
Iraq,1975,0
Iraq,1976,0
Iraq,1977,0
Iraq,1978,0
Iraq,1979,0
Iraq,1980,0
Iraq,1981,0
Iraq,1982,0
Iraq,1983,0
Iraq,1984,0
Iraq,1985,0
Iraq,1986,0
Iraq,1987,0
Iraq,1988,0
Iraq,1989,0
Iraq,1990,0
Iraq,1991,0
Iraq,1992,0
Iraq,1993,0
Iraq,1994,0
Iraq,1995,0
Iraq,1996,0
Iraq,1997,0
Iraq,1998,0
Iraq,1999,0
Iraq,2000,0
Iraq,2001,0
Iraq,2002,0
Iraq,2003,0
Iraq,2004,0
Iraq,2005,0
Iraq,2006,0
Iraq,2007,0
Iraq,2008,0
Iraq,2009,0
Iraq,2010,0
Iraq,2011,0
Iraq,2012,0
Iraq,2013,0
Iraq,2014,0
Iraq,2015,0
Iraq,2016,0
Iraq,2017,0
Iraq,2018,0
Iraq,2019,0
Iraq,2020,0
Iraq,2021,0
Iraq,2022,0
Iraq,2023,0
Iraq,2024,0
Iraq,2025,0
Ireland,1900,0
Ireland,1901,0
Ireland,1902,0
Ireland,1903,0
Ireland,1904,0
Ireland,1905,0
Ireland,1906,0
Ireland,1907,0
Ireland,1908,0
Ireland,1909,0
Ireland,1910,0
Ireland,1911,0
Ireland,1912,0
Ireland,1913,0
Ireland,1914,0
Ireland,1915,0
Ireland,1916,0
Ireland,1917,0
Ireland,1918,0
Ireland,1919,0
Ireland,1920,0
Ireland,1921,0
Ireland,1922,1
Ireland,1923,1
Ireland,1924,1
Ireland,1925,1
Ireland,1926,1
Ireland,1927,1
Ireland,1928,1
Ireland,1929,1
Ireland,1930,1
Ireland,1931,1
Ireland,1932,1
Ireland,1933,1
Ireland,1934,1
Ireland,1935,1
Ireland,1936,1
Ireland,1937,1
Ireland,1938,1
Ireland,1939,1
Ireland,1940,1
Ireland,1941,1
Ireland,1942,1
Ireland,1943,1
Ireland,1944,1
Ireland,1945,1
Ireland,1946,1
Ireland,1947,1
Ireland,1948,1
Ireland,1949,1
Ireland,1950,1
Ireland,1951,1
Ireland,1952,1
Ireland,1953,1
Ireland,1954,1
Ireland,1955,1
Ireland,1956,1
Ireland,1957,1
Ireland,1958,1
Ireland,1959,1
Ireland,1960,1
Ireland,1961,1
Ireland,1962,1
Ireland,1963,1
Ireland,1964,1
Ireland,1965,1
Ireland,1966,1
Ireland,1967,1
Ireland,1968,1
Ireland,1969,1
Ireland,1970,1
Ireland,1971,1
Ireland,1972,1
Ireland,1973,1
Ireland,1974,1
Ireland,1975,1
Ireland,1976,1
Ireland,1977,1
Ireland,1978,1
Ireland,1979,1
Ireland,1980,1
Ireland,1981,1
Ireland,1982,1
Ireland,1983,1
Ireland,1984,1
Ireland,1985,1
Ireland,1986,1
Ireland,1987,1
Ireland,1988,1
Ireland,1989,1
Ireland,1990,1
Ireland,1991,1
Ireland,1992,1
Ireland,1993,1
Ireland,1994,1
Ireland,1995,1
Ireland,1996,1
Ireland,1997,1
Ireland,1998,1
Ireland,1999,1
Ireland,2000,1
Ireland,2001,1
Ireland,2002,1
Ireland,2003,1
Ireland,2004,1
Ireland,2005,1
Ireland,2006,1
Ireland,2007,1
Ireland,2008,1
Ireland,2009,1
Ireland,2010,1
Ireland,2011,1
Ireland,2012,1
Ireland,2013,1
Ireland,2014,1
Ireland,2015,1
Ireland,2016,1
Ireland,2017,1
Ireland,2018,1
Ireland,2019,1
Ireland,2020,1
Ireland,2021,1
Ireland,2022,1
Ireland,2023,1
Ireland,2024,1
Ireland,2025,1
Italy,1900,0
Italy,1901,0
Italy,1902,0
Italy,1903,0
Italy,1904,0
Italy,1905,0
Italy,1906,0
Italy,1907,0
Italy,1908,0
Italy,1909,0
Italy,1910,0
Italy,1911,0
Italy,1912,0
Italy,1913,0
Italy,1914,0
Italy,1915,0
Italy,1916,0
Italy,1917,0
Italy,1918,0
Italy,1919,0
Italy,1920,0
Italy,1921,0
Italy,1922,0
Italy,1923,0
Italy,1924,0
Italy,1925,0
Italy,1926,0
Italy,1927,0
Italy,1928,0
Italy,1929,0
Italy,1930,0
Italy,1931,0
Italy,1932,0
Italy,1933,0
Italy,1934,0
Italy,1935,0
Italy,1936,0
Italy,1937,0
Italy,1938,0
Italy,1939,0
Italy,1940,0
Italy,1941,0
Italy,1942,0
Italy,1943,0
Italy,1944,0
Italy,1945,0
Italy,1946,0
Italy,1947,1
Italy,1948,1
Italy,1949,1
Italy,1950,1
Italy,1951,1
Italy,1952,1
Italy,1953,1
Italy,1954,1
Italy,1955,1
Italy,1956,1
Italy,1957,1
Italy,1958,1
Italy,1959,1
Italy,1960,1
Italy,1961,1
Italy,1962,1
Italy,1963,1
Italy,1964,1
Italy,1965,1
Italy,1966,1
Italy,1967,1
Italy,1968,1
Italy,1969,1
Italy,1970,1
Italy,1971,1
Italy,1972,1
Italy,1973,1
Italy,1974,1
Italy,1975,1
Italy,1976,1
Italy,1977,1
Italy,1978,1
Italy,1979,1
Italy,1980,1
Italy,1981,1
Italy,1982,1
Italy,1983,1
Italy,1984,1
Italy,1985,1
Italy,1986,1
Italy,1987,1
Italy,1988,1
Italy,1989,1
Italy,1990,1
Italy,1991,1
Italy,1992,1
Italy,1993,1
Italy,1994,1
Italy,1995,1
Italy,1996,1
Italy,1997,1
Italy,1998,1
Italy,1999,1
Italy,2000,1
Italy,2001,1
Italy,2002,1
Italy,2003,1
Italy,2004,1
Italy,2005,1
Italy,2006,1
Italy,2007,1
Italy,2008,1
Italy,2009,1
Italy,2010,1
Italy,2011,1
Italy,2012,1
Italy,2013,1
Italy,2014,1
Italy,2015,1
Italy,2016,1
Italy,2017,1
Italy,2018,1
Italy,2019,1
Italy,2020,1
Italy,2021,1
Italy,2022,1
Italy,2023,1
Italy,2024,1
Italy,2025,1
Jamaica,1900,0
Jamaica,1901,0
Jamaica,1902,0
Jamaica,1903,0
Jamaica,1904,0
Jamaica,1905,0
Jamaica,1906,0
Jamaica,1907,0
Jamaica,1908,0
Jamaica,1909,0
Jamaica,1910,0
Jamaica,1911,0
Jamaica,1912,0
Jamaica,1913,0
Jamaica,1914,0
Jamaica,1915,0
Jamaica,1916,0
Jamaica,1917,0
Jamaica,1918,0
Jamaica,1919,0
Jamaica,1920,0
Jamaica,1921,0
Jamaica,1922,0
Jamaica,1923,0
Jamaica,1924,0
Jamaica,1925,0
Jamaica,1926,0
Jamaica,1927,0
Jamaica,1928,0
Jamaica,1929,0
Jamaica,1930,0
Jamaica,1931,0
Jamaica,1932,0
Jamaica,1933,0
Jamaica,1934,0
Jamaica,1935,0
Jamaica,1936,0
Jamaica,1937,0
Jamaica,1938,0
Jamaica,1939,0
Jamaica,1940,0
Jamaica,1941,0
Jamaica,1942,0
Jamaica,1943,0
Jamaica,1944,0
Jamaica,1945,0
Jamaica,1946,0
Jamaica,1947,0
Jamaica,1948,0
Jamaica,1949,0
Jamaica,1950,0
Jamaica,1951,0
Jamaica,1952,0
Jamaica,1953,0
Jamaica,1954,0
Jamaica,1955,0
Jamaica,1956,1
Jamaica,1957,1
Jamaica,1958,1
Jamaica,1959,1
Jamaica,1960,1
Jamaica,1961,1
Jamaica,1962,1
Jamaica,1963,1
Jamaica,1964,1
Jamaica,1965,1
Jamaica,1966,1
Jamaica,1967,1
Jamaica,1968,1
Jamaica,1969,1
Jamaica,1970,1
Jamaica,1971,1
Jamaica,1972,1
Jamaica,1973,1
Jamaica,1974,1
Jamaica,1975,1
Jamaica,1976,1
Jamaica,1977,0
Jamaica,1978,0
Jamaica,1979,0
Jamaica,1980,0
Jamaica,1981,0
Jamaica,1982,0
Jamaica,1983,0
Jamaica,1984,1
Jamaica,1985,1
Jamaica,1986,1
Jamaica,1987,1
Jamaica,1988,1
Jamaica,1989,1
Jamaica,1990,1
Jamaica,1991,1
Jamaica,1992,1
Jamaica,1993,1
Jamaica,1994,1
Jamaica,1995,1
Jamaica,1996,1
Jamaica,1997,1
Jamaica,1998,1
Jamaica,1999,1
Jamaica,2000,1
Jamaica,2001,1
Jamaica,2002,1
Jamaica,2003,1
Jamaica,2004,1
Jamaica,2005,1
Jamaica,2006,1
Jamaica,2007,1
Jamaica,2008,1
Jamaica,2009,1
Jamaica,2010,1
Jamaica,2011,1
Jamaica,2012,1
Jamaica,2013,1
Jamaica,2014,1
Jamaica,2015,1
Jamaica,2016,1
Jamaica,2017,1
Jamaica,2018,1
Jamaica,2019,1
Jamaica,2020,1
Jamaica,2021,1
Jamaica,2022,1
Jamaica,2023,1
Jamaica,2024,1
Jamaica,2025,1
Japan,1900,0
Japan,1901,0
Japan,1902,0
Japan,1903,0
Japan,1904,0
Japan,1905,0
Japan,1906,0
Japan,1907,0
Japan,1908,0
Japan,1909,0
Japan,1910,0
Japan,1911,0
Japan,1912,0
Japan,1913,0
Japan,1914,0
Japan,1915,0
Japan,1916,0
Japan,1917,0
Japan,1918,0
Japan,1919,0
Japan,1920,0
Japan,1921,0
Japan,1922,0
Japan,1923,0
Japan,1924,0
Japan,1925,0
Japan,1926,0
Japan,1927,0
Japan,1928,0
Japan,1929,0
Japan,1930,0
Japan,1931,0
Japan,1932,0
Japan,1933,0
Japan,1934,0
Japan,1935,0
Japan,1936,0
Japan,1937,0
Japan,1938,0
Japan,1939,0
Japan,1940,0
Japan,1941,0
Japan,1942,0
Japan,1943,0
Japan,1944,0
Japan,1945,0
Japan,1946,0
Japan,1947,0
Japan,1948,0
Japan,1949,0
Japan,1950,0
Japan,1951,0
Japan,1952,1
Japan,1953,1
Japan,1954,1
Japan,1955,1
Japan,1956,1
Japan,1957,1
Japan,1958,1
Japan,1959,1
Japan,1960,1
Japan,1961,1
Japan,1962,1
Japan,1963,1
Japan,1964,1
Japan,1965,1
Japan,1966,1
Japan,1967,1
Japan,1968,1
Japan,1969,1
Japan,1970,1
Japan,1971,1
Japan,1972,1
Japan,1973,1
Japan,1974,1
Japan,1975,1
Japan,1976,1
Japan,1977,1
Japan,1978,1
Japan,1979,1
Japan,1980,1
Japan,1981,1
Japan,1982,1
Japan,1983,1
Japan,1984,1
Japan,1985,1
Japan,1986,1
Japan,1987,1
Japan,1988,1
Japan,1989,1
Japan,1990,1
Japan,1991,1
Japan,1992,1
Japan,1993,1
Japan,1994,1
Japan,1995,1
Japan,1996,1
Japan,1997,1
Japan,1998,1
Japan,1999,1
Japan,2000,1
Japan,2001,1
Japan,2002,1
Japan,2003,1
Japan,2004,1
Japan,2005,1
Japan,2006,1
Japan,2007,1
Japan,2008,1
Japan,2009,1
Japan,2010,1
Japan,2011,1
Japan,2012,1
Japan,2013,1
Japan,2014,1
Japan,2015,1
Japan,2016,1
Japan,2017,1
Japan,2018,1
Japan,2019,1
Japan,2020,1
Japan,2021,1
Japan,2022,1
Japan,2023,1
Japan,2024,1
Japan,2025,1
Kazakhstan,1900,0
Kazakhstan,1901,0
Kazakhstan,1902,0
Kazakhstan,1903,0
Kazakhstan,1904,0
Kazakhstan,1905,0
Kazakhstan,1906,0
Kazakhstan,1907,0
Kazakhstan,1908,0
Kazakhstan,1909,0
Kazakhstan,1910,0
Kazakhstan,1911,0
Kazakhstan,1912,0
Kazakhstan,1913,0
Kazakhstan,1914,0
Kazakhstan,1915,0
Kazakhstan,1916,0
Kazakhstan,1917,0
Kazakhstan,1918,0
Kazakhstan,1919,0
Kazakhstan,1920,0
Kazakhstan,1921,0
Kazakhstan,1922,0
Kazakhstan,1923,0
Kazakhstan,1924,0
Kazakhstan,1925,0
Kazakhstan,1926,0
Kazakhstan,1927,0
Kazakhstan,1928,0
Kazakhstan,1929,0
Kazakhstan,1930,0
Kazakhstan,1931,0
Kazakhstan,1932,0
Kazakhstan,1933,0
Kazakhstan,1934,0
Kazakhstan,1935,0
Kazakhstan,1936,0
Kazakhstan,1937,0
Kazakhstan,1938,0
Kazakhstan,1939,0
Kazakhstan,1940,0
Kazakhstan,1941,0
Kazakhstan,1942,0
Kazakhstan,1943,0
Kazakhstan,1944,0
Kazakhstan,1945,0
Kazakhstan,1946,0
Kazakhstan,1947,0
Kazakhstan,1948,0
Kazakhstan,1949,0
Kazakhstan,1950,0
Kazakhstan,1951,0
Kazakhstan,1952,0
Kazakhstan,1953,0
Kazakhstan,1954,0
Kazakhstan,1955,0
Kazakhstan,1956,0
Kazakhstan,1957,0
Kazakhstan,1958,0
Kazakhstan,1959,0
Kazakhstan,1960,0
Kazakhstan,1961,0
Kazakhstan,1962,0
Kazakhstan,1963,0
Kazakhstan,1964,0
Kazakhstan,1965,0
Kazakhstan,1966,0
Kazakhstan,1967,0
Kazakhstan,1968,0
Kazakhstan,1969,0
Kazakhstan,1970,0
Kazakhstan,1971,0
Kazakhstan,1972,0
Kazakhstan,1973,0
Kazakhstan,1974,0
Kazakhstan,1975,0
Kazakhstan,1976,0
Kazakhstan,1977,0
Kazakhstan,1978,0
Kazakhstan,1979,0
Kazakhstan,1980,0
Kazakhstan,1981,0
Kazakhstan,1982,0
Kazakhstan,1983,0
Kazakhstan,1984,0
Kazakhstan,1985,0
Kazakhstan,1986,0
Kazakhstan,1987,0
Kazakhstan,1988,0
Kazakhstan,1989,0
Kazakhstan,1990,0
Kazakhstan,1991,0
Kazakhstan,1992,0
Kazakhstan,1993,0
Kazakhstan,1994,0
Kazakhstan,1995,0
Kazakhstan,1996,0
Kazakhstan,1997,0
Kazakhstan,1998,0
Kazakhstan,1999,0
Kazakhstan,2000,0
Kazakhstan,2001,0
Kazakhstan,2002,0
Kazakhstan,2003,0
Kazakhstan,2004,0
Kazakhstan,2005,0
Kazakhstan,2006,0
Kazakhstan,2007,0
Kazakhstan,2008,0
Kazakhstan,2009,0
Kazakhstan,2010,0
Kazakhstan,2011,0
Kazakhstan,2012,0
Kazakhstan,2013,0
Kazakhstan,2014,0
Kazakhstan,2015,0
Kazakhstan,2016,0
Kazakhstan,2017,0
Kazakhstan,2018,0
Kazakhstan,2019,0
Kazakhstan,2020,0
Kazakhstan,2021,0
Kazakhstan,2022,0
Kazakhstan,2023,0
Kazakhstan,2024,0
Kazakhstan,2025,0
Kenya,1900,0
Kenya,1901,0
Kenya,1902,0
Kenya,1903,0
Kenya,1904,0
Kenya,1905,0
Kenya,1906,0
Kenya,1907,0
Kenya,1908,0
Kenya,1909,0
Kenya,1910,0
Kenya,1911,0
Kenya,1912,0
Kenya,1913,0
Kenya,1914,0
Kenya,1915,0
Kenya,1916,0
Kenya,1917,0
Kenya,1918,0
Kenya,1919,0
Kenya,1920,0
Kenya,1921,0
Kenya,1922,0
Kenya,1923,0
Kenya,1924,0
Kenya,1925,0
Kenya,1926,0
Kenya,1927,0
Kenya,1928,0
Kenya,1929,0
Kenya,1930,0
Kenya,1931,0
Kenya,1932,0
Kenya,1933,0
Kenya,1934,0
Kenya,1935,0
Kenya,1936,0
Kenya,1937,0
Kenya,1938,0
Kenya,1939,0
Kenya,1940,0
Kenya,1941,0
Kenya,1942,0
Kenya,1943,0
Kenya,1944,0
Kenya,1945,0
Kenya,1946,0
Kenya,1947,0
Kenya,1948,0
Kenya,1949,0
Kenya,1950,0
Kenya,1951,0
Kenya,1952,0
Kenya,1953,0
Kenya,1954,0
Kenya,1955,0
Kenya,1956,0
Kenya,1957,0
Kenya,1958,0
Kenya,1959,0
Kenya,1960,0
Kenya,1961,0
Kenya,1962,0
Kenya,1963,0
Kenya,1964,0
Kenya,1965,0
Kenya,1966,0
Kenya,1967,0
Kenya,1968,0
Kenya,1969,0
Kenya,1970,0
Kenya,1971,0
Kenya,1972,0
Kenya,1973,0
Kenya,1974,0
Kenya,1975,0
Kenya,1976,0
Kenya,1977,0
Kenya,1978,0
Kenya,1979,0
Kenya,1980,0
Kenya,1981,0
Kenya,1982,0
Kenya,1983,0
Kenya,1984,0
Kenya,1985,0
Kenya,1986,0
Kenya,1987,0
Kenya,1988,0
Kenya,1989,0
Kenya,1990,0
Kenya,1991,0
Kenya,1992,0
Kenya,1993,0
Kenya,1994,0
Kenya,1995,0
Kenya,1996,0
Kenya,1997,0
Kenya,1998,0
Kenya,1999,0
Kenya,2000,0
Kenya,2001,0
Kenya,2002,0
Kenya,2003,1
Kenya,2004,1
Kenya,2005,1
Kenya,2006,1
Kenya,2007,0
Kenya,2008,0
Kenya,2009,0
Kenya,2010,0
Kenya,2011,0
Kenya,2012,0
Kenya,2013,1
Kenya,2014,1
Kenya,2015,1
Kenya,2016,1
Kenya,2017,0
Kenya,2018,0
Kenya,2019,0
Kenya,2020,0
Kenya,2021,0
Kenya,2022,1
Kenya,2023,1
Kenya,2024,1
Kenya,2025,1
Kuwait,1900,0
Kuwait,1901,0
Kuwait,1902,0
Kuwait,1903,0
Kuwait,1904,0
Kuwait,1905,0
Kuwait,1906,0
Kuwait,1907,0
Kuwait,1908,0
Kuwait,1909,0
Kuwait,1910,0
Kuwait,1911,0
Kuwait,1912,0
Kuwait,1913,0
Kuwait,1914,0
Kuwait,1915,0
Kuwait,1916,0
Kuwait,1917,0
Kuwait,1918,0
Kuwait,1919,0
Kuwait,1920,0
Kuwait,1921,0
Kuwait,1922,0
Kuwait,1923,0
Kuwait,1924,0
Kuwait,1925,0
Kuwait,1926,0
Kuwait,1927,0
Kuwait,1928,0
Kuwait,1929,0
Kuwait,1930,0
Kuwait,1931,0
Kuwait,1932,0
Kuwait,1933,0
Kuwait,1934,0
Kuwait,1935,0
Kuwait,1936,0
Kuwait,1937,0
Kuwait,1938,0
Kuwait,1939,0
Kuwait,1940,0
Kuwait,1941,0
Kuwait,1942,0
Kuwait,1943,0
Kuwait,1944,0
Kuwait,1945,0
Kuwait,1946,0
Kuwait,1947,0
Kuwait,1948,0
Kuwait,1949,0
Kuwait,1950,0
Kuwait,1951,0
Kuwait,1952,0
Kuwait,1953,0
Kuwait,1954,0
Kuwait,1955,0
Kuwait,1956,0
Kuwait,1957,0
Kuwait,1958,0
Kuwait,1959,0
Kuwait,1960,0
Kuwait,1961,0
Kuwait,1962,0
Kuwait,1963,0
Kuwait,1964,0
Kuwait,1965,0
Kuwait,1966,0
Kuwait,1967,0
Kuwait,1968,0
Kuwait,1969,0
Kuwait,1970,0
Kuwait,1971,0
Kuwait,1972,0
Kuwait,1973,0
Kuwait,1974,0
Kuwait,1975,0
Kuwait,1976,0
Kuwait,1977,0
Kuwait,1978,0
Kuwait,1979,0
Kuwait,1980,0
Kuwait,1981,0
Kuwait,1982,0
Kuwait,1983,0
Kuwait,1984,0
Kuwait,1985,0
Kuwait,1986,0
Kuwait,1987,0
Kuwait,1988,0
Kuwait,1989,0
Kuwait,1990,0
Kuwait,1991,0
Kuwait,1992,0
Kuwait,1993,0
Kuwait,1994,0
Kuwait,1995,0
Kuwait,1996,0
Kuwait,1997,0
Kuwait,1998,0
Kuwait,1999,0
Kuwait,2000,0
Kuwait,2001,0
Kuwait,2002,0
Kuwait,2003,0
Kuwait,2004,0
Kuwait,2005,0
Kuwait,2006,0
Kuwait,2007,0
Kuwait,2008,0
Kuwait,2009,0
Kuwait,2010,0
Kuwait,2011,0
Kuwait,2012,0
Kuwait,2013,0
Kuwait,2014,0
Kuwait,2015,0
Kuwait,2016,0
Kuwait,2017,0
Kuwait,2018,0
Kuwait,2019,0
Kuwait,2020,0
Kuwait,2021,0
Kuwait,2022,0
Kuwait,2023,0
Kuwait,2024,0
Kuwait,2025,0
Kyrgyzstan,1900,0
Kyrgyzstan,1901,0
Kyrgyzstan,1902,0
Kyrgyzstan,1903,0
Kyrgyzstan,1904,0
Kyrgyzstan,1905,0
Kyrgyzstan,1906,0
Kyrgyzstan,1907,0
Kyrgyzstan,1908,0
Kyrgyzstan,1909,0
Kyrgyzstan,1910,0
Kyrgyzstan,1911,0
Kyrgyzstan,1912,0
Kyrgyzstan,1913,0
Kyrgyzstan,1914,0
Kyrgyzstan,1915,0
Kyrgyzstan,1916,0
Kyrgyzstan,1917,0
Kyrgyzstan,1918,0
Kyrgyzstan,1919,0
Kyrgyzstan,1920,0
Kyrgyzstan,1921,0
Kyrgyzstan,1922,0
Kyrgyzstan,1923,0
Kyrgyzstan,1924,0
Kyrgyzstan,1925,0
Kyrgyzstan,1926,0
Kyrgyzstan,1927,0
Kyrgyzstan,1928,0
Kyrgyzstan,1929,0
Kyrgyzstan,1930,0
Kyrgyzstan,1931,0
Kyrgyzstan,1932,0
Kyrgyzstan,1933,0
Kyrgyzstan,1934,0
Kyrgyzstan,1935,0
Kyrgyzstan,1936,0
Kyrgyzstan,1937,0
Kyrgyzstan,1938,0
Kyrgyzstan,1939,0
Kyrgyzstan,1940,0
Kyrgyzstan,1941,0
Kyrgyzstan,1942,0
Kyrgyzstan,1943,0
Kyrgyzstan,1944,0
Kyrgyzstan,1945,0
Kyrgyzstan,1946,0
Kyrgyzstan,1947,0
Kyrgyzstan,1948,0
Kyrgyzstan,1949,0
Kyrgyzstan,1950,0
Kyrgyzstan,1951,0
Kyrgyzstan,1952,0
Kyrgyzstan,1953,0
Kyrgyzstan,1954,0
Kyrgyzstan,1955,0
Kyrgyzstan,1956,0
Kyrgyzstan,1957,0
Kyrgyzstan,1958,0
Kyrgyzstan,1959,0
Kyrgyzstan,1960,0
Kyrgyzstan,1961,0
Kyrgyzstan,1962,0
Kyrgyzstan,1963,0
Kyrgyzstan,1964,0
Kyrgyzstan,1965,0
Kyrgyzstan,1966,0
Kyrgyzstan,1967,0
Kyrgyzstan,1968,0
Kyrgyzstan,1969,0
Kyrgyzstan,1970,0
Kyrgyzstan,1971,0
Kyrgyzstan,1972,0
Kyrgyzstan,1973,0
Kyrgyzstan,1974,0
Kyrgyzstan,1975,0
Kyrgyzstan,1976,0
Kyrgyzstan,1977,0
Kyrgyzstan,1978,0
Kyrgyzstan,1979,0
Kyrgyzstan,1980,0
Kyrgyzstan,1981,0
Kyrgyzstan,1982,0
Kyrgyzstan,1983,0
Kyrgyzstan,1984,0
Kyrgyzstan,1985,0
Kyrgyzstan,1986,0
Kyrgyzstan,1987,0
Kyrgyzstan,1988,0
Kyrgyzstan,1989,0
Kyrgyzstan,1990,0
Kyrgyzstan,1991,0
Kyrgyzstan,1992,0
Kyrgyzstan,1993,0
Kyrgyzstan,1994,0
Kyrgyzstan,1995,0
Kyrgyzstan,1996,0
Kyrgyzstan,1997,0
Kyrgyzstan,1998,0
Kyrgyzstan,1999,0
Kyrgyzstan,2000,0
Kyrgyzstan,2001,0
Kyrgyzstan,2002,0
Kyrgyzstan,2003,0
Kyrgyzstan,2004,0
Kyrgyzstan,2005,0
Kyrgyzstan,2006,0
Kyrgyzstan,2007,0
Kyrgyzstan,2008,0
Kyrgyzstan,2009,0
Kyrgyzstan,2010,0
Kyrgyzstan,2011,0
Kyrgyzstan,2012,0
Kyrgyzstan,2013,0
Kyrgyzstan,2014,0
Kyrgyzstan,2015,0
Kyrgyzstan,2016,0
Kyrgyzstan,2017,0
Kyrgyzstan,2018,0
Kyrgyzstan,2019,0
Kyrgyzstan,2020,0
Kyrgyzstan,2021,0
Kyrgyzstan,2022,0
Kyrgyzstan,2023,0
Kyrgyzstan,2024,0
Kyrgyzstan,2025,0
Laos,1900,0
Laos,1901,0
Laos,1902,0
Laos,1903,0
Laos,1904,0
Laos,1905,0
Laos,1906,0
Laos,1907,0
Laos,1908,0
Laos,1909,0
Laos,1910,0
Laos,1911,0
Laos,1912,0
Laos,1913,0
Laos,1914,0
Laos,1915,0
Laos,1916,0
Laos,1917,0
Laos,1918,0
Laos,1919,0
Laos,1920,0
Laos,1921,0
Laos,1922,0
Laos,1923,0
Laos,1924,0
Laos,1925,0
Laos,1926,0
Laos,1927,0
Laos,1928,0
Laos,1929,0
Laos,1930,0
Laos,1931,0
Laos,1932,0
Laos,1933,0
Laos,1934,0
Laos,1935,0
Laos,1936,0
Laos,1937,0
Laos,1938,0
Laos,1939,0
Laos,1940,0
Laos,1941,0
Laos,1942,0
Laos,1943,0
Laos,1944,0
Laos,1945,0
Laos,1946,0
Laos,1947,0
Laos,1948,0
Laos,1949,0
Laos,1950,0
Laos,1951,0
Laos,1952,0
Laos,1953,0
Laos,1954,0
Laos,1955,0
Laos,1956,0
Laos,1957,0
Laos,1958,0
Laos,1959,0
Laos,1960,0
Laos,1961,0
Laos,1962,0
Laos,1963,0
Laos,1964,0
Laos,1965,0
Laos,1966,0
Laos,1967,0
Laos,1968,0
Laos,1969,0
Laos,1970,0
Laos,1971,0
Laos,1972,0
Laos,1973,0
Laos,1974,0
Laos,1975,0
Laos,1976,0
Laos,1977,0
Laos,1978,0
Laos,1979,0
Laos,1980,0
Laos,1981,0
Laos,1982,0
Laos,1983,0
Laos,1984,0
Laos,1985,0
Laos,1986,0
Laos,1987,0
Laos,1988,0
Laos,1989,0
Laos,1990,0
Laos,1991,0
Laos,1992,0
Laos,1993,0
Laos,1994,0
Laos,1995,0
Laos,1996,0
Laos,1997,0
Laos,1998,0
Laos,1999,0
Laos,2000,0
Laos,2001,0
Laos,2002,0
Laos,2003,0
Laos,2004,0
Laos,2005,0
Laos,2006,0
Laos,2007,0
Laos,2008,0
Laos,2009,0
Laos,2010,0
Laos,2011,0
Laos,2012,0
Laos,2013,0
Laos,2014,0
Laos,2015,0
Laos,2016,0
Laos,2017,0
Laos,2018,0
Laos,2019,0
Laos,2020,0
Laos,2021,0
Laos,2022,0
Laos,2023,0
Laos,2024,0
Laos,2025,0
Latvia,1900,0
Latvia,1901,0
Latvia,1902,0
Latvia,1903,0
Latvia,1904,0
Latvia,1905,0
Latvia,1906,0
Latvia,1907,0
Latvia,1908,0
Latvia,1909,0
Latvia,1910,0
Latvia,1911,0
Latvia,1912,0
Latvia,1913,0
Latvia,1914,0
Latvia,1915,0
Latvia,1916,0
Latvia,1917,0
Latvia,1918,0
Latvia,1919,0
Latvia,1920,0
Latvia,1921,0
Latvia,1922,0
Latvia,1923,1
Latvia,1924,1
Latvia,1925,1
Latvia,1926,1
Latvia,1927,1
Latvia,1928,1
Latvia,1929,1
Latvia,1930,1
Latvia,1931,1
Latvia,1932,1
Latvia,1933,1
Latvia,1934,0
Latvia,1935,0
Latvia,1936,0
Latvia,1937,0
Latvia,1938,0
Latvia,1939,0
Latvia,1940,0
Latvia,1941,0
Latvia,1942,0
Latvia,1943,0
Latvia,1944,0
Latvia,1945,0
Latvia,1946,0
Latvia,1947,0
Latvia,1948,0
Latvia,1949,0
Latvia,1950,0
Latvia,1951,0
Latvia,1952,0
Latvia,1953,0
Latvia,1954,0
Latvia,1955,0
Latvia,1956,0
Latvia,1957,0
Latvia,1958,0
Latvia,1959,0
Latvia,1960,0
Latvia,1961,0
Latvia,1962,0
Latvia,1963,0
Latvia,1964,0
Latvia,1965,0
Latvia,1966,0
Latvia,1967,0
Latvia,1968,0
Latvia,1969,0
Latvia,1970,0
Latvia,1971,0
Latvia,1972,0
Latvia,1973,0
Latvia,1974,0
Latvia,1975,0
Latvia,1976,0
Latvia,1977,0
Latvia,1978,0
Latvia,1979,0
Latvia,1980,0
Latvia,1981,0
Latvia,1982,0
Latvia,1983,0
Latvia,1984,0
Latvia,1985,0
Latvia,1986,0
Latvia,1987,0
Latvia,1988,0
Latvia,1989,0
Latvia,1990,1
Latvia,1991,1
Latvia,1992,1
Latvia,1993,1
Latvia,1994,1
Latvia,1995,1
Latvia,1996,1
Latvia,1997,1
Latvia,1998,1
Latvia,1999,1
Latvia,2000,1
Latvia,2001,1
Latvia,2002,1
Latvia,2003,1
Latvia,2004,1
Latvia,2005,1
Latvia,2006,1
Latvia,2007,1
Latvia,2008,1
Latvia,2009,1
Latvia,2010,1
Latvia,2011,1
Latvia,2012,1
Latvia,2013,1
Latvia,2014,1
Latvia,2015,1
Latvia,2016,1
Latvia,2017,1
Latvia,2018,1
Latvia,2019,1
Latvia,2020,1
Latvia,2021,1
Latvia,2022,1
Latvia,2023,1
Latvia,2024,1
Latvia,2025,1
Lesotho,1900,0
Lesotho,1901,0
Lesotho,1902,0
Lesotho,1903,0
Lesotho,1904,0
Lesotho,1905,0
Lesotho,1906,0
Lesotho,1907,0
Lesotho,1908,0
Lesotho,1909,0
Lesotho,1910,0
Lesotho,1911,0
Lesotho,1912,0
Lesotho,1913,0
Lesotho,1914,0
Lesotho,1915,0
Lesotho,1916,0
Lesotho,1917,0
Lesotho,1918,0
Lesotho,1919,0
Lesotho,1920,0
Lesotho,1921,0
Lesotho,1922,0
Lesotho,1923,0
Lesotho,1924,0
Lesotho,1925,0
Lesotho,1926,0
Lesotho,1927,0
Lesotho,1928,0
Lesotho,1929,0
Lesotho,1930,0
Lesotho,1931,0
Lesotho,1932,0
Lesotho,1933,0
Lesotho,1934,0
Lesotho,1935,0
Lesotho,1936,0
Lesotho,1937,0
Lesotho,1938,0
Lesotho,1939,0
Lesotho,1940,0
Lesotho,1941,0
Lesotho,1942,0
Lesotho,1943,0
Lesotho,1944,0
Lesotho,1945,0
Lesotho,1946,0
Lesotho,1947,0
Lesotho,1948,0
Lesotho,1949,0
Lesotho,1950,0
Lesotho,1951,0
Lesotho,1952,0
Lesotho,1953,0
Lesotho,1954,0
Lesotho,1955,0
Lesotho,1956,0
Lesotho,1957,0
Lesotho,1958,0
Lesotho,1959,0
Lesotho,1960,0
Lesotho,1961,0
Lesotho,1962,0
Lesotho,1963,0
Lesotho,1964,0
Lesotho,1965,0
Lesotho,1966,0
Lesotho,1967,0
Lesotho,1968,0
Lesotho,1969,0
Lesotho,1970,0
Lesotho,1971,0
Lesotho,1972,0
Lesotho,1973,0
Lesotho,1974,0
Lesotho,1975,0
Lesotho,1976,0
Lesotho,1977,0
Lesotho,1978,0
Lesotho,1979,0
Lesotho,1980,0
Lesotho,1981,0
Lesotho,1982,0
Lesotho,1983,0
Lesotho,1984,0
Lesotho,1985,0
Lesotho,1986,0
Lesotho,1987,0
Lesotho,1988,0
Lesotho,1989,0
Lesotho,1990,0
Lesotho,1991,0
Lesotho,1992,0
Lesotho,1993,1
Lesotho,1994,0
Lesotho,1995,0
Lesotho,1996,0
Lesotho,1997,0
Lesotho,1998,0
Lesotho,1999,0
Lesotho,2000,0
Lesotho,2001,0
Lesotho,2002,0
Lesotho,2003,1
Lesotho,2004,1
Lesotho,2005,1
Lesotho,2006,1
Lesotho,2007,1
Lesotho,2008,1
Lesotho,2009,1
Lesotho,2010,1
Lesotho,2011,1
Lesotho,2012,1
Lesotho,2013,1
Lesotho,2014,1
Lesotho,2015,1
Lesotho,2016,1
Lesotho,2017,1
Lesotho,2018,1
Lesotho,2019,1
Lesotho,2020,1
Lesotho,2021,1
Lesotho,2022,1
Lesotho,2023,1
Lesotho,2024,1
Lesotho,2025,1
Lithuania,1900,0
Lithuania,1901,0
Lithuania,1902,0
Lithuania,1903,0
Lithuania,1904,0
Lithuania,1905,0
Lithuania,1906,0
Lithuania,1907,0
Lithuania,1908,0
Lithuania,1909,0
Lithuania,1910,0
Lithuania,1911,0
Lithuania,1912,0
Lithuania,1913,0
Lithuania,1914,0
Lithuania,1915,0
Lithuania,1916,0
Lithuania,1917,0
Lithuania,1918,0
Lithuania,1919,0
Lithuania,1920,0
Lithuania,1921,1
Lithuania,1922,1
Lithuania,1923,1
Lithuania,1924,1
Lithuania,1925,1
Lithuania,1926,1
Lithuania,1927,0
Lithuania,1928,0
Lithuania,1929,0
Lithuania,1930,0
Lithuania,1931,0
Lithuania,1932,0
Lithuania,1933,0
Lithuania,1934,0
Lithuania,1935,0
Lithuania,1936,0
Lithuania,1937,0
Lithuania,1938,0
Lithuania,1939,0
Lithuania,1940,0
Lithuania,1941,0
Lithuania,1942,0
Lithuania,1943,0
Lithuania,1944,0
Lithuania,1945,0
Lithuania,1946,0
Lithuania,1947,0
Lithuania,1948,0
Lithuania,1949,0
Lithuania,1950,0
Lithuania,1951,0
Lithuania,1952,0
Lithuania,1953,0
Lithuania,1954,0
Lithuania,1955,0
Lithuania,1956,0
Lithuania,1957,0
Lithuania,1958,0
Lithuania,1959,0
Lithuania,1960,0
Lithuania,1961,0
Lithuania,1962,0
Lithuania,1963,0
Lithuania,1964,0
Lithuania,1965,0
Lithuania,1966,0
Lithuania,1967,0
Lithuania,1968,0
Lithuania,1969,0
Lithuania,1970,0
Lithuania,1971,0
Lithuania,1972,0
Lithuania,1973,0
Lithuania,1974,0
Lithuania,1975,0
Lithuania,1976,0
Lithuania,1977,0
Lithuania,1978,0
Lithuania,1979,0
Lithuania,1980,0
Lithuania,1981,0
Lithuania,1982,0
Lithuania,1983,0
Lithuania,1984,0
Lithuania,1985,0
Lithuania,1986,0
Lithuania,1987,0
Lithuania,1988,0
Lithuania,1989,0
Lithuania,1990,1
Lithuania,1991,1
Lithuania,1992,1
Lithuania,1993,1
Lithuania,1994,1
Lithuania,1995,1
Lithuania,1996,1
Lithuania,1997,1
Lithuania,1998,1
Lithuania,1999,1
Lithuania,2000,1
Lithuania,2001,1
Lithuania,2002,1
Lithuania,2003,1
Lithuania,2004,1
Lithuania,2005,1
Lithuania,2006,1
Lithuania,2007,1
Lithuania,2008,1
Lithuania,2009,1
Lithuania,2010,1
Lithuania,2011,1
Lithuania,2012,1
Lithuania,2013,1
Lithuania,2014,1
Lithuania,2015,1
Lithuania,2016,1
Lithuania,2017,1
Lithuania,2018,1
Lithuania,2019,1
Lithuania,2020,1
Lithuania,2021,1
Lithuania,2022,1
Lithuania,2023,1
Lithuania,2024,1
Lithuania,2025,1
Malawi,1900,0
Malawi,1901,0
Malawi,1902,0
Malawi,1903,0
Malawi,1904,0
Malawi,1905,0
Malawi,1906,0
Malawi,1907,0
Malawi,1908,0
Malawi,1909,0
Malawi,1910,0
Malawi,1911,0
Malawi,1912,0
Malawi,1913,0
Malawi,1914,0
Malawi,1915,0
Malawi,1916,0
Malawi,1917,0
Malawi,1918,0
Malawi,1919,0
Malawi,1920,0
Malawi,1921,0
Malawi,1922,0
Malawi,1923,0
Malawi,1924,0
Malawi,1925,0
Malawi,1926,0
Malawi,1927,0
Malawi,1928,0
Malawi,1929,0
Malawi,1930,0
Malawi,1931,0
Malawi,1932,0
Malawi,1933,0
Malawi,1934,0
Malawi,1935,0
Malawi,1936,0
Malawi,1937,0
Malawi,1938,0
Malawi,1939,0
Malawi,1940,0
Malawi,1941,0
Malawi,1942,0
Malawi,1943,0
Malawi,1944,0
Malawi,1945,0
Malawi,1946,0
Malawi,1947,0
Malawi,1948,0
Malawi,1949,0
Malawi,1950,0
Malawi,1951,0
Malawi,1952,0
Malawi,1953,0
Malawi,1954,0
Malawi,1955,0
Malawi,1956,0
Malawi,1957,0
Malawi,1958,0
Malawi,1959,0
Malawi,1960,0
Malawi,1961,0
Malawi,1962,0
Malawi,1963,0
Malawi,1964,0
Malawi,1965,0
Malawi,1966,0
Malawi,1967,0
Malawi,1968,0
Malawi,1969,0
Malawi,1970,0
Malawi,1971,0
Malawi,1972,0
Malawi,1973,0
Malawi,1974,0
Malawi,1975,0
Malawi,1976,0
Malawi,1977,0
Malawi,1978,0
Malawi,1979,0
Malawi,1980,0
Malawi,1981,0
Malawi,1982,0
Malawi,1983,0
Malawi,1984,0
Malawi,1985,0
Malawi,1986,0
Malawi,1987,0
Malawi,1988,0
Malawi,1989,0
Malawi,1990,0
Malawi,1991,0
Malawi,1992,0
Malawi,1993,0
Malawi,1994,0
Malawi,1995,1
Malawi,1996,1
Malawi,1997,1
Malawi,1998,1
Malawi,1999,1
Malawi,2000,0
Malawi,2001,0
Malawi,2002,0
Malawi,2003,0
Malawi,2004,0
Malawi,2005,0
Malawi,2006,0
Malawi,2007,0
Malawi,2008,0
Malawi,2009,0
Malawi,2010,1
Malawi,2011,1
Malawi,2012,1
Malawi,2013,1
Malawi,2014,1
Malawi,2015,1
Malawi,2016,1
Malawi,2017,1
Malawi,2018,1
Malawi,2019,0
Malawi,2020,1
Malawi,2021,1
Malawi,2022,1
Malawi,2023,1
Malawi,2024,1
Malawi,2025,1
Malaysia,1900,0
Malaysia,1901,0
Malaysia,1902,0
Malaysia,1903,0
Malaysia,1904,0
Malaysia,1905,0
Malaysia,1906,0
Malaysia,1907,0
Malaysia,1908,0
Malaysia,1909,0
Malaysia,1910,0
Malaysia,1911,0
Malaysia,1912,0
Malaysia,1913,0
Malaysia,1914,0
Malaysia,1915,0
Malaysia,1916,0
Malaysia,1917,0
Malaysia,1918,0
Malaysia,1919,0
Malaysia,1920,0
Malaysia,1921,0
Malaysia,1922,0
Malaysia,1923,0
Malaysia,1924,0
Malaysia,1925,0
Malaysia,1926,0
Malaysia,1927,0
Malaysia,1928,0
Malaysia,1929,0
Malaysia,1930,0
Malaysia,1931,0
Malaysia,1932,0
Malaysia,1933,0
Malaysia,1934,0
Malaysia,1935,0
Malaysia,1936,0
Malaysia,1937,0
Malaysia,1938,0
Malaysia,1939,0
Malaysia,1940,0
Malaysia,1941,0
Malaysia,1942,0
Malaysia,1943,0
Malaysia,1944,0
Malaysia,1945,0
Malaysia,1946,0
Malaysia,1947,0
Malaysia,1948,0
Malaysia,1949,0
Malaysia,1950,0
Malaysia,1951,0
Malaysia,1952,0
Malaysia,1953,0
Malaysia,1954,0
Malaysia,1955,0
Malaysia,1956,0
Malaysia,1957,0
Malaysia,1958,0
Malaysia,1959,0
Malaysia,1960,0
Malaysia,1961,0
Malaysia,1962,0
Malaysia,1963,0
Malaysia,1964,0
Malaysia,1965,0
Malaysia,1966,0
Malaysia,1967,0
Malaysia,1968,0
Malaysia,1969,0
Malaysia,1970,0
Malaysia,1971,0
Malaysia,1972,0
Malaysia,1973,0
Malaysia,1974,0
Malaysia,1975,0
Malaysia,1976,0
Malaysia,1977,0
Malaysia,1978,0
Malaysia,1979,0
Malaysia,1980,0
Malaysia,1981,0
Malaysia,1982,0
Malaysia,1983,0
Malaysia,1984,0
Malaysia,1985,0
Malaysia,1986,0
Malaysia,1987,0
Malaysia,1988,0
Malaysia,1989,0
Malaysia,1990,0
Malaysia,1991,0
Malaysia,1992,0
Malaysia,1993,0
Malaysia,1994,0
Malaysia,1995,0
Malaysia,1996,0
Malaysia,1997,0
Malaysia,1998,0
Malaysia,1999,0
Malaysia,2000,0
Malaysia,2001,0
Malaysia,2002,0
Malaysia,2003,0
Malaysia,2004,0
Malaysia,2005,0
Malaysia,2006,0
Malaysia,2007,0
Malaysia,2008,0
Malaysia,2009,0
Malaysia,2010,0
Malaysia,2011,0
Malaysia,2012,0
Malaysia,2013,0
Malaysia,2014,0
Malaysia,2015,0
Malaysia,2016,0
Malaysia,2017,0
Malaysia,2018,0
Malaysia,2019,0
Malaysia,2020,0
Malaysia,2021,0
Malaysia,2022,0
Malaysia,2023,1
Malaysia,2024,1
Malaysia,2025,1
Maldives,1900,0
Maldives,1901,0
Maldives,1902,0
Maldives,1903,0
Maldives,1904,0
Maldives,1905,0
Maldives,1906,0
Maldives,1907,0
Maldives,1908,0
Maldives,1909,0
Maldives,1910,0
Maldives,1911,0
Maldives,1912,0
Maldives,1913,0
Maldives,1914,0
Maldives,1915,0
Maldives,1916,0
Maldives,1917,0
Maldives,1918,0
Maldives,1919,0
Maldives,1920,0
Maldives,1921,0
Maldives,1922,0
Maldives,1923,0
Maldives,1924,0
Maldives,1925,0
Maldives,1926,0
Maldives,1927,0
Maldives,1928,0
Maldives,1929,0
Maldives,1930,0
Maldives,1931,0
Maldives,1932,0
Maldives,1933,0
Maldives,1934,0
Maldives,1935,0
Maldives,1936,0
Maldives,1937,0
Maldives,1938,0
Maldives,1939,0
Maldives,1940,0
Maldives,1941,0
Maldives,1942,0
Maldives,1943,0
Maldives,1944,0
Maldives,1945,0
Maldives,1946,0
Maldives,1947,0
Maldives,1948,0
Maldives,1949,0
Maldives,1950,0
Maldives,1951,0
Maldives,1952,0
Maldives,1953,0
Maldives,1954,0
Maldives,1955,0
Maldives,1956,0
Maldives,1957,0
Maldives,1958,0
Maldives,1959,0
Maldives,1960,0
Maldives,1961,0
Maldives,1962,0
Maldives,1963,0
Maldives,1964,0
Maldives,1965,0
Maldives,1966,0
Maldives,1967,0
Maldives,1968,0
Maldives,1969,0
Maldives,1970,0
Maldives,1971,0
Maldives,1972,0
Maldives,1973,0
Maldives,1974,0
Maldives,1975,0
Maldives,1976,0
Maldives,1977,0
Maldives,1978,0
Maldives,1979,0
Maldives,1980,0
Maldives,1981,0
Maldives,1982,0
Maldives,1983,0
Maldives,1984,0
Maldives,1985,0
Maldives,1986,0
Maldives,1987,0
Maldives,1988,0
Maldives,1989,0
Maldives,1990,0
Maldives,1991,0
Maldives,1992,0
Maldives,1993,0
Maldives,1994,0
Maldives,1995,0
Maldives,1996,0
Maldives,1997,0
Maldives,1998,0
Maldives,1999,0
Maldives,2000,0
Maldives,2001,0
Maldives,2002,0
Maldives,2003,0
Maldives,2004,0
Maldives,2005,0
Maldives,2006,0
Maldives,2007,0
Maldives,2008,0
Maldives,2009,1
Maldives,2010,1
Maldives,2011,1
Maldives,2012,1
Maldives,2013,0
Maldives,2014,0
Maldives,2015,0
Maldives,2016,0
Maldives,2017,0
Maldives,2018,0
Maldives,2019,1
Maldives,2020,1
Maldives,2021,1
Maldives,2022,1
Maldives,2023,1
Maldives,2024,1
Maldives,2025,1
Mali,1900,0
Mali,1901,0
Mali,1902,0
Mali,1903,0
Mali,1904,0
Mali,1905,0
Mali,1906,0
Mali,1907,0
Mali,1908,0
Mali,1909,0
Mali,1910,0
Mali,1911,0
Mali,1912,0
Mali,1913,0
Mali,1914,0
Mali,1915,0
Mali,1916,0
Mali,1917,0
Mali,1918,0
Mali,1919,0
Mali,1920,0
Mali,1921,0
Mali,1922,0
Mali,1923,0
Mali,1924,0
Mali,1925,0
Mali,1926,0
Mali,1927,0
Mali,1928,0
Mali,1929,0
Mali,1930,0
Mali,1931,0
Mali,1932,0
Mali,1933,0
Mali,1934,0
Mali,1935,0
Mali,1936,0
Mali,1937,0
Mali,1938,0
Mali,1939,0
Mali,1940,0
Mali,1941,0
Mali,1942,0
Mali,1943,0
Mali,1944,0
Mali,1945,0
Mali,1946,0
Mali,1947,0
Mali,1948,0
Mali,1949,0
Mali,1950,0
Mali,1951,0
Mali,1952,0
Mali,1953,0
Mali,1954,0
Mali,1955,0
Mali,1956,0
Mali,1957,0
Mali,1958,0
Mali,1959,0
Mali,1960,0
Mali,1961,0
Mali,1962,0
Mali,1963,0
Mali,1964,0
Mali,1965,0
Mali,1966,0
Mali,1967,0
Mali,1968,0
Mali,1969,0
Mali,1970,0
Mali,1971,0
Mali,1972,0
Mali,1973,0
Mali,1974,0
Mali,1975,0
Mali,1976,0
Mali,1977,0
Mali,1978,0
Mali,1979,0
Mali,1980,0
Mali,1981,0
Mali,1982,0
Mali,1983,0
Mali,1984,0
Mali,1985,0
Mali,1986,0
Mali,1987,0
Mali,1988,0
Mali,1989,0
Mali,1990,0
Mali,1991,0
Mali,1992,0
Mali,1993,1
Mali,1994,1
Mali,1995,1
Mali,1996,1
Mali,1997,1
Mali,1998,1
Mali,1999,1
Mali,2000,1
Mali,2001,1
Mali,2002,1
Mali,2003,1
Mali,2004,1
Mali,2005,1
Mali,2006,1
Mali,2007,1
Mali,2008,1
Mali,2009,1
Mali,2010,1
Mali,2011,1
Mali,2012,0
Mali,2013,0
Mali,2014,1
Mali,2015,1
Mali,2016,1
Mali,2017,1
Mali,2018,0
Mali,2019,0
Mali,2020,0
Mali,2021,0
Mali,2022,0
Mali,2023,0
Mali,2024,0
Mali,2025,0
Malta,1900,0
Malta,1901,0
Malta,1902,0
Malta,1903,0
Malta,1904,0
Malta,1905,0
Malta,1906,0
Malta,1907,0
Malta,1908,0
Malta,1909,0
Malta,1910,0
Malta,1911,0
Malta,1912,0
Malta,1913,0
Malta,1914,0
Malta,1915,0
Malta,1916,0
Malta,1917,0
Malta,1918,0
Malta,1919,0
Malta,1920,0
Malta,1921,0
Malta,1922,0
Malta,1923,0
Malta,1924,0
Malta,1925,0
Malta,1926,0
Malta,1927,0
Malta,1928,0
Malta,1929,0
Malta,1930,0
Malta,1931,0
Malta,1932,0
Malta,1933,0
Malta,1934,0
Malta,1935,0
Malta,1936,0
Malta,1937,0
Malta,1938,0
Malta,1939,0
Malta,1940,0
Malta,1941,0
Malta,1942,0
Malta,1943,0
Malta,1944,0
Malta,1945,0
Malta,1946,0
Malta,1947,0
Malta,1948,1
Malta,1949,1
Malta,1950,1
Malta,1951,1
Malta,1952,1
Malta,1953,1
Malta,1954,1
Malta,1955,1
Malta,1956,1
Malta,1957,1
Malta,1958,0
Malta,1959,0
Malta,1960,0
Malta,1961,0
Malta,1962,0
Malta,1963,1
Malta,1964,1
Malta,1965,1
Malta,1966,1
Malta,1967,1
Malta,1968,1
Malta,1969,1
Malta,1970,1
Malta,1971,1
Malta,1972,1
Malta,1973,1
Malta,1974,1
Malta,1975,1
Malta,1976,1
Malta,1977,1
Malta,1978,1
Malta,1979,1
Malta,1980,1
Malta,1981,1
Malta,1982,1
Malta,1983,1
Malta,1984,1
Malta,1985,1
Malta,1986,1
Malta,1987,1
Malta,1988,1
Malta,1989,1
Malta,1990,1
Malta,1991,1
Malta,1992,1
Malta,1993,1
Malta,1994,1
Malta,1995,1
Malta,1996,1
Malta,1997,1
Malta,1998,1
Malta,1999,1
Malta,2000,1
Malta,2001,1
Malta,2002,1
Malta,2003,1
Malta,2004,1
Malta,2005,1
Malta,2006,1
Malta,2007,1
Malta,2008,1
Malta,2009,1
Malta,2010,1
Malta,2011,1
Malta,2012,1
Malta,2013,1
Malta,2014,1
Malta,2015,1
Malta,2016,1
Malta,2017,1
Malta,2018,1
Malta,2019,1
Malta,2020,1
Malta,2021,1
Malta,2022,1
Malta,2023,1
Malta,2024,1
Malta,2025,1
Mauritius,1900,0
Mauritius,1901,0
Mauritius,1902,0
Mauritius,1903,0
Mauritius,1904,0
Mauritius,1905,0
Mauritius,1906,0
Mauritius,1907,0
Mauritius,1908,0
Mauritius,1909,0
Mauritius,1910,0
Mauritius,1911,0
Mauritius,1912,0
Mauritius,1913,0
Mauritius,1914,0
Mauritius,1915,0
Mauritius,1916,0
Mauritius,1917,0
Mauritius,1918,0
Mauritius,1919,0
Mauritius,1920,0
Mauritius,1921,0
Mauritius,1922,0
Mauritius,1923,0
Mauritius,1924,0
Mauritius,1925,0
Mauritius,1926,0
Mauritius,1927,0
Mauritius,1928,0
Mauritius,1929,0
Mauritius,1930,0
Mauritius,1931,0
Mauritius,1932,0
Mauritius,1933,0
Mauritius,1934,0
Mauritius,1935,0
Mauritius,1936,0
Mauritius,1937,0
Mauritius,1938,0
Mauritius,1939,0
Mauritius,1940,0
Mauritius,1941,0
Mauritius,1942,0
Mauritius,1943,0
Mauritius,1944,0
Mauritius,1945,0
Mauritius,1946,0
Mauritius,1947,0
Mauritius,1948,0
Mauritius,1949,0
Mauritius,1950,0
Mauritius,1951,0
Mauritius,1952,0
Mauritius,1953,0
Mauritius,1954,0
Mauritius,1955,0
Mauritius,1956,0
Mauritius,1957,0
Mauritius,1958,0
Mauritius,1959,0
Mauritius,1960,0
Mauritius,1961,0
Mauritius,1962,0
Mauritius,1963,0
Mauritius,1964,0
Mauritius,1965,0
Mauritius,1966,0
Mauritius,1967,0
Mauritius,1968,1
Mauritius,1969,1
Mauritius,1970,1
Mauritius,1971,1
Mauritius,1972,1
Mauritius,1973,1
Mauritius,1974,1
Mauritius,1975,1
Mauritius,1976,1
Mauritius,1977,1
Mauritius,1978,1
Mauritius,1979,1
Mauritius,1980,1
Mauritius,1981,1
Mauritius,1982,1
Mauritius,1983,1
Mauritius,1984,1
Mauritius,1985,1
Mauritius,1986,1
Mauritius,1987,1
Mauritius,1988,1
Mauritius,1989,1
Mauritius,1990,1
Mauritius,1991,1
Mauritius,1992,1
Mauritius,1993,1
Mauritius,1994,1
Mauritius,1995,1
Mauritius,1996,1
Mauritius,1997,1
Mauritius,1998,1
Mauritius,1999,1
Mauritius,2000,1
Mauritius,2001,1
Mauritius,2002,1
Mauritius,2003,1
Mauritius,2004,1
Mauritius,2005,1
Mauritius,2006,1
Mauritius,2007,1
Mauritius,2008,1
Mauritius,2009,1
Mauritius,2010,1
Mauritius,2011,1
Mauritius,2012,1
Mauritius,2013,1
Mauritius,2014,1
Mauritius,2015,1
Mauritius,2016,1
Mauritius,2017,1
Mauritius,2018,1
Mauritius,2019,1
Mauritius,2020,1
Mauritius,2021,1
Mauritius,2022,1
Mauritius,2023,0
Mauritius,2024,0
Mauritius,2025,1
Morocco,1900,0
Morocco,1901,0
Morocco,1902,0
Morocco,1903,0
Morocco,1904,0
Morocco,1905,0
Morocco,1906,0
Morocco,1907,0
Morocco,1908,0
Morocco,1909,0
Morocco,1910,0
Morocco,1911,0
Morocco,1912,0
Morocco,1913,0
Morocco,1914,0
Morocco,1915,0
Morocco,1916,0
Morocco,1917,0
Morocco,1918,0
Morocco,1919,0
Morocco,1920,0
Morocco,1921,0
Morocco,1922,0
Morocco,1923,0
Morocco,1924,0
Morocco,1925,0
Morocco,1926,0
Morocco,1927,0
Morocco,1928,0
Morocco,1929,0
Morocco,1930,0
Morocco,1931,0
Morocco,1932,0
Morocco,1933,0
Morocco,1934,0
Morocco,1935,0
Morocco,1936,0
Morocco,1937,0
Morocco,1938,0
Morocco,1939,0
Morocco,1940,0
Morocco,1941,0
Morocco,1942,0
Morocco,1943,0
Morocco,1944,0
Morocco,1945,0
Morocco,1946,0
Morocco,1947,0
Morocco,1948,0
Morocco,1949,0
Morocco,1950,0
Morocco,1951,0
Morocco,1952,0
Morocco,1953,0
Morocco,1954,0
Morocco,1955,0
Morocco,1956,0
Morocco,1957,0
Morocco,1958,0
Morocco,1959,0
Morocco,1960,0
Morocco,1961,0
Morocco,1962,0
Morocco,1963,0
Morocco,1964,0
Morocco,1965,0
Morocco,1966,0
Morocco,1967,0
Morocco,1968,0
Morocco,1969,0
Morocco,1970,0
Morocco,1971,0
Morocco,1972,0
Morocco,1973,0
Morocco,1974,0
Morocco,1975,0
Morocco,1976,0
Morocco,1977,0
Morocco,1978,0
Morocco,1979,0
Morocco,1980,0
Morocco,1981,0
Morocco,1982,0
Morocco,1983,0
Morocco,1984,0
Morocco,1985,0
Morocco,1986,0
Morocco,1987,0
Morocco,1988,0
Morocco,1989,0
Morocco,1990,0
Morocco,1991,0
Morocco,1992,0
Morocco,1993,0
Morocco,1994,0
Morocco,1995,0
Morocco,1996,0
Morocco,1997,0
Morocco,1998,0
Morocco,1999,0
Morocco,2000,0
Morocco,2001,0
Morocco,2002,0
Morocco,2003,0
Morocco,2004,0
Morocco,2005,0
Morocco,2006,0
Morocco,2007,0
Morocco,2008,0
Morocco,2009,0
Morocco,2010,0
Morocco,2011,0
Morocco,2012,0
Morocco,2013,0
Morocco,2014,0
Morocco,2015,0
Morocco,2016,0
Morocco,2017,0
Morocco,2018,0
Morocco,2019,0
Morocco,2020,0
Morocco,2021,0
Morocco,2022,0
Morocco,2023,0
Morocco,2024,0
Morocco,2025,0
Mozambique,1900,0
Mozambique,1901,0
Mozambique,1902,0
Mozambique,1903,0
Mozambique,1904,0
Mozambique,1905,0
Mozambique,1906,0
Mozambique,1907,0
Mozambique,1908,0
Mozambique,1909,0
Mozambique,1910,0
Mozambique,1911,0
Mozambique,1912,0
Mozambique,1913,0
Mozambique,1914,0
Mozambique,1915,0
Mozambique,1916,0
Mozambique,1917,0
Mozambique,1918,0
Mozambique,1919,0
Mozambique,1920,0
Mozambique,1921,0
Mozambique,1922,0
Mozambique,1923,0
Mozambique,1924,0
Mozambique,1925,0
Mozambique,1926,0
Mozambique,1927,0
Mozambique,1928,0
Mozambique,1929,0
Mozambique,1930,0
Mozambique,1931,0
Mozambique,1932,0
Mozambique,1933,0
Mozambique,1934,0
Mozambique,1935,0
Mozambique,1936,0
Mozambique,1937,0
Mozambique,1938,0
Mozambique,1939,0
Mozambique,1940,0
Mozambique,1941,0
Mozambique,1942,0
Mozambique,1943,0
Mozambique,1944,0
Mozambique,1945,0
Mozambique,1946,0
Mozambique,1947,0
Mozambique,1948,0
Mozambique,1949,0
Mozambique,1950,0
Mozambique,1951,0
Mozambique,1952,0
Mozambique,1953,0
Mozambique,1954,0
Mozambique,1955,0
Mozambique,1956,0
Mozambique,1957,0
Mozambique,1958,0
Mozambique,1959,0
Mozambique,1960,0
Mozambique,1961,0
Mozambique,1962,0
Mozambique,1963,0
Mozambique,1964,0
Mozambique,1965,0
Mozambique,1966,0
Mozambique,1967,0
Mozambique,1968,0
Mozambique,1969,0
Mozambique,1970,0
Mozambique,1971,0
Mozambique,1972,0
Mozambique,1973,0
Mozambique,1974,0
Mozambique,1975,0
Mozambique,1976,0
Mozambique,1977,0
Mozambique,1978,0
Mozambique,1979,0
Mozambique,1980,0
Mozambique,1981,0
Mozambique,1982,0
Mozambique,1983,0
Mozambique,1984,0
Mozambique,1985,0
Mozambique,1986,0
Mozambique,1987,0
Mozambique,1988,0
Mozambique,1989,0
Mozambique,1990,0
Mozambique,1991,0
Mozambique,1992,0
Mozambique,1993,0
Mozambique,1994,0
Mozambique,1995,0
Mozambique,1996,0
Mozambique,1997,0
Mozambique,1998,0
Mozambique,1999,0
Mozambique,2000,0
Mozambique,2001,0
Mozambique,2002,0
Mozambique,2003,0
Mozambique,2004,0
Mozambique,2005,0
Mozambique,2006,0
Mozambique,2007,0
Mozambique,2008,0
Mozambique,2009,0
Mozambique,2010,0
Mozambique,2011,0
Mozambique,2012,0
Mozambique,2013,0
Mozambique,2014,0
Mozambique,2015,0
Mozambique,2016,0
Mozambique,2017,0
Mozambique,2018,0
Mozambique,2019,0
Mozambique,2020,0
Mozambique,2021,0
Mozambique,2022,0
Mozambique,2023,0
Mozambique,2024,0
Mozambique,2025,0
Myanmar,1900,0
Myanmar,1901,0
Myanmar,1902,0
Myanmar,1903,0
Myanmar,1904,0
Myanmar,1905,0
Myanmar,1906,0
Myanmar,1907,0
Myanmar,1908,0
Myanmar,1909,0
Myanmar,1910,0
Myanmar,1911,0
Myanmar,1912,0
Myanmar,1913,0
Myanmar,1914,0
Myanmar,1915,0
Myanmar,1916,0
Myanmar,1917,0
Myanmar,1918,0
Myanmar,1919,0
Myanmar,1920,0
Myanmar,1921,0
Myanmar,1922,0
Myanmar,1923,0
Myanmar,1924,0
Myanmar,1925,0
Myanmar,1926,0
Myanmar,1927,0
Myanmar,1928,0
Myanmar,1929,0
Myanmar,1930,0
Myanmar,1931,0
Myanmar,1932,0
Myanmar,1933,0
Myanmar,1934,0
Myanmar,1935,0
Myanmar,1936,0
Myanmar,1937,0
Myanmar,1938,0
Myanmar,1939,0
Myanmar,1940,0
Myanmar,1941,0
Myanmar,1942,0
Myanmar,1943,0
Myanmar,1944,0
Myanmar,1945,0
Myanmar,1946,0
Myanmar,1947,0
Myanmar,1948,0
Myanmar,1949,0
Myanmar,1950,0
Myanmar,1951,0
Myanmar,1952,0
Myanmar,1953,0
Myanmar,1954,0
Myanmar,1955,0
Myanmar,1956,0
Myanmar,1957,0
Myanmar,1958,0
Myanmar,1959,0
Myanmar,1960,0
Myanmar,1961,0
Myanmar,1962,0
Myanmar,1963,0
Myanmar,1964,0
Myanmar,1965,0
Myanmar,1966,0
Myanmar,1967,0
Myanmar,1968,0
Myanmar,1969,0
Myanmar,1970,0
Myanmar,1971,0
Myanmar,1972,0
Myanmar,1973,0
Myanmar,1974,0
Myanmar,1975,0
Myanmar,1976,0
Myanmar,1977,0
Myanmar,1978,0
Myanmar,1979,0
Myanmar,1980,0
Myanmar,1981,0
Myanmar,1982,0
Myanmar,1983,0
Myanmar,1984,0
Myanmar,1985,0
Myanmar,1986,0
Myanmar,1987,0
Myanmar,1988,0
Myanmar,1989,0
Myanmar,1990,0
Myanmar,1991,0
Myanmar,1992,0
Myanmar,1993,0
Myanmar,1994,0
Myanmar,1995,0
Myanmar,1996,0
Myanmar,1997,0
Myanmar,1998,0
Myanmar,1999,0
Myanmar,2000,0
Myanmar,2001,0
Myanmar,2002,0
Myanmar,2003,0
Myanmar,2004,0
Myanmar,2005,0
Myanmar,2006,0
Myanmar,2007,0
Myanmar,2008,0
Myanmar,2009,0
Myanmar,2010,0
Myanmar,2011,0
Myanmar,2012,0
Myanmar,2013,0
Myanmar,2014,0
Myanmar,2015,0
Myanmar,2016,0
Myanmar,2017,0
Myanmar,2018,0
Myanmar,2019,0
Myanmar,2020,0
Myanmar,2021,0
Myanmar,2022,0
Myanmar,2023,0
Myanmar,2024,0
Myanmar,2025,0
Namibia,1900,0
Namibia,1901,0
Namibia,1902,0
Namibia,1903,0
Namibia,1904,0
Namibia,1905,0
Namibia,1906,0
Namibia,1907,0
Namibia,1908,0
Namibia,1909,0
Namibia,1910,0
Namibia,1911,0
Namibia,1912,0
Namibia,1913,0
Namibia,1914,0
Namibia,1915,0
Namibia,1916,0
Namibia,1917,0
Namibia,1918,0
Namibia,1919,0
Namibia,1920,0
Namibia,1921,0
Namibia,1922,0
Namibia,1923,0
Namibia,1924,0
Namibia,1925,0
Namibia,1926,0
Namibia,1927,0
Namibia,1928,0
Namibia,1929,0
Namibia,1930,0
Namibia,1931,0
Namibia,1932,0
Namibia,1933,0
Namibia,1934,0
Namibia,1935,0
Namibia,1936,0
Namibia,1937,0
Namibia,1938,0
Namibia,1939,0
Namibia,1940,0
Namibia,1941,0
Namibia,1942,0
Namibia,1943,0
Namibia,1944,0
Namibia,1945,0
Namibia,1946,0
Namibia,1947,0
Namibia,1948,0
Namibia,1949,0
Namibia,1950,0
Namibia,1951,0
Namibia,1952,0
Namibia,1953,0
Namibia,1954,0
Namibia,1955,0
Namibia,1956,0
Namibia,1957,0
Namibia,1958,0
Namibia,1959,0
Namibia,1960,0
Namibia,1961,0
Namibia,1962,0
Namibia,1963,0
Namibia,1964,0
Namibia,1965,0
Namibia,1966,0
Namibia,1967,0
Namibia,1968,0
Namibia,1969,0
Namibia,1970,0
Namibia,1971,0
Namibia,1972,0
Namibia,1973,0
Namibia,1974,0
Namibia,1975,0
Namibia,1976,0
Namibia,1977,0
Namibia,1978,0
Namibia,1979,0
Namibia,1980,0
Namibia,1981,0
Namibia,1982,0
Namibia,1983,0
Namibia,1984,0
Namibia,1985,0
Namibia,1986,0
Namibia,1987,0
Namibia,1988,0
Namibia,1989,0
Namibia,1990,1
Namibia,1991,1
Namibia,1992,1
Namibia,1993,1
Namibia,1994,1
Namibia,1995,1
Namibia,1996,1
Namibia,1997,1
Namibia,1998,1
Namibia,1999,1
Namibia,2000,1
Namibia,2001,1
Namibia,2002,1
Namibia,2003,1
Namibia,2004,1
Namibia,2005,1
Namibia,2006,1
Namibia,2007,1
Namibia,2008,1
Namibia,2009,1
Namibia,2010,1
Namibia,2011,1
Namibia,2012,1
Namibia,2013,1
Namibia,2014,1
Namibia,2015,1
Namibia,2016,1
Namibia,2017,1
Namibia,2018,1
Namibia,2019,1
Namibia,2020,1
Namibia,2021,1
Namibia,2022,1
Namibia,2023,1
Namibia,2024,1
Namibia,2025,1
Nepal,1900,0
Nepal,1901,0
Nepal,1902,0
Nepal,1903,0
Nepal,1904,0
Nepal,1905,0
Nepal,1906,0
Nepal,1907,0
Nepal,1908,0
Nepal,1909,0
Nepal,1910,0
Nepal,1911,0
Nepal,1912,0
Nepal,1913,0
Nepal,1914,0
Nepal,1915,0
Nepal,1916,0
Nepal,1917,0
Nepal,1918,0
Nepal,1919,0
Nepal,1920,0
Nepal,1921,0
Nepal,1922,0
Nepal,1923,0
Nepal,1924,0
Nepal,1925,0
Nepal,1926,0
Nepal,1927,0
Nepal,1928,0
Nepal,1929,0
Nepal,1930,0
Nepal,1931,0
Nepal,1932,0
Nepal,1933,0
Nepal,1934,0
Nepal,1935,0
Nepal,1936,0
Nepal,1937,0
Nepal,1938,0
Nepal,1939,0
Nepal,1940,0
Nepal,1941,0
Nepal,1942,0
Nepal,1943,0
Nepal,1944,0
Nepal,1945,0
Nepal,1946,0
Nepal,1947,0
Nepal,1948,0
Nepal,1949,0
Nepal,1950,0
Nepal,1951,0
Nepal,1952,0
Nepal,1953,0
Nepal,1954,0
Nepal,1955,0
Nepal,1956,0
Nepal,1957,0
Nepal,1958,0
Nepal,1959,0
Nepal,1960,0
Nepal,1961,0
Nepal,1962,0
Nepal,1963,0
Nepal,1964,0
Nepal,1965,0
Nepal,1966,0
Nepal,1967,0
Nepal,1968,0
Nepal,1969,0
Nepal,1970,0
Nepal,1971,0
Nepal,1972,0
Nepal,1973,0
Nepal,1974,0
Nepal,1975,0
Nepal,1976,0
Nepal,1977,0
Nepal,1978,0
Nepal,1979,0
Nepal,1980,0
Nepal,1981,0
Nepal,1982,0
Nepal,1983,0
Nepal,1984,0
Nepal,1985,0
Nepal,1986,0
Nepal,1987,0
Nepal,1988,0
Nepal,1989,0
Nepal,1990,0
Nepal,1991,0
Nepal,1992,0
Nepal,1993,0
Nepal,1994,0
Nepal,1995,0
Nepal,1996,0
Nepal,1997,0
Nepal,1998,0
Nepal,1999,0
Nepal,2000,0
Nepal,2001,0
Nepal,2002,0
Nepal,2003,0
Nepal,2004,0
Nepal,2005,0
Nepal,2006,0
Nepal,2007,0
Nepal,2008,0
Nepal,2009,1
Nepal,2010,1
Nepal,2011,1
Nepal,2012,0
Nepal,2013,0
Nepal,2014,1
Nepal,2015,1
Nepal,2016,1
Nepal,2017,1
Nepal,2018,1
Nepal,2019,1
Nepal,2020,1
Nepal,2021,1
Nepal,2022,1
Nepal,2023,1
Nepal,2024,1
Nepal,2025,1
Netherlands,1900,0
Netherlands,1901,0
Netherlands,1902,0
Netherlands,1903,0
Netherlands,1904,0
Netherlands,1905,0
Netherlands,1906,0
Netherlands,1907,0
Netherlands,1908,0
Netherlands,1909,0
Netherlands,1910,0
Netherlands,1911,0
Netherlands,1912,0
Netherlands,1913,0
Netherlands,1914,0
Netherlands,1915,0
Netherlands,1916,0
Netherlands,1917,0
Netherlands,1918,1
Netherlands,1919,1
Netherlands,1920,1
Netherlands,1921,1
Netherlands,1922,1
Netherlands,1923,1
Netherlands,1924,1
Netherlands,1925,1
Netherlands,1926,1
Netherlands,1927,1
Netherlands,1928,1
Netherlands,1929,1
Netherlands,1930,1
Netherlands,1931,1
Netherlands,1932,1
Netherlands,1933,1
Netherlands,1934,1
Netherlands,1935,1
Netherlands,1936,1
Netherlands,1937,1
Netherlands,1938,1
Netherlands,1939,1
Netherlands,1940,0
Netherlands,1941,0
Netherlands,1942,0
Netherlands,1943,0
Netherlands,1944,0
Netherlands,1945,0
Netherlands,1946,1
Netherlands,1947,1
Netherlands,1948,1
Netherlands,1949,1
Netherlands,1950,1
Netherlands,1951,1
Netherlands,1952,1
Netherlands,1953,1
Netherlands,1954,1
Netherlands,1955,1
Netherlands,1956,1
Netherlands,1957,1
Netherlands,1958,1
Netherlands,1959,1
Netherlands,1960,1
Netherlands,1961,1
Netherlands,1962,1
Netherlands,1963,1
Netherlands,1964,1
Netherlands,1965,1
Netherlands,1966,1
Netherlands,1967,1
Netherlands,1968,1
Netherlands,1969,1
Netherlands,1970,1
Netherlands,1971,1
Netherlands,1972,1
Netherlands,1973,1
Netherlands,1974,1
Netherlands,1975,1
Netherlands,1976,1
Netherlands,1977,1
Netherlands,1978,1
Netherlands,1979,1
Netherlands,1980,1
Netherlands,1981,1
Netherlands,1982,1
Netherlands,1983,1
Netherlands,1984,1
Netherlands,1985,1
Netherlands,1986,1
Netherlands,1987,1
Netherlands,1988,1
Netherlands,1989,1
Netherlands,1990,1
Netherlands,1991,1
Netherlands,1992,1
Netherlands,1993,1
Netherlands,1994,1
Netherlands,1995,1
Netherlands,1996,1
Netherlands,1997,1
Netherlands,1998,1
Netherlands,1999,1
Netherlands,2000,1
Netherlands,2001,1
Netherlands,2002,1
Netherlands,2003,1
Netherlands,2004,1
Netherlands,2005,1
Netherlands,2006,1
Netherlands,2007,1
Netherlands,2008,1
Netherlands,2009,1
Netherlands,2010,1
Netherlands,2011,1
Netherlands,2012,1
Netherlands,2013,1
Netherlands,2014,1
Netherlands,2015,1
Netherlands,2016,1
Netherlands,2017,1
Netherlands,2018,1
Netherlands,2019,1
Netherlands,2020,1
Netherlands,2021,1
Netherlands,2022,1
Netherlands,2023,1
Netherlands,2024,1
Netherlands,2025,1
New Zealand,1900,1
New Zealand,1901,1
New Zealand,1902,1
New Zealand,1903,1
New Zealand,1904,1
New Zealand,1905,1
New Zealand,1906,1
New Zealand,1907,1
New Zealand,1908,1
New Zealand,1909,1
New Zealand,1910,1
New Zealand,1911,1
New Zealand,1912,1
New Zealand,1913,1
New Zealand,1914,1
New Zealand,1915,1
New Zealand,1916,1
New Zealand,1917,1
New Zealand,1918,1
New Zealand,1919,1
New Zealand,1920,1
New Zealand,1921,1
New Zealand,1922,1
New Zealand,1923,1
New Zealand,1924,1
New Zealand,1925,1
New Zealand,1926,1
New Zealand,1927,1
New Zealand,1928,1
New Zealand,1929,1
New Zealand,1930,1
New Zealand,1931,1
New Zealand,1932,1
New Zealand,1933,1
New Zealand,1934,1
New Zealand,1935,1
New Zealand,1936,1
New Zealand,1937,1
New Zealand,1938,1
New Zealand,1939,1
New Zealand,1940,1
New Zealand,1941,1
New Zealand,1942,1
New Zealand,1943,1
New Zealand,1944,1
New Zealand,1945,1
New Zealand,1946,1
New Zealand,1947,1
New Zealand,1948,1
New Zealand,1949,1
New Zealand,1950,1
New Zealand,1951,1
New Zealand,1952,1
New Zealand,1953,1
New Zealand,1954,1
New Zealand,1955,1
New Zealand,1956,1
New Zealand,1957,1
New Zealand,1958,1
New Zealand,1959,1
New Zealand,1960,1
New Zealand,1961,1
New Zealand,1962,1
New Zealand,1963,1
New Zealand,1964,1
New Zealand,1965,1
New Zealand,1966,1
New Zealand,1967,1
New Zealand,1968,1
New Zealand,1969,1
New Zealand,1970,1
New Zealand,1971,1
New Zealand,1972,1
New Zealand,1973,1
New Zealand,1974,1
New Zealand,1975,1
New Zealand,1976,1
New Zealand,1977,1
New Zealand,1978,1
New Zealand,1979,1
New Zealand,1980,1
New Zealand,1981,1
New Zealand,1982,1
New Zealand,1983,1
New Zealand,1984,1
New Zealand,1985,1
New Zealand,1986,1
New Zealand,1987,1
New Zealand,1988,1
New Zealand,1989,1
New Zealand,1990,1
New Zealand,1991,1
New Zealand,1992,1
New Zealand,1993,1
New Zealand,1994,1
New Zealand,1995,1
New Zealand,1996,1
New Zealand,1997,1
New Zealand,1998,1
New Zealand,1999,1
New Zealand,2000,1
New Zealand,2001,1
New Zealand,2002,1
New Zealand,2003,1
New Zealand,2004,1
New Zealand,2005,1
New Zealand,2006,1
New Zealand,2007,1
New Zealand,2008,1
New Zealand,2009,1
New Zealand,2010,1
New Zealand,2011,1
New Zealand,2012,1
New Zealand,2013,1
New Zealand,2014,1
New Zealand,2015,1
New Zealand,2016,1
New Zealand,2017,1
New Zealand,2018,1
New Zealand,2019,1
New Zealand,2020,1
New Zealand,2021,1
New Zealand,2022,1
New Zealand,2023,1
New Zealand,2024,1
New Zealand,2025,1
Norway,1900,0
Norway,1901,0
Norway,1902,0
Norway,1903,0
Norway,1904,0
Norway,1905,0
Norway,1906,1
Norway,1907,1
Norway,1908,1
Norway,1909,1
Norway,1910,1
Norway,1911,1
Norway,1912,1
Norway,1913,1
Norway,1914,1
Norway,1915,1
Norway,1916,1
Norway,1917,1
Norway,1918,1
Norway,1919,1
Norway,1920,1
Norway,1921,1
Norway,1922,1
Norway,1923,1
Norway,1924,1
Norway,1925,1
Norway,1926,1
Norway,1927,1
Norway,1928,1
Norway,1929,1
Norway,1930,1
Norway,1931,1
Norway,1932,1
Norway,1933,1
Norway,1934,1
Norway,1935,1
Norway,1936,1
Norway,1937,1
Norway,1938,1
Norway,1939,1
Norway,1940,0
Norway,1941,0
Norway,1942,0
Norway,1943,0
Norway,1944,0
Norway,1945,0
Norway,1946,1
Norway,1947,1
Norway,1948,1
Norway,1949,1
Norway,1950,1
Norway,1951,1
Norway,1952,1
Norway,1953,1
Norway,1954,1
Norway,1955,1
Norway,1956,1
Norway,1957,1
Norway,1958,1
Norway,1959,1
Norway,1960,1
Norway,1961,1
Norway,1962,1
Norway,1963,1
Norway,1964,1
Norway,1965,1
Norway,1966,1
Norway,1967,1
Norway,1968,1
Norway,1969,1
Norway,1970,1
Norway,1971,1
Norway,1972,1
Norway,1973,1
Norway,1974,1
Norway,1975,1
Norway,1976,1
Norway,1977,1
Norway,1978,1
Norway,1979,1
Norway,1980,1
Norway,1981,1
Norway,1982,1
Norway,1983,1
Norway,1984,1
Norway,1985,1
Norway,1986,1
Norway,1987,1
Norway,1988,1
Norway,1989,1
Norway,1990,1
Norway,1991,1
Norway,1992,1
Norway,1993,1
Norway,1994,1
Norway,1995,1
Norway,1996,1
Norway,1997,1
Norway,1998,1
Norway,1999,1
Norway,2000,1
Norway,2001,1
Norway,2002,1
Norway,2003,1
Norway,2004,1
Norway,2005,1
Norway,2006,1
Norway,2007,1
Norway,2008,1
Norway,2009,1
Norway,2010,1
Norway,2011,1
Norway,2012,1
Norway,2013,1
Norway,2014,1
Norway,2015,1
Norway,2016,1
Norway,2017,1
Norway,2018,1
Norway,2019,1
Norway,2020,1
Norway,2021,1
Norway,2022,1
Norway,2023,1
Norway,2024,1
Norway,2025,1
Oman,1900,0
Oman,1901,0
Oman,1902,0
Oman,1903,0
Oman,1904,0
Oman,1905,0
Oman,1906,0
Oman,1907,0
Oman,1908,0
Oman,1909,0
Oman,1910,0
Oman,1911,0
Oman,1912,0
Oman,1913,0
Oman,1914,0
Oman,1915,0
Oman,1916,0
Oman,1917,0
Oman,1918,0
Oman,1919,0
Oman,1920,0
Oman,1921,0
Oman,1922,0
Oman,1923,0
Oman,1924,0
Oman,1925,0
Oman,1926,0
Oman,1927,0
Oman,1928,0
Oman,1929,0
Oman,1930,0
Oman,1931,0
Oman,1932,0
Oman,1933,0
Oman,1934,0
Oman,1935,0
Oman,1936,0
Oman,1937,0
Oman,1938,0
Oman,1939,0
Oman,1940,0
Oman,1941,0
Oman,1942,0
Oman,1943,0
Oman,1944,0
Oman,1945,0
Oman,1946,0
Oman,1947,0
Oman,1948,0
Oman,1949,0
Oman,1950,0
Oman,1951,0
Oman,1952,0
Oman,1953,0
Oman,1954,0
Oman,1955,0
Oman,1956,0
Oman,1957,0
Oman,1958,0
Oman,1959,0
Oman,1960,0
Oman,1961,0
Oman,1962,0
Oman,1963,0
Oman,1964,0
Oman,1965,0
Oman,1966,0
Oman,1967,0
Oman,1968,0
Oman,1969,0
Oman,1970,0
Oman,1971,0
Oman,1972,0
Oman,1973,0
Oman,1974,0
Oman,1975,0
Oman,1976,0
Oman,1977,0
Oman,1978,0
Oman,1979,0
Oman,1980,0
Oman,1981,0
Oman,1982,0
Oman,1983,0
Oman,1984,0
Oman,1985,0
Oman,1986,0
Oman,1987,0
Oman,1988,0
Oman,1989,0
Oman,1990,0
Oman,1991,0
Oman,1992,0
Oman,1993,0
Oman,1994,0
Oman,1995,0
Oman,1996,0
Oman,1997,0
Oman,1998,0
Oman,1999,0
Oman,2000,0
Oman,2001,0
Oman,2002,0
Oman,2003,0
Oman,2004,0
Oman,2005,0
Oman,2006,0
Oman,2007,0
Oman,2008,0
Oman,2009,0
Oman,2010,0
Oman,2011,0
Oman,2012,0
Oman,2013,0
Oman,2014,0
Oman,2015,0
Oman,2016,0
Oman,2017,0
Oman,2018,0
Oman,2019,0
Oman,2020,0
Oman,2021,0
Oman,2022,0
Oman,2023,0
Oman,2024,0
Oman,2025,0
Pakistan,1900,0
Pakistan,1901,0
Pakistan,1902,0
Pakistan,1903,0
Pakistan,1904,0
Pakistan,1905,0
Pakistan,1906,0
Pakistan,1907,0
Pakistan,1908,0
Pakistan,1909,0
Pakistan,1910,0
Pakistan,1911,0
Pakistan,1912,0
Pakistan,1913,0
Pakistan,1914,0
Pakistan,1915,0
Pakistan,1916,0
Pakistan,1917,0
Pakistan,1918,0
Pakistan,1919,0
Pakistan,1920,0
Pakistan,1921,0
Pakistan,1922,0
Pakistan,1923,0
Pakistan,1924,0
Pakistan,1925,0
Pakistan,1926,0
Pakistan,1927,0
Pakistan,1928,0
Pakistan,1929,0
Pakistan,1930,0
Pakistan,1931,0
Pakistan,1932,0
Pakistan,1933,0
Pakistan,1934,0
Pakistan,1935,0
Pakistan,1936,0
Pakistan,1937,0
Pakistan,1938,0
Pakistan,1939,0
Pakistan,1940,0
Pakistan,1941,0
Pakistan,1942,0
Pakistan,1943,0
Pakistan,1944,0
Pakistan,1945,0
Pakistan,1946,0
Pakistan,1947,0
Pakistan,1948,0
Pakistan,1949,0
Pakistan,1950,0
Pakistan,1951,0
Pakistan,1952,0
Pakistan,1953,0
Pakistan,1954,0
Pakistan,1955,0
Pakistan,1956,0
Pakistan,1957,0
Pakistan,1958,0
Pakistan,1959,0
Pakistan,1960,0
Pakistan,1961,0
Pakistan,1962,0
Pakistan,1963,0
Pakistan,1964,0
Pakistan,1965,0
Pakistan,1966,0
Pakistan,1967,0
Pakistan,1968,0
Pakistan,1969,0
Pakistan,1970,0
Pakistan,1971,0
Pakistan,1972,0
Pakistan,1973,0
Pakistan,1974,0
Pakistan,1975,0
Pakistan,1976,0
Pakistan,1977,0
Pakistan,1978,0
Pakistan,1979,0
Pakistan,1980,0
Pakistan,1981,0
Pakistan,1982,0
Pakistan,1983,0
Pakistan,1984,0
Pakistan,1985,0
Pakistan,1986,0
Pakistan,1987,0
Pakistan,1988,0
Pakistan,1989,0
Pakistan,1990,0
Pakistan,1991,0
Pakistan,1992,0
Pakistan,1993,0
Pakistan,1994,0
Pakistan,1995,0
Pakistan,1996,0
Pakistan,1997,0
Pakistan,1998,0
Pakistan,1999,0
Pakistan,2000,0
Pakistan,2001,0
Pakistan,2002,0
Pakistan,2003,0
Pakistan,2004,0
Pakistan,2005,0
Pakistan,2006,0
Pakistan,2007,0
Pakistan,2008,0
Pakistan,2009,0
Pakistan,2010,0
Pakistan,2011,0
Pakistan,2012,0
Pakistan,2013,0
Pakistan,2014,0
Pakistan,2015,0
Pakistan,2016,0
Pakistan,2017,0
Pakistan,2018,0
Pakistan,2019,0
Pakistan,2020,0
Pakistan,2021,0
Pakistan,2022,0
Pakistan,2023,0
Pakistan,2024,0
Pakistan,2025,0
Papua New Guinea,1900,0
Papua New Guinea,1901,0
Papua New Guinea,1902,0
Papua New Guinea,1903,0
Papua New Guinea,1904,0
Papua New Guinea,1905,0
Papua New Guinea,1906,0
Papua New Guinea,1907,0
Papua New Guinea,1908,0
Papua New Guinea,1909,0
Papua New Guinea,1910,0
Papua New Guinea,1911,0
Papua New Guinea,1912,0
Papua New Guinea,1913,0
Papua New Guinea,1914,0
Papua New Guinea,1915,0
Papua New Guinea,1916,0
Papua New Guinea,1917,0
Papua New Guinea,1918,0
Papua New Guinea,1919,0
Papua New Guinea,1920,0
Papua New Guinea,1921,0
Papua New Guinea,1922,0
Papua New Guinea,1923,0
Papua New Guinea,1924,0
Papua New Guinea,1925,0
Papua New Guinea,1926,0
Papua New Guinea,1927,0
Papua New Guinea,1928,0
Papua New Guinea,1929,0
Papua New Guinea,1930,0
Papua New Guinea,1931,0
Papua New Guinea,1932,0
Papua New Guinea,1933,0
Papua New Guinea,1934,0
Papua New Guinea,1935,0
Papua New Guinea,1936,0
Papua New Guinea,1937,0
Papua New Guinea,1938,0
Papua New Guinea,1939,0
Papua New Guinea,1940,0
Papua New Guinea,1941,0
Papua New Guinea,1942,0
Papua New Guinea,1943,0
Papua New Guinea,1944,0
Papua New Guinea,1945,0
Papua New Guinea,1946,0
Papua New Guinea,1947,0
Papua New Guinea,1948,0
Papua New Guinea,1949,0
Papua New Guinea,1950,0
Papua New Guinea,1951,0
Papua New Guinea,1952,0
Papua New Guinea,1953,0
Papua New Guinea,1954,0
Papua New Guinea,1955,0
Papua New Guinea,1956,0
Papua New Guinea,1957,0
Papua New Guinea,1958,0
Papua New Guinea,1959,0
Papua New Guinea,1960,0
Papua New Guinea,1961,0
Papua New Guinea,1962,0
Papua New Guinea,1963,0
Papua New Guinea,1964,0
Papua New Guinea,1965,0
Papua New Guinea,1966,0
Papua New Guinea,1967,0
Papua New Guinea,1968,0
Papua New Guinea,1969,0
Papua New Guinea,1970,0
Papua New Guinea,1971,0
Papua New Guinea,1972,0
Papua New Guinea,1973,1
Papua New Guinea,1974,1
Papua New Guinea,1975,1
Papua New Guinea,1976,1
Papua New Guinea,1977,1
Papua New Guinea,1978,1
Papua New Guinea,1979,1
Papua New Guinea,1980,1
Papua New Guinea,1981,1
Papua New Guinea,1982,1
Papua New Guinea,1983,1
Papua New Guinea,1984,1
Papua New Guinea,1985,1
Papua New Guinea,1986,1
Papua New Guinea,1987,1
Papua New Guinea,1988,1
Papua New Guinea,1989,1
Papua New Guinea,1990,1
Papua New Guinea,1991,1
Papua New Guinea,1992,1
Papua New Guinea,1993,1
Papua New Guinea,1994,1
Papua New Guinea,1995,1
Papua New Guinea,1996,1
Papua New Guinea,1997,1
Papua New Guinea,1998,1
Papua New Guinea,1999,1
Papua New Guinea,2000,1
Papua New Guinea,2001,1
Papua New Guinea,2002,1
Papua New Guinea,2003,1
Papua New Guinea,2004,1
Papua New Guinea,2005,1
Papua New Guinea,2006,1
Papua New Guinea,2007,1
Papua New Guinea,2008,0
Papua New Guinea,2009,0
Papua New Guinea,2010,0
Papua New Guinea,2011,0
Papua New Guinea,2012,0
Papua New Guinea,2013,0
Papua New Guinea,2014,0
Papua New Guinea,2015,0
Papua New Guinea,2016,0
Papua New Guinea,2017,0
Papua New Guinea,2018,0
Papua New Guinea,2019,0
Papua New Guinea,2020,0
Papua New Guinea,2021,0
Papua New Guinea,2022,0
Papua New Guinea,2023,0
Papua New Guinea,2024,0
Papua New Guinea,2025,0
Peru,1900,0
Peru,1901,0
Peru,1902,0
Peru,1903,0
Peru,1904,0
Peru,1905,0
Peru,1906,0
Peru,1907,0
Peru,1908,0
Peru,1909,0
Peru,1910,0
Peru,1911,0
Peru,1912,0
Peru,1913,0
Peru,1914,0
Peru,1915,0
Peru,1916,0
Peru,1917,0
Peru,1918,0
Peru,1919,0
Peru,1920,0
Peru,1921,0
Peru,1922,0
Peru,1923,0
Peru,1924,0
Peru,1925,0
Peru,1926,0
Peru,1927,0
Peru,1928,0
Peru,1929,0
Peru,1930,0
Peru,1931,0
Peru,1932,0
Peru,1933,0
Peru,1934,0
Peru,1935,0
Peru,1936,0
Peru,1937,0
Peru,1938,0
Peru,1939,0
Peru,1940,0
Peru,1941,0
Peru,1942,0
Peru,1943,0
Peru,1944,0
Peru,1945,0
Peru,1946,0
Peru,1947,0
Peru,1948,0
Peru,1949,0
Peru,1950,0
Peru,1951,0
Peru,1952,0
Peru,1953,0
Peru,1954,0
Peru,1955,0
Peru,1956,0
Peru,1957,0
Peru,1958,0
Peru,1959,0
Peru,1960,0
Peru,1961,0
Peru,1962,0
Peru,1963,0
Peru,1964,0
Peru,1965,0
Peru,1966,0
Peru,1967,0
Peru,1968,0
Peru,1969,0
Peru,1970,0
Peru,1971,0
Peru,1972,0
Peru,1973,0
Peru,1974,0
Peru,1975,0
Peru,1976,0
Peru,1977,0
Peru,1978,0
Peru,1979,0
Peru,1980,0
Peru,1981,1
Peru,1982,1
Peru,1983,1
Peru,1984,1
Peru,1985,1
Peru,1986,1
Peru,1987,1
Peru,1988,1
Peru,1989,1
Peru,1990,1
Peru,1991,1
Peru,1992,0
Peru,1993,0
Peru,1994,0
Peru,1995,0
Peru,1996,0
Peru,1997,0
Peru,1998,0
Peru,1999,0
Peru,2000,0
Peru,2001,1
Peru,2002,1
Peru,2003,1
Peru,2004,1
Peru,2005,1
Peru,2006,1
Peru,2007,1
Peru,2008,1
Peru,2009,1
Peru,2010,1
Peru,2011,1
Peru,2012,1
Peru,2013,1
Peru,2014,1
Peru,2015,1
Peru,2016,1
Peru,2017,1
Peru,2018,1
Peru,2019,1
Peru,2020,1
Peru,2021,1
Peru,2022,1
Peru,2023,1
Peru,2024,1
Peru,2025,1
Portugal,1900,0
Portugal,1901,0
Portugal,1902,0
Portugal,1903,0
Portugal,1904,0
Portugal,1905,0
Portugal,1906,0
Portugal,1907,0
Portugal,1908,0
Portugal,1909,0
Portugal,1910,0
Portugal,1911,0
Portugal,1912,0
Portugal,1913,0
Portugal,1914,0
Portugal,1915,0
Portugal,1916,0
Portugal,1917,0
Portugal,1918,0
Portugal,1919,0
Portugal,1920,0
Portugal,1921,0
Portugal,1922,0
Portugal,1923,0
Portugal,1924,0
Portugal,1925,0
Portugal,1926,0
Portugal,1927,0
Portugal,1928,0
Portugal,1929,0
Portugal,1930,0
Portugal,1931,0
Portugal,1932,0
Portugal,1933,0
Portugal,1934,0
Portugal,1935,0
Portugal,1936,0
Portugal,1937,0
Portugal,1938,0
Portugal,1939,0
Portugal,1940,0
Portugal,1941,0
Portugal,1942,0
Portugal,1943,0
Portugal,1944,0
Portugal,1945,0
Portugal,1946,0
Portugal,1947,0
Portugal,1948,0
Portugal,1949,0
Portugal,1950,0
Portugal,1951,0
Portugal,1952,0
Portugal,1953,0
Portugal,1954,0
Portugal,1955,0
Portugal,1956,0
Portugal,1957,0
Portugal,1958,0
Portugal,1959,0
Portugal,1960,0
Portugal,1961,0
Portugal,1962,0
Portugal,1963,0
Portugal,1964,0
Portugal,1965,0
Portugal,1966,0
Portugal,1967,0
Portugal,1968,0
Portugal,1969,0
Portugal,1970,0
Portugal,1971,0
Portugal,1972,0
Portugal,1973,0
Portugal,1974,0
Portugal,1975,0
Portugal,1976,1
Portugal,1977,1
Portugal,1978,1
Portugal,1979,1
Portugal,1980,1
Portugal,1981,1
Portugal,1982,1
Portugal,1983,1
Portugal,1984,1
Portugal,1985,1
Portugal,1986,1
Portugal,1987,1
Portugal,1988,1
Portugal,1989,1
Portugal,1990,1
Portugal,1991,1
Portugal,1992,1
Portugal,1993,1
Portugal,1994,1
Portugal,1995,1
Portugal,1996,1
Portugal,1997,1
Portugal,1998,1
Portugal,1999,1
Portugal,2000,1
Portugal,2001,1
Portugal,2002,1
Portugal,2003,1
Portugal,2004,1
Portugal,2005,1
Portugal,2006,1
Portugal,2007,1
Portugal,2008,1
Portugal,2009,1
Portugal,2010,1
Portugal,2011,1
Portugal,2012,1
Portugal,2013,1
Portugal,2014,1
Portugal,2015,1
Portugal,2016,1
Portugal,2017,1
Portugal,2018,1
Portugal,2019,1
Portugal,2020,1
Portugal,2021,1
Portugal,2022,1
Portugal,2023,1
Portugal,2024,1
Portugal,2025,1
Qatar,1900,0
Qatar,1901,0
Qatar,1902,0
Qatar,1903,0
Qatar,1904,0
Qatar,1905,0
Qatar,1906,0
Qatar,1907,0
Qatar,1908,0
Qatar,1909,0
Qatar,1910,0
Qatar,1911,0
Qatar,1912,0
Qatar,1913,0
Qatar,1914,0
Qatar,1915,0
Qatar,1916,0
Qatar,1917,0
Qatar,1918,0
Qatar,1919,0
Qatar,1920,0
Qatar,1921,0
Qatar,1922,0
Qatar,1923,0
Qatar,1924,0
Qatar,1925,0
Qatar,1926,0
Qatar,1927,0
Qatar,1928,0
Qatar,1929,0
Qatar,1930,0
Qatar,1931,0
Qatar,1932,0
Qatar,1933,0
Qatar,1934,0
Qatar,1935,0
Qatar,1936,0
Qatar,1937,0
Qatar,1938,0
Qatar,1939,0
Qatar,1940,0
Qatar,1941,0
Qatar,1942,0
Qatar,1943,0
Qatar,1944,0
Qatar,1945,0
Qatar,1946,0
Qatar,1947,0
Qatar,1948,0
Qatar,1949,0
Qatar,1950,0
Qatar,1951,0
Qatar,1952,0
Qatar,1953,0
Qatar,1954,0
Qatar,1955,0
Qatar,1956,0
Qatar,1957,0
Qatar,1958,0
Qatar,1959,0
Qatar,1960,0
Qatar,1961,0
Qatar,1962,0
Qatar,1963,0
Qatar,1964,0
Qatar,1965,0
Qatar,1966,0
Qatar,1967,0
Qatar,1968,0
Qatar,1969,0
Qatar,1970,0
Qatar,1971,0
Qatar,1972,0
Qatar,1973,0
Qatar,1974,0
Qatar,1975,0
Qatar,1976,0
Qatar,1977,0
Qatar,1978,0
Qatar,1979,0
Qatar,1980,0
Qatar,1981,0
Qatar,1982,0
Qatar,1983,0
Qatar,1984,0
Qatar,1985,0
Qatar,1986,0
Qatar,1987,0
Qatar,1988,0
Qatar,1989,0
Qatar,1990,0
Qatar,1991,0
Qatar,1992,0
Qatar,1993,0
Qatar,1994,0
Qatar,1995,0
Qatar,1996,0
Qatar,1997,0
Qatar,1998,0
Qatar,1999,0
Qatar,2000,0
Qatar,2001,0
Qatar,2002,0
Qatar,2003,0
Qatar,2004,0
Qatar,2005,0
Qatar,2006,0
Qatar,2007,0
Qatar,2008,0
Qatar,2009,0
Qatar,2010,0
Qatar,2011,0
Qatar,2012,0
Qatar,2013,0
Qatar,2014,0
Qatar,2015,0
Qatar,2016,0
Qatar,2017,0
Qatar,2018,0
Qatar,2019,0
Qatar,2020,0
Qatar,2021,0
Qatar,2022,0
Qatar,2023,0
Qatar,2024,0
Qatar,2025,0
Romania,1900,0
Romania,1901,0
Romania,1902,0
Romania,1903,0
Romania,1904,0
Romania,1905,0
Romania,1906,0
Romania,1907,0
Romania,1908,0
Romania,1909,0
Romania,1910,0
Romania,1911,0
Romania,1912,0
Romania,1913,0
Romania,1914,0
Romania,1915,0
Romania,1916,0
Romania,1917,0
Romania,1918,0
Romania,1919,0
Romania,1920,0
Romania,1921,0
Romania,1922,0
Romania,1923,0
Romania,1924,0
Romania,1925,0
Romania,1926,0
Romania,1927,0
Romania,1928,0
Romania,1929,0
Romania,1930,0
Romania,1931,0
Romania,1932,0
Romania,1933,0
Romania,1934,0
Romania,1935,0
Romania,1936,0
Romania,1937,0
Romania,1938,0
Romania,1939,0
Romania,1940,0
Romania,1941,0
Romania,1942,0
Romania,1943,0
Romania,1944,0
Romania,1945,0
Romania,1946,0
Romania,1947,0
Romania,1948,0
Romania,1949,0
Romania,1950,0
Romania,1951,0
Romania,1952,0
Romania,1953,0
Romania,1954,0
Romania,1955,0
Romania,1956,0
Romania,1957,0
Romania,1958,0
Romania,1959,0
Romania,1960,0
Romania,1961,0
Romania,1962,0
Romania,1963,0
Romania,1964,0
Romania,1965,0
Romania,1966,0
Romania,1967,0
Romania,1968,0
Romania,1969,0
Romania,1970,0
Romania,1971,0
Romania,1972,0
Romania,1973,0
Romania,1974,0
Romania,1975,0
Romania,1976,0
Romania,1977,0
Romania,1978,0
Romania,1979,0
Romania,1980,0
Romania,1981,0
Romania,1982,0
Romania,1983,0
Romania,1984,0
Romania,1985,0
Romania,1986,0
Romania,1987,0
Romania,1988,0
Romania,1989,0
Romania,1990,1
Romania,1991,1
Romania,1992,1
Romania,1993,1
Romania,1994,1
Romania,1995,1
Romania,1996,1
Romania,1997,1
Romania,1998,1
Romania,1999,1
Romania,2000,1
Romania,2001,1
Romania,2002,1
Romania,2003,1
Romania,2004,1
Romania,2005,1
Romania,2006,1
Romania,2007,1
Romania,2008,1
Romania,2009,1
Romania,2010,1
Romania,2011,1
Romania,2012,1
Romania,2013,1
Romania,2014,1
Romania,2015,1
Romania,2016,1
Romania,2017,1
Romania,2018,1
Romania,2019,1
Romania,2020,1
Romania,2021,1
Romania,2022,1
Romania,2023,1
Romania,2024,1
Romania,2025,1
Russia,1900,0
Russia,1901,0
Russia,1902,0
Russia,1903,0
Russia,1904,0
Russia,1905,0
Russia,1906,0
Russia,1907,0
Russia,1908,0
Russia,1909,0
Russia,1910,0
Russia,1911,0
Russia,1912,0
Russia,1913,0
Russia,1914,0
Russia,1915,0
Russia,1916,0
Russia,1917,0
Russia,1918,0
Russia,1919,0
Russia,1920,0
Russia,1921,0
Russia,1922,0
Russia,1923,0
Russia,1924,0
Russia,1925,0
Russia,1926,0
Russia,1927,0
Russia,1928,0
Russia,1929,0
Russia,1930,0
Russia,1931,0
Russia,1932,0
Russia,1933,0
Russia,1934,0
Russia,1935,0
Russia,1936,0
Russia,1937,0
Russia,1938,0
Russia,1939,0
Russia,1940,0
Russia,1941,0
Russia,1942,0
Russia,1943,0
Russia,1944,0
Russia,1945,0
Russia,1946,0
Russia,1947,0
Russia,1948,0
Russia,1949,0
Russia,1950,0
Russia,1951,0
Russia,1952,0
Russia,1953,0
Russia,1954,0
Russia,1955,0
Russia,1956,0
Russia,1957,0
Russia,1958,0
Russia,1959,0
Russia,1960,0
Russia,1961,0
Russia,1962,0
Russia,1963,0
Russia,1964,0
Russia,1965,0
Russia,1966,0
Russia,1967,0
Russia,1968,0
Russia,1969,0
Russia,1970,0
Russia,1971,0
Russia,1972,0
Russia,1973,0
Russia,1974,0
Russia,1975,0
Russia,1976,0
Russia,1977,0
Russia,1978,0
Russia,1979,0
Russia,1980,0
Russia,1981,0
Russia,1982,0
Russia,1983,0
Russia,1984,0
Russia,1985,0
Russia,1986,0
Russia,1987,0
Russia,1988,0
Russia,1989,0
Russia,1990,0
Russia,1991,0
Russia,1992,0
Russia,1993,0
Russia,1994,0
Russia,1995,0
Russia,1996,0
Russia,1997,0
Russia,1998,0
Russia,1999,0
Russia,2000,0
Russia,2001,0
Russia,2002,0
Russia,2003,0
Russia,2004,0
Russia,2005,0
Russia,2006,0
Russia,2007,0
Russia,2008,0
Russia,2009,0
Russia,2010,0
Russia,2011,0
Russia,2012,0
Russia,2013,0
Russia,2014,0
Russia,2015,0
Russia,2016,0
Russia,2017,0
Russia,2018,0
Russia,2019,0
Russia,2020,0
Russia,2021,0
Russia,2022,0
Russia,2023,0
Russia,2024,0
Russia,2025,0
Sao Tome and Principe,1900,0
Sao Tome and Principe,1901,0
Sao Tome and Principe,1902,0
Sao Tome and Principe,1903,0
Sao Tome and Principe,1904,0
Sao Tome and Principe,1905,0
Sao Tome and Principe,1906,0
Sao Tome and Principe,1907,0
Sao Tome and Principe,1908,0
Sao Tome and Principe,1909,0
Sao Tome and Principe,1910,0
Sao Tome and Principe,1911,0
Sao Tome and Principe,1912,0
Sao Tome and Principe,1913,0
Sao Tome and Principe,1914,0
Sao Tome and Principe,1915,0
Sao Tome and Principe,1916,0
Sao Tome and Principe,1917,0
Sao Tome and Principe,1918,0
Sao Tome and Principe,1919,0
Sao Tome and Principe,1920,0
Sao Tome and Principe,1921,0
Sao Tome and Principe,1922,0
Sao Tome and Principe,1923,0
Sao Tome and Principe,1924,0
Sao Tome and Principe,1925,0
Sao Tome and Principe,1926,0
Sao Tome and Principe,1927,0
Sao Tome and Principe,1928,0
Sao Tome and Principe,1929,0
Sao Tome and Principe,1930,0
Sao Tome and Principe,1931,0
Sao Tome and Principe,1932,0
Sao Tome and Principe,1933,0
Sao Tome and Principe,1934,0
Sao Tome and Principe,1935,0
Sao Tome and Principe,1936,0
Sao Tome and Principe,1937,0
Sao Tome and Principe,1938,0
Sao Tome and Principe,1939,0
Sao Tome and Principe,1940,0
Sao Tome and Principe,1941,0
Sao Tome and Principe,1942,0
Sao Tome and Principe,1943,0
Sao Tome and Principe,1944,0
Sao Tome and Principe,1945,0
Sao Tome and Principe,1946,0
Sao Tome and Principe,1947,0
Sao Tome and Principe,1948,0
Sao Tome and Principe,1949,0
Sao Tome and Principe,1950,0
Sao Tome and Principe,1951,0
Sao Tome and Principe,1952,0
Sao Tome and Principe,1953,0
Sao Tome and Principe,1954,0
Sao Tome and Principe,1955,0
Sao Tome and Principe,1956,0
Sao Tome and Principe,1957,0
Sao Tome and Principe,1958,0
Sao Tome and Principe,1959,0
Sao Tome and Principe,1960,0
Sao Tome and Principe,1961,0
Sao Tome and Principe,1962,0
Sao Tome and Principe,1963,0
Sao Tome and Principe,1964,0
Sao Tome and Principe,1965,0
Sao Tome and Principe,1966,0
Sao Tome and Principe,1967,0
Sao Tome and Principe,1968,0
Sao Tome and Principe,1969,0
Sao Tome and Principe,1970,0
Sao Tome and Principe,1971,0
Sao Tome and Principe,1972,0
Sao Tome and Principe,1973,0
Sao Tome and Principe,1974,0
Sao Tome and Principe,1975,0
Sao Tome and Principe,1976,0
Sao Tome and Principe,1977,0
Sao Tome and Principe,1978,0
Sao Tome and Principe,1979,0
Sao Tome and Principe,1980,0
Sao Tome and Principe,1981,0
Sao Tome and Principe,1982,0
Sao Tome and Principe,1983,0
Sao Tome and Principe,1984,0
Sao Tome and Principe,1985,0
Sao Tome and Principe,1986,0
Sao Tome and Principe,1987,0
Sao Tome and Principe,1988,0
Sao Tome and Principe,1989,0
Sao Tome and Principe,1990,0
Sao Tome and Principe,1991,1
Sao Tome and Principe,1992,1
Sao Tome and Principe,1993,1
Sao Tome and Principe,1994,1
Sao Tome and Principe,1995,1
Sao Tome and Principe,1996,1
Sao Tome and Principe,1997,1
Sao Tome and Principe,1998,1
Sao Tome and Principe,1999,1
Sao Tome and Principe,2000,1
Sao Tome and Principe,2001,1
Sao Tome and Principe,2002,1
Sao Tome and Principe,2003,1
Sao Tome and Principe,2004,1
Sao Tome and Principe,2005,1
Sao Tome and Principe,2006,1
Sao Tome and Principe,2007,1
Sao Tome and Principe,2008,1
Sao Tome and Principe,2009,1
Sao Tome and Principe,2010,1
Sao Tome and Principe,2011,1
Sao Tome and Principe,2012,1
Sao Tome and Principe,2013,1
Sao Tome and Principe,2014,1
Sao Tome and Principe,2015,1
Sao Tome and Principe,2016,1
Sao Tome and Principe,2017,1
Sao Tome and Principe,2018,1
Sao Tome and Principe,2019,1
Sao Tome and Principe,2020,1
Sao Tome and Principe,2021,1
Sao Tome and Principe,2022,1
Sao Tome and Principe,2023,1
Sao Tome and Principe,2024,1
Sao Tome and Principe,2025,1
Saudi Arabia,1900,0
Saudi Arabia,1901,0
Saudi Arabia,1902,0
Saudi Arabia,1903,0
Saudi Arabia,1904,0
Saudi Arabia,1905,0
Saudi Arabia,1906,0
Saudi Arabia,1907,0
Saudi Arabia,1908,0
Saudi Arabia,1909,0
Saudi Arabia,1910,0
Saudi Arabia,1911,0
Saudi Arabia,1912,0
Saudi Arabia,1913,0
Saudi Arabia,1914,0
Saudi Arabia,1915,0
Saudi Arabia,1916,0
Saudi Arabia,1917,0
Saudi Arabia,1918,0
Saudi Arabia,1919,0
Saudi Arabia,1920,0
Saudi Arabia,1921,0
Saudi Arabia,1922,0
Saudi Arabia,1923,0
Saudi Arabia,1924,0
Saudi Arabia,1925,0
Saudi Arabia,1926,0
Saudi Arabia,1927,0
Saudi Arabia,1928,0
Saudi Arabia,1929,0
Saudi Arabia,1930,0
Saudi Arabia,1931,0
Saudi Arabia,1932,0
Saudi Arabia,1933,0
Saudi Arabia,1934,0
Saudi Arabia,1935,0
Saudi Arabia,1936,0
Saudi Arabia,1937,0
Saudi Arabia,1938,0
Saudi Arabia,1939,0
Saudi Arabia,1940,0
Saudi Arabia,1941,0
Saudi Arabia,1942,0
Saudi Arabia,1943,0
Saudi Arabia,1944,0
Saudi Arabia,1945,0
Saudi Arabia,1946,0
Saudi Arabia,1947,0
Saudi Arabia,1948,0
Saudi Arabia,1949,0
Saudi Arabia,1950,0
Saudi Arabia,1951,0
Saudi Arabia,1952,0
Saudi Arabia,1953,0
Saudi Arabia,1954,0
Saudi Arabia,1955,0
Saudi Arabia,1956,0
Saudi Arabia,1957,0
Saudi Arabia,1958,0
Saudi Arabia,1959,0
Saudi Arabia,1960,0
Saudi Arabia,1961,0
Saudi Arabia,1962,0
Saudi Arabia,1963,0
Saudi Arabia,1964,0
Saudi Arabia,1965,0
Saudi Arabia,1966,0
Saudi Arabia,1967,0
Saudi Arabia,1968,0
Saudi Arabia,1969,0
Saudi Arabia,1970,0
Saudi Arabia,1971,0
Saudi Arabia,1972,0
Saudi Arabia,1973,0
Saudi Arabia,1974,0
Saudi Arabia,1975,0
Saudi Arabia,1976,0
Saudi Arabia,1977,0
Saudi Arabia,1978,0
Saudi Arabia,1979,0
Saudi Arabia,1980,0
Saudi Arabia,1981,0
Saudi Arabia,1982,0
Saudi Arabia,1983,0
Saudi Arabia,1984,0
Saudi Arabia,1985,0
Saudi Arabia,1986,0
Saudi Arabia,1987,0
Saudi Arabia,1988,0
Saudi Arabia,1989,0
Saudi Arabia,1990,0
Saudi Arabia,1991,0
Saudi Arabia,1992,0
Saudi Arabia,1993,0
Saudi Arabia,1994,0
Saudi Arabia,1995,0
Saudi Arabia,1996,0
Saudi Arabia,1997,0
Saudi Arabia,1998,0
Saudi Arabia,1999,0
Saudi Arabia,2000,0
Saudi Arabia,2001,0
Saudi Arabia,2002,0
Saudi Arabia,2003,0
Saudi Arabia,2004,0
Saudi Arabia,2005,0
Saudi Arabia,2006,0
Saudi Arabia,2007,0
Saudi Arabia,2008,0
Saudi Arabia,2009,0
Saudi Arabia,2010,0
Saudi Arabia,2011,0
Saudi Arabia,2012,0
Saudi Arabia,2013,0
Saudi Arabia,2014,0
Saudi Arabia,2015,0
Saudi Arabia,2016,0
Saudi Arabia,2017,0
Saudi Arabia,2018,0
Saudi Arabia,2019,0
Saudi Arabia,2020,0
Saudi Arabia,2021,0
Saudi Arabia,2022,0
Saudi Arabia,2023,0
Saudi Arabia,2024,0
Saudi Arabia,2025,0
Sierra Leone,1900,0
Sierra Leone,1901,0
Sierra Leone,1902,0
Sierra Leone,1903,0
Sierra Leone,1904,0
Sierra Leone,1905,0
Sierra Leone,1906,0
Sierra Leone,1907,0
Sierra Leone,1908,0
Sierra Leone,1909,0
Sierra Leone,1910,0
Sierra Leone,1911,0
Sierra Leone,1912,0
Sierra Leone,1913,0
Sierra Leone,1914,0
Sierra Leone,1915,0
Sierra Leone,1916,0
Sierra Leone,1917,0
Sierra Leone,1918,0
Sierra Leone,1919,0
Sierra Leone,1920,0
Sierra Leone,1921,0
Sierra Leone,1922,0
Sierra Leone,1923,0
Sierra Leone,1924,0
Sierra Leone,1925,0
Sierra Leone,1926,0
Sierra Leone,1927,0
Sierra Leone,1928,0
Sierra Leone,1929,0
Sierra Leone,1930,0
Sierra Leone,1931,0
Sierra Leone,1932,0
Sierra Leone,1933,0
Sierra Leone,1934,0
Sierra Leone,1935,0
Sierra Leone,1936,0
Sierra Leone,1937,0
Sierra Leone,1938,0
Sierra Leone,1939,0
Sierra Leone,1940,0
Sierra Leone,1941,0
Sierra Leone,1942,0
Sierra Leone,1943,0
Sierra Leone,1944,0
Sierra Leone,1945,0
Sierra Leone,1946,0
Sierra Leone,1947,0
Sierra Leone,1948,0
Sierra Leone,1949,0
Sierra Leone,1950,0
Sierra Leone,1951,0
Sierra Leone,1952,0
Sierra Leone,1953,0
Sierra Leone,1954,0
Sierra Leone,1955,0
Sierra Leone,1956,0
Sierra Leone,1957,0
Sierra Leone,1958,0
Sierra Leone,1959,0
Sierra Leone,1960,0
Sierra Leone,1961,0
Sierra Leone,1962,0
Sierra Leone,1963,0
Sierra Leone,1964,0
Sierra Leone,1965,0
Sierra Leone,1966,0
Sierra Leone,1967,0
Sierra Leone,1968,0
Sierra Leone,1969,0
Sierra Leone,1970,0
Sierra Leone,1971,0
Sierra Leone,1972,0
Sierra Leone,1973,0
Sierra Leone,1974,0
Sierra Leone,1975,0
Sierra Leone,1976,0
Sierra Leone,1977,0
Sierra Leone,1978,0
Sierra Leone,1979,0
Sierra Leone,1980,0
Sierra Leone,1981,0
Sierra Leone,1982,0
Sierra Leone,1983,0
Sierra Leone,1984,0
Sierra Leone,1985,0
Sierra Leone,1986,0
Sierra Leone,1987,0
Sierra Leone,1988,0
Sierra Leone,1989,0
Sierra Leone,1990,0
Sierra Leone,1991,0
Sierra Leone,1992,0
Sierra Leone,1993,0
Sierra Leone,1994,0
Sierra Leone,1995,0
Sierra Leone,1996,0
Sierra Leone,1997,0
Sierra Leone,1998,0
Sierra Leone,1999,0
Sierra Leone,2000,0
Sierra Leone,2001,0
Sierra Leone,2002,0
Sierra Leone,2003,1
Sierra Leone,2004,1
Sierra Leone,2005,1
Sierra Leone,2006,1
Sierra Leone,2007,1
Sierra Leone,2008,1
Sierra Leone,2009,1
Sierra Leone,2010,1
Sierra Leone,2011,1
Sierra Leone,2012,1
Sierra Leone,2013,1
Sierra Leone,2014,1
Sierra Leone,2015,1
Sierra Leone,2016,1
Sierra Leone,2017,1
Sierra Leone,2018,1
Sierra Leone,2019,1
Sierra Leone,2020,1
Sierra Leone,2021,1
Sierra Leone,2022,1
Sierra Leone,2023,0
Sierra Leone,2024,0
Sierra Leone,2025,0
Singapore,1900,0
Singapore,1901,0
Singapore,1902,0
Singapore,1903,0
Singapore,1904,0
Singapore,1905,0
Singapore,1906,0
Singapore,1907,0
Singapore,1908,0
Singapore,1909,0
Singapore,1910,0
Singapore,1911,0
Singapore,1912,0
Singapore,1913,0
Singapore,1914,0
Singapore,1915,0
Singapore,1916,0
Singapore,1917,0
Singapore,1918,0
Singapore,1919,0
Singapore,1920,0
Singapore,1921,0
Singapore,1922,0
Singapore,1923,0
Singapore,1924,0
Singapore,1925,0
Singapore,1926,0
Singapore,1927,0
Singapore,1928,0
Singapore,1929,0
Singapore,1930,0
Singapore,1931,0
Singapore,1932,0
Singapore,1933,0
Singapore,1934,0
Singapore,1935,0
Singapore,1936,0
Singapore,1937,0
Singapore,1938,0
Singapore,1939,0
Singapore,1940,0
Singapore,1941,0
Singapore,1942,0
Singapore,1943,0
Singapore,1944,0
Singapore,1945,0
Singapore,1946,0
Singapore,1947,0
Singapore,1948,0
Singapore,1949,0
Singapore,1950,0
Singapore,1951,0
Singapore,1952,0
Singapore,1953,0
Singapore,1954,0
Singapore,1955,0
Singapore,1956,0
Singapore,1957,0
Singapore,1958,0
Singapore,1959,0
Singapore,1960,0
Singapore,1961,0
Singapore,1962,0
Singapore,1963,0
Singapore,1964,0
Singapore,1965,0
Singapore,1966,0
Singapore,1967,0
Singapore,1968,0
Singapore,1969,0
Singapore,1970,0
Singapore,1971,0
Singapore,1972,0
Singapore,1973,0
Singapore,1974,0
Singapore,1975,0
Singapore,1976,0
Singapore,1977,0
Singapore,1978,0
Singapore,1979,0
Singapore,1980,0
Singapore,1981,0
Singapore,1982,0
Singapore,1983,0
Singapore,1984,0
Singapore,1985,0
Singapore,1986,0
Singapore,1987,0
Singapore,1988,0
Singapore,1989,0
Singapore,1990,0
Singapore,1991,0
Singapore,1992,0
Singapore,1993,0
Singapore,1994,0
Singapore,1995,0
Singapore,1996,0
Singapore,1997,0
Singapore,1998,0
Singapore,1999,0
Singapore,2000,0
Singapore,2001,0
Singapore,2002,0
Singapore,2003,0
Singapore,2004,0
Singapore,2005,0
Singapore,2006,0
Singapore,2007,0
Singapore,2008,0
Singapore,2009,0
Singapore,2010,0
Singapore,2011,0
Singapore,2012,0
Singapore,2013,0
Singapore,2014,0
Singapore,2015,0
Singapore,2016,0
Singapore,2017,0
Singapore,2018,0
Singapore,2019,0
Singapore,2020,0
Singapore,2021,0
Singapore,2022,0
Singapore,2023,0
Singapore,2024,0
Singapore,2025,0
Solomon Islands,1900,0
Solomon Islands,1901,0
Solomon Islands,1902,0
Solomon Islands,1903,0
Solomon Islands,1904,0
Solomon Islands,1905,0
Solomon Islands,1906,0
Solomon Islands,1907,0
Solomon Islands,1908,0
Solomon Islands,1909,0
Solomon Islands,1910,0
Solomon Islands,1911,0
Solomon Islands,1912,0
Solomon Islands,1913,0
Solomon Islands,1914,0
Solomon Islands,1915,0
Solomon Islands,1916,0
Solomon Islands,1917,0
Solomon Islands,1918,0
Solomon Islands,1919,0
Solomon Islands,1920,0
Solomon Islands,1921,0
Solomon Islands,1922,0
Solomon Islands,1923,0
Solomon Islands,1924,0
Solomon Islands,1925,0
Solomon Islands,1926,0
Solomon Islands,1927,0
Solomon Islands,1928,0
Solomon Islands,1929,0
Solomon Islands,1930,0
Solomon Islands,1931,0
Solomon Islands,1932,0
Solomon Islands,1933,0
Solomon Islands,1934,0
Solomon Islands,1935,0
Solomon Islands,1936,0
Solomon Islands,1937,0
Solomon Islands,1938,0
Solomon Islands,1939,0
Solomon Islands,1940,0
Solomon Islands,1941,0
Solomon Islands,1942,0
Solomon Islands,1943,0
Solomon Islands,1944,0
Solomon Islands,1945,0
Solomon Islands,1946,0
Solomon Islands,1947,0
Solomon Islands,1948,0
Solomon Islands,1949,0
Solomon Islands,1950,0
Solomon Islands,1951,0
Solomon Islands,1952,0
Solomon Islands,1953,0
Solomon Islands,1954,0
Solomon Islands,1955,0
Solomon Islands,1956,0
Solomon Islands,1957,0
Solomon Islands,1958,0
Solomon Islands,1959,0
Solomon Islands,1960,0
Solomon Islands,1961,0
Solomon Islands,1962,0
Solomon Islands,1963,0
Solomon Islands,1964,0
Solomon Islands,1965,0
Solomon Islands,1966,0
Solomon Islands,1967,0
Solomon Islands,1968,0
Solomon Islands,1969,0
Solomon Islands,1970,0
Solomon Islands,1971,0
Solomon Islands,1972,0
Solomon Islands,1973,0
Solomon Islands,1974,0
Solomon Islands,1975,0
Solomon Islands,1976,0
Solomon Islands,1977,0
Solomon Islands,1978,0
Solomon Islands,1979,1
Solomon Islands,1980,1
Solomon Islands,1981,1
Solomon Islands,1982,1
Solomon Islands,1983,1
Solomon Islands,1984,1
Solomon Islands,1985,1
Solomon Islands,1986,1
Solomon Islands,1987,1
Solomon Islands,1988,1
Solomon Islands,1989,1
Solomon Islands,1990,1
Solomon Islands,1991,1
Solomon Islands,1992,1
Solomon Islands,1993,1
Solomon Islands,1994,1
Solomon Islands,1995,1
Solomon Islands,1996,1
Solomon Islands,1997,1
Solomon Islands,1998,1
Solomon Islands,1999,1
Solomon Islands,2000,0
Solomon Islands,2001,0
Solomon Islands,2002,1
Solomon Islands,2003,1
Solomon Islands,2004,1
Solomon Islands,2005,1
Solomon Islands,2006,0
Solomon Islands,2007,1
Solomon Islands,2008,1
Solomon Islands,2009,1
Solomon Islands,2010,1
Solomon Islands,2011,1
Solomon Islands,2012,1
Solomon Islands,2013,1
Solomon Islands,2014,1
Solomon Islands,2015,1
Solomon Islands,2016,1
Solomon Islands,2017,1
Solomon Islands,2018,1
Solomon Islands,2019,1
Solomon Islands,2020,1
Solomon Islands,2021,1
Solomon Islands,2022,1
Solomon Islands,2023,1
Solomon Islands,2024,1
Solomon Islands,2025,1
Somalia,1900,0
Somalia,1901,0
Somalia,1902,0
Somalia,1903,0
Somalia,1904,0
Somalia,1905,0
Somalia,1906,0
Somalia,1907,0
Somalia,1908,0
Somalia,1909,0
Somalia,1910,0
Somalia,1911,0
Somalia,1912,0
Somalia,1913,0
Somalia,1914,0
Somalia,1915,0
Somalia,1916,0
Somalia,1917,0
Somalia,1918,0
Somalia,1919,0
Somalia,1920,0
Somalia,1921,0
Somalia,1922,0
Somalia,1923,0
Somalia,1924,0
Somalia,1925,0
Somalia,1926,0
Somalia,1927,0
Somalia,1928,0
Somalia,1929,0
Somalia,1930,0
Somalia,1931,0
Somalia,1932,0
Somalia,1933,0
Somalia,1934,0
Somalia,1935,0
Somalia,1936,0
Somalia,1937,0
Somalia,1938,0
Somalia,1939,0
Somalia,1940,0
Somalia,1941,0
Somalia,1942,0
Somalia,1943,0
Somalia,1944,0
Somalia,1945,0
Somalia,1946,0
Somalia,1947,0
Somalia,1948,0
Somalia,1949,0
Somalia,1950,0
Somalia,1951,0
Somalia,1952,0
Somalia,1953,0
Somalia,1954,0
Somalia,1955,0
Somalia,1956,0
Somalia,1957,0
Somalia,1958,0
Somalia,1959,0
Somalia,1960,0
Somalia,1961,0
Somalia,1962,0
Somalia,1963,0
Somalia,1964,0
Somalia,1965,0
Somalia,1966,0
Somalia,1967,0
Somalia,1968,0
Somalia,1969,0
Somalia,1970,0
Somalia,1971,0
Somalia,1972,0
Somalia,1973,0
Somalia,1974,0
Somalia,1975,0
Somalia,1976,0
Somalia,1977,0
Somalia,1978,0
Somalia,1979,0
Somalia,1980,0
Somalia,1981,0
Somalia,1982,0
Somalia,1983,0
Somalia,1984,0
Somalia,1985,0
Somalia,1986,0
Somalia,1987,0
Somalia,1988,0
Somalia,1989,0
Somalia,1990,0
Somalia,1991,0
Somalia,1992,0
Somalia,1993,0
Somalia,1994,0
Somalia,1995,0
Somalia,1996,0
Somalia,1997,0
Somalia,1998,0
Somalia,1999,0
Somalia,2000,0
Somalia,2001,0
Somalia,2002,0
Somalia,2003,0
Somalia,2004,0
Somalia,2005,0
Somalia,2006,0
Somalia,2007,0
Somalia,2008,0
Somalia,2009,0
Somalia,2010,0
Somalia,2011,0
Somalia,2012,0
Somalia,2013,0
Somalia,2014,0
Somalia,2015,0
Somalia,2016,0
Somalia,2017,0
Somalia,2018,0
Somalia,2019,0
Somalia,2020,0
Somalia,2021,0
Somalia,2022,0
Somalia,2023,0
Somalia,2024,0
Somalia,2025,0
South Africa,1900,0
South Africa,1901,0
South Africa,1902,0
South Africa,1903,0
South Africa,1904,0
South Africa,1905,0
South Africa,1906,0
South Africa,1907,0
South Africa,1908,0
South Africa,1909,0
South Africa,1910,0
South Africa,1911,0
South Africa,1912,0
South Africa,1913,0
South Africa,1914,0
South Africa,1915,0
South Africa,1916,0
South Africa,1917,0
South Africa,1918,0
South Africa,1919,0
South Africa,1920,0
South Africa,1921,0
South Africa,1922,0
South Africa,1923,0
South Africa,1924,0
South Africa,1925,0
South Africa,1926,0
South Africa,1927,0
South Africa,1928,0
South Africa,1929,0
South Africa,1930,0
South Africa,1931,0
South Africa,1932,0
South Africa,1933,0
South Africa,1934,0
South Africa,1935,0
South Africa,1936,0
South Africa,1937,0
South Africa,1938,0
South Africa,1939,0
South Africa,1940,0
South Africa,1941,0
South Africa,1942,0
South Africa,1943,0
South Africa,1944,0
South Africa,1945,0
South Africa,1946,0
South Africa,1947,0
South Africa,1948,0
South Africa,1949,0
South Africa,1950,0
South Africa,1951,0
South Africa,1952,0
South Africa,1953,0
South Africa,1954,0
South Africa,1955,0
South Africa,1956,0
South Africa,1957,0
South Africa,1958,0
South Africa,1959,0
South Africa,1960,0
South Africa,1961,0
South Africa,1962,0
South Africa,1963,0
South Africa,1964,0
South Africa,1965,0
South Africa,1966,0
South Africa,1967,0
South Africa,1968,0
South Africa,1969,0
South Africa,1970,0
South Africa,1971,0
South Africa,1972,0
South Africa,1973,0
South Africa,1974,0
South Africa,1975,0
South Africa,1976,0
South Africa,1977,0
South Africa,1978,0
South Africa,1979,0
South Africa,1980,0
South Africa,1981,0
South Africa,1982,0
South Africa,1983,0
South Africa,1984,0
South Africa,1985,0
South Africa,1986,0
South Africa,1987,0
South Africa,1988,0
South Africa,1989,0
South Africa,1990,0
South Africa,1991,0
South Africa,1992,0
South Africa,1993,0
South Africa,1994,0
South Africa,1995,1
South Africa,1996,1
South Africa,1997,1
South Africa,1998,1
South Africa,1999,1
South Africa,2000,1
South Africa,2001,1
South Africa,2002,1
South Africa,2003,1
South Africa,2004,1
South Africa,2005,1
South Africa,2006,1
South Africa,2007,1
South Africa,2008,1
South Africa,2009,1
South Africa,2010,1
South Africa,2011,1
South Africa,2012,1
South Africa,2013,1
South Africa,2014,1
South Africa,2015,1
South Africa,2016,1
South Africa,2017,1
South Africa,2018,1
South Africa,2019,1
South Africa,2020,1
South Africa,2021,1
South Africa,2022,1
South Africa,2023,1
South Africa,2024,1
South Africa,2025,1
South Korea,1900,0
South Korea,1901,0
South Korea,1902,0
South Korea,1903,0
South Korea,1904,0
South Korea,1905,0
South Korea,1906,0
South Korea,1907,0
South Korea,1908,0
South Korea,1909,0
South Korea,1910,0
South Korea,1911,0
South Korea,1912,0
South Korea,1913,0
South Korea,1914,0
South Korea,1915,0
South Korea,1916,0
South Korea,1917,0
South Korea,1918,0
South Korea,1919,0
South Korea,1920,0
South Korea,1921,0
South Korea,1922,0
South Korea,1923,0
South Korea,1924,0
South Korea,1925,0
South Korea,1926,0
South Korea,1927,0
South Korea,1928,0
South Korea,1929,0
South Korea,1930,0
South Korea,1931,0
South Korea,1932,0
South Korea,1933,0
South Korea,1934,0
South Korea,1935,0
South Korea,1936,0
South Korea,1937,0
South Korea,1938,0
South Korea,1939,0
South Korea,1940,0
South Korea,1941,0
South Korea,1942,0
South Korea,1943,0
South Korea,1944,0
South Korea,1945,0
South Korea,1946,0
South Korea,1947,0
South Korea,1948,0
South Korea,1949,0
South Korea,1950,0
South Korea,1951,0
South Korea,1952,0
South Korea,1953,0
South Korea,1954,0
South Korea,1955,0
South Korea,1956,0
South Korea,1957,0
South Korea,1958,0
South Korea,1959,0
South Korea,1960,0
South Korea,1961,0
South Korea,1962,0
South Korea,1963,0
South Korea,1964,0
South Korea,1965,0
South Korea,1966,0
South Korea,1967,0
South Korea,1968,0
South Korea,1969,0
South Korea,1970,0
South Korea,1971,0
South Korea,1972,0
South Korea,1973,0
South Korea,1974,0
South Korea,1975,0
South Korea,1976,0
South Korea,1977,0
South Korea,1978,0
South Korea,1979,0
South Korea,1980,0
South Korea,1981,0
South Korea,1982,0
South Korea,1983,0
South Korea,1984,0
South Korea,1985,0
South Korea,1986,0
South Korea,1987,0
South Korea,1988,1
South Korea,1989,1
South Korea,1990,1
South Korea,1991,1
South Korea,1992,1
South Korea,1993,1
South Korea,1994,1
South Korea,1995,1
South Korea,1996,1
South Korea,1997,1
South Korea,1998,1
South Korea,1999,1
South Korea,2000,1
South Korea,2001,1
South Korea,2002,1
South Korea,2003,1
South Korea,2004,1
South Korea,2005,1
South Korea,2006,1
South Korea,2007,1
South Korea,2008,1
South Korea,2009,1
South Korea,2010,1
South Korea,2011,1
South Korea,2012,1
South Korea,2013,1
South Korea,2014,1
South Korea,2015,1
South Korea,2016,1
South Korea,2017,1
South Korea,2018,1
South Korea,2019,1
South Korea,2020,1
South Korea,2021,1
South Korea,2022,1
South Korea,2023,1
South Korea,2024,1
South Korea,2025,1
Spain,1900,0
Spain,1901,0
Spain,1902,0
Spain,1903,0
Spain,1904,0
Spain,1905,0
Spain,1906,0
Spain,1907,0
Spain,1908,0
Spain,1909,0
Spain,1910,0
Spain,1911,0
Spain,1912,0
Spain,1913,0
Spain,1914,0
Spain,1915,0
Spain,1916,0
Spain,1917,0
Spain,1918,0
Spain,1919,0
Spain,1920,0
Spain,1921,0
Spain,1922,0
Spain,1923,0
Spain,1924,0
Spain,1925,0
Spain,1926,0
Spain,1927,0
Spain,1928,0
Spain,1929,0
Spain,1930,0
Spain,1931,0
Spain,1932,1
Spain,1933,1
Spain,1934,1
Spain,1935,1
Spain,1936,0
Spain,1937,0
Spain,1938,0
Spain,1939,0
Spain,1940,0
Spain,1941,0
Spain,1942,0
Spain,1943,0
Spain,1944,0
Spain,1945,0
Spain,1946,0
Spain,1947,0
Spain,1948,0
Spain,1949,0
Spain,1950,0
Spain,1951,0
Spain,1952,0
Spain,1953,0
Spain,1954,0
Spain,1955,0
Spain,1956,0
Spain,1957,0
Spain,1958,0
Spain,1959,0
Spain,1960,0
Spain,1961,0
Spain,1962,0
Spain,1963,0
Spain,1964,0
Spain,1965,0
Spain,1966,0
Spain,1967,0
Spain,1968,0
Spain,1969,0
Spain,1970,0
Spain,1971,0
Spain,1972,0
Spain,1973,0
Spain,1974,0
Spain,1975,0
Spain,1976,0
Spain,1977,0
Spain,1978,1
Spain,1979,1
Spain,1980,1
Spain,1981,1
Spain,1982,1
Spain,1983,1
Spain,1984,1
Spain,1985,1
Spain,1986,1
Spain,1987,1
Spain,1988,1
Spain,1989,1
Spain,1990,1
Spain,1991,1
Spain,1992,1
Spain,1993,1
Spain,1994,1
Spain,1995,1
Spain,1996,1
Spain,1997,1
Spain,1998,1
Spain,1999,1
Spain,2000,1
Spain,2001,1
Spain,2002,1
Spain,2003,1
Spain,2004,1
Spain,2005,1
Spain,2006,1
Spain,2007,1
Spain,2008,1
Spain,2009,1
Spain,2010,1
Spain,2011,1
Spain,2012,1
Spain,2013,1
Spain,2014,1
Spain,2015,1
Spain,2016,1
Spain,2017,1
Spain,2018,1
Spain,2019,1
Spain,2020,1
Spain,2021,1
Spain,2022,1
Spain,2023,1
Spain,2024,1
Spain,2025,1
Sri Lanka,1900,0
Sri Lanka,1901,0
Sri Lanka,1902,0
Sri Lanka,1903,0
Sri Lanka,1904,0
Sri Lanka,1905,0
Sri Lanka,1906,0
Sri Lanka,1907,0
Sri Lanka,1908,0
Sri Lanka,1909,0
Sri Lanka,1910,0
Sri Lanka,1911,0
Sri Lanka,1912,0
Sri Lanka,1913,0
Sri Lanka,1914,0
Sri Lanka,1915,0
Sri Lanka,1916,0
Sri Lanka,1917,0
Sri Lanka,1918,0
Sri Lanka,1919,0
Sri Lanka,1920,0
Sri Lanka,1921,0
Sri Lanka,1922,0
Sri Lanka,1923,0
Sri Lanka,1924,0
Sri Lanka,1925,0
Sri Lanka,1926,0
Sri Lanka,1927,0
Sri Lanka,1928,0
Sri Lanka,1929,0
Sri Lanka,1930,0
Sri Lanka,1931,0
Sri Lanka,1932,0
Sri Lanka,1933,0
Sri Lanka,1934,0
Sri Lanka,1935,0
Sri Lanka,1936,0
Sri Lanka,1937,0
Sri Lanka,1938,0
Sri Lanka,1939,0
Sri Lanka,1940,0
Sri Lanka,1941,0
Sri Lanka,1942,0
Sri Lanka,1943,0
Sri Lanka,1944,0
Sri Lanka,1945,0
Sri Lanka,1946,0
Sri Lanka,1947,0
Sri Lanka,1948,1
Sri Lanka,1949,1
Sri Lanka,1950,1
Sri Lanka,1951,1
Sri Lanka,1952,1
Sri Lanka,1953,1
Sri Lanka,1954,1
Sri Lanka,1955,1
Sri Lanka,1956,1
Sri Lanka,1957,1
Sri Lanka,1958,1
Sri Lanka,1959,1
Sri Lanka,1960,1
Sri Lanka,1961,1
Sri Lanka,1962,1
Sri Lanka,1963,1
Sri Lanka,1964,1
Sri Lanka,1965,1
Sri Lanka,1966,1
Sri Lanka,1967,1
Sri Lanka,1968,1
Sri Lanka,1969,1
Sri Lanka,1970,1
Sri Lanka,1971,1
Sri Lanka,1972,1
Sri Lanka,1973,1
Sri Lanka,1974,1
Sri Lanka,1975,1
Sri Lanka,1976,1
Sri Lanka,1977,1
Sri Lanka,1978,1
Sri Lanka,1979,1
Sri Lanka,1980,1
Sri Lanka,1981,1
Sri Lanka,1982,1
Sri Lanka,1983,0
Sri Lanka,1984,0
Sri Lanka,1985,0
Sri Lanka,1986,0
Sri Lanka,1987,0
Sri Lanka,1988,0
Sri Lanka,1989,0
Sri Lanka,1990,0
Sri Lanka,1991,0
Sri Lanka,1992,0
Sri Lanka,1993,0
Sri Lanka,1994,0
Sri Lanka,1995,1
Sri Lanka,1996,1
Sri Lanka,1997,1
Sri Lanka,1998,1
Sri Lanka,1999,1
Sri Lanka,2000,0
Sri Lanka,2001,0
Sri Lanka,2002,1
Sri Lanka,2003,1
Sri Lanka,2004,1
Sri Lanka,2005,0
Sri Lanka,2006,0
Sri Lanka,2007,0
Sri Lanka,2008,0
Sri Lanka,2009,0
Sri Lanka,2010,0
Sri Lanka,2011,0
Sri Lanka,2012,0
Sri Lanka,2013,0
Sri Lanka,2014,0
Sri Lanka,2015,1
Sri Lanka,2016,1
Sri Lanka,2017,1
Sri Lanka,2018,1
Sri Lanka,2019,1
Sri Lanka,2020,1
Sri Lanka,2021,1
Sri Lanka,2022,1
Sri Lanka,2023,1
Sri Lanka,2024,1
Sri Lanka,2025,1
Suriname,1900,0
Suriname,1901,0
Suriname,1902,0
Suriname,1903,0
Suriname,1904,0
Suriname,1905,0
Suriname,1906,0
Suriname,1907,0
Suriname,1908,0
Suriname,1909,0
Suriname,1910,0
Suriname,1911,0
Suriname,1912,0
Suriname,1913,0
Suriname,1914,0
Suriname,1915,0
Suriname,1916,0
Suriname,1917,0
Suriname,1918,0
Suriname,1919,0
Suriname,1920,0
Suriname,1921,0
Suriname,1922,0
Suriname,1923,0
Suriname,1924,0
Suriname,1925,0
Suriname,1926,0
Suriname,1927,0
Suriname,1928,0
Suriname,1929,0
Suriname,1930,0
Suriname,1931,0
Suriname,1932,0
Suriname,1933,0
Suriname,1934,0
Suriname,1935,0
Suriname,1936,0
Suriname,1937,0
Suriname,1938,0
Suriname,1939,0
Suriname,1940,0
Suriname,1941,0
Suriname,1942,0
Suriname,1943,0
Suriname,1944,0
Suriname,1945,0
Suriname,1946,0
Suriname,1947,0
Suriname,1948,0
Suriname,1949,0
Suriname,1950,0
Suriname,1951,0
Suriname,1952,0
Suriname,1953,0
Suriname,1954,0
Suriname,1955,1
Suriname,1956,1
Suriname,1957,1
Suriname,1958,1
Suriname,1959,1
Suriname,1960,1
Suriname,1961,1
Suriname,1962,1
Suriname,1963,1
Suriname,1964,1
Suriname,1965,1
Suriname,1966,1
Suriname,1967,1
Suriname,1968,1
Suriname,1969,1
Suriname,1970,1
Suriname,1971,1
Suriname,1972,1
Suriname,1973,1
Suriname,1974,1
Suriname,1975,0
Suriname,1976,1
Suriname,1977,1
Suriname,1978,1
Suriname,1979,1
Suriname,1980,0
Suriname,1981,0
Suriname,1982,0
Suriname,1983,0
Suriname,1984,0
Suriname,1985,0
Suriname,1986,0
Suriname,1987,0
Suriname,1988,1
Suriname,1989,1
Suriname,1990,1
Suriname,1991,0
Suriname,1992,1
Suriname,1993,1
Suriname,1994,1
Suriname,1995,1
Suriname,1996,1
Suriname,1997,1
Suriname,1998,1
Suriname,1999,1
Suriname,2000,1
Suriname,2001,1
Suriname,2002,1
Suriname,2003,1
Suriname,2004,1
Suriname,2005,1
Suriname,2006,1
Suriname,2007,1
Suriname,2008,1
Suriname,2009,1
Suriname,2010,1
Suriname,2011,1
Suriname,2012,1
Suriname,2013,1
Suriname,2014,1
Suriname,2015,1
Suriname,2016,1
Suriname,2017,1
Suriname,2018,1
Suriname,2019,1
Suriname,2020,1
Suriname,2021,1
Suriname,2022,1
Suriname,2023,1
Suriname,2024,1
Suriname,2025,1
Sweden,1900,0
Sweden,1901,0
Sweden,1902,0
Sweden,1903,0
Sweden,1904,0
Sweden,1905,0
Sweden,1906,0
Sweden,1907,0
Sweden,1908,0
Sweden,1909,0
Sweden,1910,0
Sweden,1911,0
Sweden,1912,0
Sweden,1913,0
Sweden,1914,0
Sweden,1915,0
Sweden,1916,0
Sweden,1917,0
Sweden,1918,0
Sweden,1919,0
Sweden,1920,0
Sweden,1921,0
Sweden,1922,1
Sweden,1923,1
Sweden,1924,1
Sweden,1925,1
Sweden,1926,1
Sweden,1927,1
Sweden,1928,1
Sweden,1929,1
Sweden,1930,1
Sweden,1931,1
Sweden,1932,1
Sweden,1933,1
Sweden,1934,1
Sweden,1935,1
Sweden,1936,1
Sweden,1937,1
Sweden,1938,1
Sweden,1939,1
Sweden,1940,1
Sweden,1941,1
Sweden,1942,1
Sweden,1943,1
Sweden,1944,1
Sweden,1945,1
Sweden,1946,1
Sweden,1947,1
Sweden,1948,1
Sweden,1949,1
Sweden,1950,1
Sweden,1951,1
Sweden,1952,1
Sweden,1953,1
Sweden,1954,1
Sweden,1955,1
Sweden,1956,1
Sweden,1957,1
Sweden,1958,1
Sweden,1959,1
Sweden,1960,1
Sweden,1961,1
Sweden,1962,1
Sweden,1963,1
Sweden,1964,1
Sweden,1965,1
Sweden,1966,1
Sweden,1967,1
Sweden,1968,1
Sweden,1969,1
Sweden,1970,1
Sweden,1971,1
Sweden,1972,1
Sweden,1973,1
Sweden,1974,1
Sweden,1975,1
Sweden,1976,1
Sweden,1977,1
Sweden,1978,1
Sweden,1979,1
Sweden,1980,1
Sweden,1981,1
Sweden,1982,1
Sweden,1983,1
Sweden,1984,1
Sweden,1985,1
Sweden,1986,1
Sweden,1987,1
Sweden,1988,1
Sweden,1989,1
Sweden,1990,1
Sweden,1991,1
Sweden,1992,1
Sweden,1993,1
Sweden,1994,1
Sweden,1995,1
Sweden,1996,1
Sweden,1997,1
Sweden,1998,1
Sweden,1999,1
Sweden,2000,1
Sweden,2001,1
Sweden,2002,1
Sweden,2003,1
Sweden,2004,1
Sweden,2005,1
Sweden,2006,1
Sweden,2007,1
Sweden,2008,1
Sweden,2009,1
Sweden,2010,1
Sweden,2011,1
Sweden,2012,1
Sweden,2013,1
Sweden,2014,1
Sweden,2015,1
Sweden,2016,1
Sweden,2017,1
Sweden,2018,1
Sweden,2019,1
Sweden,2020,1
Sweden,2021,1
Sweden,2022,1
Sweden,2023,1
Sweden,2024,1
Sweden,2025,1
Switzerland,1900,1
Switzerland,1901,1
Switzerland,1902,1
Switzerland,1903,1
Switzerland,1904,1
Switzerland,1905,1
Switzerland,1906,1
Switzerland,1907,1
Switzerland,1908,1
Switzerland,1909,1
Switzerland,1910,1
Switzerland,1911,1
Switzerland,1912,1
Switzerland,1913,1
Switzerland,1914,1
Switzerland,1915,1
Switzerland,1916,1
Switzerland,1917,1
Switzerland,1918,1
Switzerland,1919,1
Switzerland,1920,1
Switzerland,1921,1
Switzerland,1922,1
Switzerland,1923,1
Switzerland,1924,1
Switzerland,1925,1
Switzerland,1926,1
Switzerland,1927,1
Switzerland,1928,1
Switzerland,1929,1
Switzerland,1930,1
Switzerland,1931,1
Switzerland,1932,1
Switzerland,1933,1
Switzerland,1934,1
Switzerland,1935,1
Switzerland,1936,1
Switzerland,1937,1
Switzerland,1938,1
Switzerland,1939,1
Switzerland,1940,1
Switzerland,1941,1
Switzerland,1942,1
Switzerland,1943,1
Switzerland,1944,1
Switzerland,1945,1
Switzerland,1946,1
Switzerland,1947,1
Switzerland,1948,1
Switzerland,1949,1
Switzerland,1950,1
Switzerland,1951,1
Switzerland,1952,1
Switzerland,1953,1
Switzerland,1954,1
Switzerland,1955,1
Switzerland,1956,1
Switzerland,1957,1
Switzerland,1958,1
Switzerland,1959,1
Switzerland,1960,1
Switzerland,1961,1
Switzerland,1962,1
Switzerland,1963,1
Switzerland,1964,1
Switzerland,1965,1
Switzerland,1966,1
Switzerland,1967,1
Switzerland,1968,1
Switzerland,1969,1
Switzerland,1970,1
Switzerland,1971,1
Switzerland,1972,1
Switzerland,1973,1
Switzerland,1974,1
Switzerland,1975,1
Switzerland,1976,1
Switzerland,1977,1
Switzerland,1978,1
Switzerland,1979,1
Switzerland,1980,1
Switzerland,1981,1
Switzerland,1982,1
Switzerland,1983,1
Switzerland,1984,1
Switzerland,1985,1
Switzerland,1986,1
Switzerland,1987,1
Switzerland,1988,1
Switzerland,1989,1
Switzerland,1990,1
Switzerland,1991,1
Switzerland,1992,1
Switzerland,1993,1
Switzerland,1994,1
Switzerland,1995,1
Switzerland,1996,1
Switzerland,1997,1
Switzerland,1998,1
Switzerland,1999,1
Switzerland,2000,1
Switzerland,2001,1
Switzerland,2002,1
Switzerland,2003,1
Switzerland,2004,1
Switzerland,2005,1
Switzerland,2006,1
Switzerland,2007,1
Switzerland,2008,1
Switzerland,2009,1
Switzerland,2010,1
Switzerland,2011,1
Switzerland,2012,1
Switzerland,2013,1
Switzerland,2014,1
Switzerland,2015,1
Switzerland,2016,1
Switzerland,2017,1
Switzerland,2018,1
Switzerland,2019,1
Switzerland,2020,1
Switzerland,2021,1
Switzerland,2022,1
Switzerland,2023,1
Switzerland,2024,1
Switzerland,2025,1
Taiwan,1900,0
Taiwan,1901,0
Taiwan,1902,0
Taiwan,1903,0
Taiwan,1904,0
Taiwan,1905,0
Taiwan,1906,0
Taiwan,1907,0
Taiwan,1908,0
Taiwan,1909,0
Taiwan,1910,0
Taiwan,1911,0
Taiwan,1912,0
Taiwan,1913,0
Taiwan,1914,0
Taiwan,1915,0
Taiwan,1916,0
Taiwan,1917,0
Taiwan,1918,0
Taiwan,1919,0
Taiwan,1920,0
Taiwan,1921,0
Taiwan,1922,0
Taiwan,1923,0
Taiwan,1924,0
Taiwan,1925,0
Taiwan,1926,0
Taiwan,1927,0
Taiwan,1928,0
Taiwan,1929,0
Taiwan,1930,0
Taiwan,1931,0
Taiwan,1932,0
Taiwan,1933,0
Taiwan,1934,0
Taiwan,1935,0
Taiwan,1936,0
Taiwan,1937,0
Taiwan,1938,0
Taiwan,1939,0
Taiwan,1940,0
Taiwan,1941,0
Taiwan,1942,0
Taiwan,1943,0
Taiwan,1944,0
Taiwan,1945,0
Taiwan,1946,0
Taiwan,1947,0
Taiwan,1948,0
Taiwan,1949,0
Taiwan,1950,0
Taiwan,1951,0
Taiwan,1952,0
Taiwan,1953,0
Taiwan,1954,0
Taiwan,1955,0
Taiwan,1956,0
Taiwan,1957,0
Taiwan,1958,0
Taiwan,1959,0
Taiwan,1960,0
Taiwan,1961,0
Taiwan,1962,0
Taiwan,1963,0
Taiwan,1964,0
Taiwan,1965,0
Taiwan,1966,0
Taiwan,1967,0
Taiwan,1968,0
Taiwan,1969,0
Taiwan,1970,0
Taiwan,1971,0
Taiwan,1972,0
Taiwan,1973,0
Taiwan,1974,0
Taiwan,1975,0
Taiwan,1976,0
Taiwan,1977,0
Taiwan,1978,0
Taiwan,1979,0
Taiwan,1980,0
Taiwan,1981,0
Taiwan,1982,0
Taiwan,1983,0
Taiwan,1984,0
Taiwan,1985,0
Taiwan,1986,0
Taiwan,1987,0
Taiwan,1988,0
Taiwan,1989,0
Taiwan,1990,0
Taiwan,1991,0
Taiwan,1992,0
Taiwan,1993,0
Taiwan,1994,0
Taiwan,1995,0
Taiwan,1996,1
Taiwan,1997,1
Taiwan,1998,1
Taiwan,1999,1
Taiwan,2000,1
Taiwan,2001,1
Taiwan,2002,1
Taiwan,2003,1
Taiwan,2004,1
Taiwan,2005,1
Taiwan,2006,1
Taiwan,2007,1
Taiwan,2008,1
Taiwan,2009,1
Taiwan,2010,1
Taiwan,2011,1
Taiwan,2012,1
Taiwan,2013,1
Taiwan,2014,1
Taiwan,2015,1
Taiwan,2016,1
Taiwan,2017,1
Taiwan,2018,1
Taiwan,2019,1
Taiwan,2020,1
Taiwan,2021,1
Taiwan,2022,1
Taiwan,2023,1
Taiwan,2024,1
Taiwan,2025,1
Tajikistan,1900,0
Tajikistan,1901,0
Tajikistan,1902,0
Tajikistan,1903,0
Tajikistan,1904,0
Tajikistan,1905,0
Tajikistan,1906,0
Tajikistan,1907,0
Tajikistan,1908,0
Tajikistan,1909,0
Tajikistan,1910,0
Tajikistan,1911,0
Tajikistan,1912,0
Tajikistan,1913,0
Tajikistan,1914,0
Tajikistan,1915,0
Tajikistan,1916,0
Tajikistan,1917,0
Tajikistan,1918,0
Tajikistan,1919,0
Tajikistan,1920,0
Tajikistan,1921,0
Tajikistan,1922,0
Tajikistan,1923,0
Tajikistan,1924,0
Tajikistan,1925,0
Tajikistan,1926,0
Tajikistan,1927,0
Tajikistan,1928,0
Tajikistan,1929,0
Tajikistan,1930,0
Tajikistan,1931,0
Tajikistan,1932,0
Tajikistan,1933,0
Tajikistan,1934,0
Tajikistan,1935,0
Tajikistan,1936,0
Tajikistan,1937,0
Tajikistan,1938,0
Tajikistan,1939,0
Tajikistan,1940,0
Tajikistan,1941,0
Tajikistan,1942,0
Tajikistan,1943,0
Tajikistan,1944,0
Tajikistan,1945,0
Tajikistan,1946,0
Tajikistan,1947,0
Tajikistan,1948,0
Tajikistan,1949,0
Tajikistan,1950,0
Tajikistan,1951,0
Tajikistan,1952,0
Tajikistan,1953,0
Tajikistan,1954,0
Tajikistan,1955,0
Tajikistan,1956,0
Tajikistan,1957,0
Tajikistan,1958,0
Tajikistan,1959,0
Tajikistan,1960,0
Tajikistan,1961,0
Tajikistan,1962,0
Tajikistan,1963,0
Tajikistan,1964,0
Tajikistan,1965,0
Tajikistan,1966,0
Tajikistan,1967,0
Tajikistan,1968,0
Tajikistan,1969,0
Tajikistan,1970,0
Tajikistan,1971,0
Tajikistan,1972,0
Tajikistan,1973,0
Tajikistan,1974,0
Tajikistan,1975,0
Tajikistan,1976,0
Tajikistan,1977,0
Tajikistan,1978,0
Tajikistan,1979,0
Tajikistan,1980,0
Tajikistan,1981,0
Tajikistan,1982,0
Tajikistan,1983,0
Tajikistan,1984,0
Tajikistan,1985,0
Tajikistan,1986,0
Tajikistan,1987,0
Tajikistan,1988,0
Tajikistan,1989,0
Tajikistan,1990,0
Tajikistan,1991,0
Tajikistan,1992,0
Tajikistan,1993,0
Tajikistan,1994,0
Tajikistan,1995,0
Tajikistan,1996,0
Tajikistan,1997,0
Tajikistan,1998,0
Tajikistan,1999,0
Tajikistan,2000,0
Tajikistan,2001,0
Tajikistan,2002,0
Tajikistan,2003,0
Tajikistan,2004,0
Tajikistan,2005,0
Tajikistan,2006,0
Tajikistan,2007,0
Tajikistan,2008,0
Tajikistan,2009,0
Tajikistan,2010,0
Tajikistan,2011,0
Tajikistan,2012,0
Tajikistan,2013,0
Tajikistan,2014,0
Tajikistan,2015,0
Tajikistan,2016,0
Tajikistan,2017,0
Tajikistan,2018,0
Tajikistan,2019,0
Tajikistan,2020,0
Tajikistan,2021,0
Tajikistan,2022,0
Tajikistan,2023,0
Tajikistan,2024,0
Tajikistan,2025,0
Thailand,1900,0
Thailand,1901,0
Thailand,1902,0
Thailand,1903,0
Thailand,1904,0
Thailand,1905,0
Thailand,1906,0
Thailand,1907,0
Thailand,1908,0
Thailand,1909,0
Thailand,1910,0
Thailand,1911,0
Thailand,1912,0
Thailand,1913,0
Thailand,1914,0
Thailand,1915,0
Thailand,1916,0
Thailand,1917,0
Thailand,1918,0
Thailand,1919,0
Thailand,1920,0
Thailand,1921,0
Thailand,1922,0
Thailand,1923,0
Thailand,1924,0
Thailand,1925,0
Thailand,1926,0
Thailand,1927,0
Thailand,1928,0
Thailand,1929,0
Thailand,1930,0
Thailand,1931,0
Thailand,1932,0
Thailand,1933,0
Thailand,1934,0
Thailand,1935,0
Thailand,1936,0
Thailand,1937,0
Thailand,1938,0
Thailand,1939,0
Thailand,1940,0
Thailand,1941,0
Thailand,1942,0
Thailand,1943,0
Thailand,1944,0
Thailand,1945,0
Thailand,1946,0
Thailand,1947,0
Thailand,1948,0
Thailand,1949,0
Thailand,1950,0
Thailand,1951,0
Thailand,1952,0
Thailand,1953,0
Thailand,1954,0
Thailand,1955,0
Thailand,1956,0
Thailand,1957,0
Thailand,1958,0
Thailand,1959,0
Thailand,1960,0
Thailand,1961,0
Thailand,1962,0
Thailand,1963,0
Thailand,1964,0
Thailand,1965,0
Thailand,1966,0
Thailand,1967,0
Thailand,1968,0
Thailand,1969,0
Thailand,1970,0
Thailand,1971,0
Thailand,1972,0
Thailand,1973,0
Thailand,1974,0
Thailand,1975,0
Thailand,1976,0
Thailand,1977,0
Thailand,1978,0
Thailand,1979,0
Thailand,1980,0
Thailand,1981,0
Thailand,1982,0
Thailand,1983,0
Thailand,1984,0
Thailand,1985,0
Thailand,1986,0
Thailand,1987,0
Thailand,1988,0
Thailand,1989,0
Thailand,1990,0
Thailand,1991,0
Thailand,1992,0
Thailand,1993,0
Thailand,1994,0
Thailand,1995,0
Thailand,1996,0
Thailand,1997,0
Thailand,1998,1
Thailand,1999,1
Thailand,2000,1
Thailand,2001,1
Thailand,2002,1
Thailand,2003,1
Thailand,2004,1
Thailand,2005,1
Thailand,2006,0
Thailand,2007,0
Thailand,2008,0
Thailand,2009,0
Thailand,2010,0
Thailand,2011,0
Thailand,2012,0
Thailand,2013,0
Thailand,2014,0
Thailand,2015,0
Thailand,2016,0
Thailand,2017,0
Thailand,2018,0
Thailand,2019,0
Thailand,2020,0
Thailand,2021,0
Thailand,2022,0
Thailand,2023,0
Thailand,2024,0
Thailand,2025,0
Trinidad and Tobago,1900,0
Trinidad and Tobago,1901,0
Trinidad and Tobago,1902,0
Trinidad and Tobago,1903,0
Trinidad and Tobago,1904,0
Trinidad and Tobago,1905,0
Trinidad and Tobago,1906,0
Trinidad and Tobago,1907,0
Trinidad and Tobago,1908,0
Trinidad and Tobago,1909,0
Trinidad and Tobago,1910,0
Trinidad and Tobago,1911,0
Trinidad and Tobago,1912,0
Trinidad and Tobago,1913,0
Trinidad and Tobago,1914,0
Trinidad and Tobago,1915,0
Trinidad and Tobago,1916,0
Trinidad and Tobago,1917,0
Trinidad and Tobago,1918,0
Trinidad and Tobago,1919,0
Trinidad and Tobago,1920,0
Trinidad and Tobago,1921,0
Trinidad and Tobago,1922,0
Trinidad and Tobago,1923,0
Trinidad and Tobago,1924,0
Trinidad and Tobago,1925,0
Trinidad and Tobago,1926,0
Trinidad and Tobago,1927,0
Trinidad and Tobago,1928,0
Trinidad and Tobago,1929,0
Trinidad and Tobago,1930,0
Trinidad and Tobago,1931,0
Trinidad and Tobago,1932,0
Trinidad and Tobago,1933,0
Trinidad and Tobago,1934,0
Trinidad and Tobago,1935,0
Trinidad and Tobago,1936,0
Trinidad and Tobago,1937,0
Trinidad and Tobago,1938,0
Trinidad and Tobago,1939,0
Trinidad and Tobago,1940,0
Trinidad and Tobago,1941,0
Trinidad and Tobago,1942,0
Trinidad and Tobago,1943,0
Trinidad and Tobago,1944,0
Trinidad and Tobago,1945,0
Trinidad and Tobago,1946,0
Trinidad and Tobago,1947,0
Trinidad and Tobago,1948,0
Trinidad and Tobago,1949,0
Trinidad and Tobago,1950,0
Trinidad and Tobago,1951,0
Trinidad and Tobago,1952,0
Trinidad and Tobago,1953,0
Trinidad and Tobago,1954,0
Trinidad and Tobago,1955,0
Trinidad and Tobago,1956,0
Trinidad and Tobago,1957,0
Trinidad and Tobago,1958,0
Trinidad and Tobago,1959,0
Trinidad and Tobago,1960,0
Trinidad and Tobago,1961,0
Trinidad and Tobago,1962,1
Trinidad and Tobago,1963,1
Trinidad and Tobago,1964,1
Trinidad and Tobago,1965,1
Trinidad and Tobago,1966,1
Trinidad and Tobago,1967,1
Trinidad and Tobago,1968,1
Trinidad and Tobago,1969,1
Trinidad and Tobago,1970,1
Trinidad and Tobago,1971,1
Trinidad and Tobago,1972,1
Trinidad and Tobago,1973,1
Trinidad and Tobago,1974,1
Trinidad and Tobago,1975,1
Trinidad and Tobago,1976,1
Trinidad and Tobago,1977,1
Trinidad and Tobago,1978,1
Trinidad and Tobago,1979,1
Trinidad and Tobago,1980,1
Trinidad and Tobago,1981,1
Trinidad and Tobago,1982,1
Trinidad and Tobago,1983,1
Trinidad and Tobago,1984,1
Trinidad and Tobago,1985,1
Trinidad and Tobago,1986,1
Trinidad and Tobago,1987,1
Trinidad and Tobago,1988,1
Trinidad and Tobago,1989,1
Trinidad and Tobago,1990,1
Trinidad and Tobago,1991,1
Trinidad and Tobago,1992,1
Trinidad and Tobago,1993,1
Trinidad and Tobago,1994,1
Trinidad and Tobago,1995,1
Trinidad and Tobago,1996,1
Trinidad and Tobago,1997,1
Trinidad and Tobago,1998,1
Trinidad and Tobago,1999,1
Trinidad and Tobago,2000,1
Trinidad and Tobago,2001,1
Trinidad and Tobago,2002,1
Trinidad and Tobago,2003,1
Trinidad and Tobago,2004,1
Trinidad and Tobago,2005,1
Trinidad and Tobago,2006,1
Trinidad and Tobago,2007,1
Trinidad and Tobago,2008,1
Trinidad and Tobago,2009,1
Trinidad and Tobago,2010,1
Trinidad and Tobago,2011,1
Trinidad and Tobago,2012,1
Trinidad and Tobago,2013,1
Trinidad and Tobago,2014,1
Trinidad and Tobago,2015,1
Trinidad and Tobago,2016,1
Trinidad and Tobago,2017,1
Trinidad and Tobago,2018,1
Trinidad and Tobago,2019,1
Trinidad and Tobago,2020,1
Trinidad and Tobago,2021,1
Trinidad and Tobago,2022,1
Trinidad and Tobago,2023,1
Trinidad and Tobago,2024,1
Trinidad and Tobago,2025,1
Tunisia,1900,0
Tunisia,1901,0
Tunisia,1902,0
Tunisia,1903,0
Tunisia,1904,0
Tunisia,1905,0
Tunisia,1906,0
Tunisia,1907,0
Tunisia,1908,0
Tunisia,1909,0
Tunisia,1910,0
Tunisia,1911,0
Tunisia,1912,0
Tunisia,1913,0
Tunisia,1914,0
Tunisia,1915,0
Tunisia,1916,0
Tunisia,1917,0
Tunisia,1918,0
Tunisia,1919,0
Tunisia,1920,0
Tunisia,1921,0
Tunisia,1922,0
Tunisia,1923,0
Tunisia,1924,0
Tunisia,1925,0
Tunisia,1926,0
Tunisia,1927,0
Tunisia,1928,0
Tunisia,1929,0
Tunisia,1930,0
Tunisia,1931,0
Tunisia,1932,0
Tunisia,1933,0
Tunisia,1934,0
Tunisia,1935,0
Tunisia,1936,0
Tunisia,1937,0
Tunisia,1938,0
Tunisia,1939,0
Tunisia,1940,0
Tunisia,1941,0
Tunisia,1942,0
Tunisia,1943,0
Tunisia,1944,0
Tunisia,1945,0
Tunisia,1946,0
Tunisia,1947,0
Tunisia,1948,0
Tunisia,1949,0
Tunisia,1950,0
Tunisia,1951,0
Tunisia,1952,0
Tunisia,1953,0
Tunisia,1954,0
Tunisia,1955,0
Tunisia,1956,0
Tunisia,1957,0
Tunisia,1958,0
Tunisia,1959,0
Tunisia,1960,0
Tunisia,1961,0
Tunisia,1962,0
Tunisia,1963,0
Tunisia,1964,0
Tunisia,1965,0
Tunisia,1966,0
Tunisia,1967,0
Tunisia,1968,0
Tunisia,1969,0
Tunisia,1970,0
Tunisia,1971,0
Tunisia,1972,0
Tunisia,1973,0
Tunisia,1974,0
Tunisia,1975,0
Tunisia,1976,0
Tunisia,1977,0
Tunisia,1978,0
Tunisia,1979,0
Tunisia,1980,0
Tunisia,1981,0
Tunisia,1982,0
Tunisia,1983,0
Tunisia,1984,0
Tunisia,1985,0
Tunisia,1986,0
Tunisia,1987,0
Tunisia,1988,0
Tunisia,1989,0
Tunisia,1990,0
Tunisia,1991,0
Tunisia,1992,0
Tunisia,1993,0
Tunisia,1994,0
Tunisia,1995,0
Tunisia,1996,0
Tunisia,1997,0
Tunisia,1998,0
Tunisia,1999,0
Tunisia,2000,0
Tunisia,2001,0
Tunisia,2002,0
Tunisia,2003,0
Tunisia,2004,0
Tunisia,2005,0
Tunisia,2006,0
Tunisia,2007,0
Tunisia,2008,0
Tunisia,2009,0
Tunisia,2010,0
Tunisia,2011,0
Tunisia,2012,1
Tunisia,2013,1
Tunisia,2014,1
Tunisia,2015,1
Tunisia,2016,1
Tunisia,2017,1
Tunisia,2018,1
Tunisia,2019,1
Tunisia,2020,1
Tunisia,2021,1
Tunisia,2022,0
Tunisia,2023,0
Tunisia,2024,0
Tunisia,2025,0
Turkey,1900,0
Turkey,1901,0
Turkey,1902,0
Turkey,1903,0
Turkey,1904,0
Turkey,1905,0
Turkey,1906,0
Turkey,1907,0
Turkey,1908,0
Turkey,1909,0
Turkey,1910,0
Turkey,1911,0
Turkey,1912,0
Turkey,1913,0
Turkey,1914,0
Turkey,1915,0
Turkey,1916,0
Turkey,1917,0
Turkey,1918,0
Turkey,1919,0
Turkey,1920,0
Turkey,1921,0
Turkey,1922,0
Turkey,1923,0
Turkey,1924,0
Turkey,1925,0
Turkey,1926,0
Turkey,1927,0
Turkey,1928,0
Turkey,1929,0
Turkey,1930,0
Turkey,1931,0
Turkey,1932,0
Turkey,1933,0
Turkey,1934,0
Turkey,1935,0
Turkey,1936,0
Turkey,1937,0
Turkey,1938,0
Turkey,1939,0
Turkey,1940,0
Turkey,1941,0
Turkey,1942,0
Turkey,1943,0
Turkey,1944,0
Turkey,1945,0
Turkey,1946,0
Turkey,1947,0
Turkey,1948,0
Turkey,1949,0
Turkey,1950,0
Turkey,1951,0
Turkey,1952,0
Turkey,1953,0
Turkey,1954,0
Turkey,1955,0
Turkey,1956,0
Turkey,1957,0
Turkey,1958,0
Turkey,1959,0
Turkey,1960,0
Turkey,1961,0
Turkey,1962,0
Turkey,1963,0
Turkey,1964,0
Turkey,1965,0
Turkey,1966,1
Turkey,1967,1
Turkey,1968,1
Turkey,1969,1
Turkey,1970,1
Turkey,1971,0
Turkey,1972,0
Turkey,1973,1
Turkey,1974,1
Turkey,1975,1
Turkey,1976,1
Turkey,1977,1
Turkey,1978,1
Turkey,1979,1
Turkey,1980,0
Turkey,1981,0
Turkey,1982,0
Turkey,1983,0
Turkey,1984,0
Turkey,1985,0
Turkey,1986,0
Turkey,1987,0
Turkey,1988,0
Turkey,1989,0
Turkey,1990,1
Turkey,1991,1
Turkey,1992,1
Turkey,1993,1
Turkey,1994,1
Turkey,1995,1
Turkey,1996,1
Turkey,1997,1
Turkey,1998,1
Turkey,1999,1
Turkey,2000,1
Turkey,2001,1
Turkey,2002,1
Turkey,2003,1
Turkey,2004,1
Turkey,2005,1
Turkey,2006,1
Turkey,2007,1
Turkey,2008,1
Turkey,2009,1
Turkey,2010,1
Turkey,2011,1
Turkey,2012,1
Turkey,2013,0
Turkey,2014,0
Turkey,2015,0
Turkey,2016,0
Turkey,2017,0
Turkey,2018,0
Turkey,2019,0
Turkey,2020,0
Turkey,2021,0
Turkey,2022,0
Turkey,2023,0
Turkey,2024,0
Turkey,2025,0
Turkmenistan,1900,0
Turkmenistan,1901,0
Turkmenistan,1902,0
Turkmenistan,1903,0
Turkmenistan,1904,0
Turkmenistan,1905,0
Turkmenistan,1906,0
Turkmenistan,1907,0
Turkmenistan,1908,0
Turkmenistan,1909,0
Turkmenistan,1910,0
Turkmenistan,1911,0
Turkmenistan,1912,0
Turkmenistan,1913,0
Turkmenistan,1914,0
Turkmenistan,1915,0
Turkmenistan,1916,0
Turkmenistan,1917,0
Turkmenistan,1918,0
Turkmenistan,1919,0
Turkmenistan,1920,0
Turkmenistan,1921,0
Turkmenistan,1922,0
Turkmenistan,1923,0
Turkmenistan,1924,0
Turkmenistan,1925,0
Turkmenistan,1926,0
Turkmenistan,1927,0
Turkmenistan,1928,0
Turkmenistan,1929,0
Turkmenistan,1930,0
Turkmenistan,1931,0
Turkmenistan,1932,0
Turkmenistan,1933,0
Turkmenistan,1934,0
Turkmenistan,1935,0
Turkmenistan,1936,0
Turkmenistan,1937,0
Turkmenistan,1938,0
Turkmenistan,1939,0
Turkmenistan,1940,0
Turkmenistan,1941,0
Turkmenistan,1942,0
Turkmenistan,1943,0
Turkmenistan,1944,0
Turkmenistan,1945,0
Turkmenistan,1946,0
Turkmenistan,1947,0
Turkmenistan,1948,0
Turkmenistan,1949,0
Turkmenistan,1950,0
Turkmenistan,1951,0
Turkmenistan,1952,0
Turkmenistan,1953,0
Turkmenistan,1954,0
Turkmenistan,1955,0
Turkmenistan,1956,0
Turkmenistan,1957,0
Turkmenistan,1958,0
Turkmenistan,1959,0
Turkmenistan,1960,0
Turkmenistan,1961,0
Turkmenistan,1962,0
Turkmenistan,1963,0
Turkmenistan,1964,0
Turkmenistan,1965,0
Turkmenistan,1966,0
Turkmenistan,1967,0
Turkmenistan,1968,0
Turkmenistan,1969,0
Turkmenistan,1970,0
Turkmenistan,1971,0
Turkmenistan,1972,0
Turkmenistan,1973,0
Turkmenistan,1974,0
Turkmenistan,1975,0
Turkmenistan,1976,0
Turkmenistan,1977,0
Turkmenistan,1978,0
Turkmenistan,1979,0
Turkmenistan,1980,0
Turkmenistan,1981,0
Turkmenistan,1982,0
Turkmenistan,1983,0
Turkmenistan,1984,0
Turkmenistan,1985,0
Turkmenistan,1986,0
Turkmenistan,1987,0
Turkmenistan,1988,0
Turkmenistan,1989,0
Turkmenistan,1990,0
Turkmenistan,1991,0
Turkmenistan,1992,0
Turkmenistan,1993,0
Turkmenistan,1994,0
Turkmenistan,1995,0
Turkmenistan,1996,0
Turkmenistan,1997,0
Turkmenistan,1998,0
Turkmenistan,1999,0
Turkmenistan,2000,0
Turkmenistan,2001,0
Turkmenistan,2002,0
Turkmenistan,2003,0
Turkmenistan,2004,0
Turkmenistan,2005,0
Turkmenistan,2006,0
Turkmenistan,2007,0
Turkmenistan,2008,0
Turkmenistan,2009,0
Turkmenistan,2010,0
Turkmenistan,2011,0
Turkmenistan,2012,0
Turkmenistan,2013,0
Turkmenistan,2014,0
Turkmenistan,2015,0
Turkmenistan,2016,0
Turkmenistan,2017,0
Turkmenistan,2018,0
Turkmenistan,2019,0
Turkmenistan,2020,0
Turkmenistan,2021,0
Turkmenistan,2022,0
Turkmenistan,2023,0
Turkmenistan,2024,0
Turkmenistan,2025,0
Uganda,1900,0
Uganda,1901,0
Uganda,1902,0
Uganda,1903,0
Uganda,1904,0
Uganda,1905,0
Uganda,1906,0
Uganda,1907,0
Uganda,1908,0
Uganda,1909,0
Uganda,1910,0
Uganda,1911,0
Uganda,1912,0
Uganda,1913,0
Uganda,1914,0
Uganda,1915,0
Uganda,1916,0
Uganda,1917,0
Uganda,1918,0
Uganda,1919,0
Uganda,1920,0
Uganda,1921,0
Uganda,1922,0
Uganda,1923,0
Uganda,1924,0
Uganda,1925,0
Uganda,1926,0
Uganda,1927,0
Uganda,1928,0
Uganda,1929,0
Uganda,1930,0
Uganda,1931,0
Uganda,1932,0
Uganda,1933,0
Uganda,1934,0
Uganda,1935,0
Uganda,1936,0
Uganda,1937,0
Uganda,1938,0
Uganda,1939,0
Uganda,1940,0
Uganda,1941,0
Uganda,1942,0
Uganda,1943,0
Uganda,1944,0
Uganda,1945,0
Uganda,1946,0
Uganda,1947,0
Uganda,1948,0
Uganda,1949,0
Uganda,1950,0
Uganda,1951,0
Uganda,1952,0
Uganda,1953,0
Uganda,1954,0
Uganda,1955,0
Uganda,1956,0
Uganda,1957,0
Uganda,1958,0
Uganda,1959,0
Uganda,1960,0
Uganda,1961,0
Uganda,1962,0
Uganda,1963,0
Uganda,1964,0
Uganda,1965,0
Uganda,1966,0
Uganda,1967,0
Uganda,1968,0
Uganda,1969,0
Uganda,1970,0
Uganda,1971,0
Uganda,1972,0
Uganda,1973,0
Uganda,1974,0
Uganda,1975,0
Uganda,1976,0
Uganda,1977,0
Uganda,1978,0
Uganda,1979,0
Uganda,1980,0
Uganda,1981,0
Uganda,1982,0
Uganda,1983,0
Uganda,1984,0
Uganda,1985,0
Uganda,1986,0
Uganda,1987,0
Uganda,1988,0
Uganda,1989,0
Uganda,1990,0
Uganda,1991,0
Uganda,1992,0
Uganda,1993,0
Uganda,1994,0
Uganda,1995,0
Uganda,1996,0
Uganda,1997,0
Uganda,1998,0
Uganda,1999,0
Uganda,2000,0
Uganda,2001,0
Uganda,2002,0
Uganda,2003,0
Uganda,2004,0
Uganda,2005,0
Uganda,2006,0
Uganda,2007,0
Uganda,2008,0
Uganda,2009,0
Uganda,2010,0
Uganda,2011,0
Uganda,2012,0
Uganda,2013,0
Uganda,2014,0
Uganda,2015,0
Uganda,2016,0
Uganda,2017,0
Uganda,2018,0
Uganda,2019,0
Uganda,2020,0
Uganda,2021,0
Uganda,2022,0
Uganda,2023,0
Uganda,2024,0
Uganda,2025,0
United Kingdom,1900,0
United Kingdom,1901,0
United Kingdom,1902,0
United Kingdom,1903,0
United Kingdom,1904,0
United Kingdom,1905,0
United Kingdom,1906,0
United Kingdom,1907,0
United Kingdom,1908,0
United Kingdom,1909,0
United Kingdom,1910,0
United Kingdom,1911,0
United Kingdom,1912,0
United Kingdom,1913,0
United Kingdom,1914,0
United Kingdom,1915,0
United Kingdom,1916,0
United Kingdom,1917,0
United Kingdom,1918,0
United Kingdom,1919,1
United Kingdom,1920,1
United Kingdom,1921,1
United Kingdom,1922,1
United Kingdom,1923,1
United Kingdom,1924,1
United Kingdom,1925,1
United Kingdom,1926,1
United Kingdom,1927,1
United Kingdom,1928,1
United Kingdom,1929,1
United Kingdom,1930,1
United Kingdom,1931,1
United Kingdom,1932,1
United Kingdom,1933,1
United Kingdom,1934,1
United Kingdom,1935,1
United Kingdom,1936,1
United Kingdom,1937,1
United Kingdom,1938,1
United Kingdom,1939,1
United Kingdom,1940,1
United Kingdom,1941,1
United Kingdom,1942,1
United Kingdom,1943,1
United Kingdom,1944,1
United Kingdom,1945,1
United Kingdom,1946,1
United Kingdom,1947,1
United Kingdom,1948,1
United Kingdom,1949,1
United Kingdom,1950,1
United Kingdom,1951,1
United Kingdom,1952,1
United Kingdom,1953,1
United Kingdom,1954,1
United Kingdom,1955,1
United Kingdom,1956,1
United Kingdom,1957,1
United Kingdom,1958,1
United Kingdom,1959,1
United Kingdom,1960,1
United Kingdom,1961,1
United Kingdom,1962,1
United Kingdom,1963,1
United Kingdom,1964,1
United Kingdom,1965,1
United Kingdom,1966,1
United Kingdom,1967,1
United Kingdom,1968,1
United Kingdom,1969,1
United Kingdom,1970,1
United Kingdom,1971,1
United Kingdom,1972,1
United Kingdom,1973,1
United Kingdom,1974,1
United Kingdom,1975,1
United Kingdom,1976,1
United Kingdom,1977,1
United Kingdom,1978,1
United Kingdom,1979,1
United Kingdom,1980,1
United Kingdom,1981,1
United Kingdom,1982,1
United Kingdom,1983,1
United Kingdom,1984,1
United Kingdom,1985,1
United Kingdom,1986,1
United Kingdom,1987,1
United Kingdom,1988,1
United Kingdom,1989,1
United Kingdom,1990,1
United Kingdom,1991,1
United Kingdom,1992,1
United Kingdom,1993,1
United Kingdom,1994,1
United Kingdom,1995,1
United Kingdom,1996,1
United Kingdom,1997,1
United Kingdom,1998,1
United Kingdom,1999,1
United Kingdom,2000,1
United Kingdom,2001,1
United Kingdom,2002,1
United Kingdom,2003,1
United Kingdom,2004,1
United Kingdom,2005,1
United Kingdom,2006,1
United Kingdom,2007,1
United Kingdom,2008,1
United Kingdom,2009,1
United Kingdom,2010,1
United Kingdom,2011,1
United Kingdom,2012,1
United Kingdom,2013,1
United Kingdom,2014,1
United Kingdom,2015,1
United Kingdom,2016,1
United Kingdom,2017,1
United Kingdom,2018,1
United Kingdom,2019,1
United Kingdom,2020,1
United Kingdom,2021,1
United Kingdom,2022,1
United Kingdom,2023,1
United Kingdom,2024,1
United Kingdom,2025,1
United States,1900,0
United States,1901,0
United States,1902,0
United States,1903,0
United States,1904,0
United States,1905,0
United States,1906,0
United States,1907,0
United States,1908,0
United States,1909,0
United States,1910,0
United States,1911,0
United States,1912,0
United States,1913,0
United States,1914,0
United States,1915,0
United States,1916,0
United States,1917,0
United States,1918,0
United States,1919,0
United States,1920,1
United States,1921,1
United States,1922,1
United States,1923,1
United States,1924,1
United States,1925,1
United States,1926,1
United States,1927,1
United States,1928,1
United States,1929,1
United States,1930,1
United States,1931,1
United States,1932,1
United States,1933,1
United States,1934,1
United States,1935,1
United States,1936,1
United States,1937,1
United States,1938,1
United States,1939,1
United States,1940,1
United States,1941,1
United States,1942,1
United States,1943,1
United States,1944,1
United States,1945,1
United States,1946,1
United States,1947,1
United States,1948,1
United States,1949,1
United States,1950,1
United States,1951,1
United States,1952,1
United States,1953,1
United States,1954,1
United States,1955,1
United States,1956,1
United States,1957,1
United States,1958,1
United States,1959,1
United States,1960,1
United States,1961,1
United States,1962,1
United States,1963,1
United States,1964,1
United States,1965,1
United States,1966,1
United States,1967,1
United States,1968,1
United States,1969,1
United States,1970,1
United States,1971,1
United States,1972,1
United States,1973,1
United States,1974,1
United States,1975,1
United States,1976,1
United States,1977,1
United States,1978,1
United States,1979,1
United States,1980,1
United States,1981,1
United States,1982,1
United States,1983,1
United States,1984,1
United States,1985,1
United States,1986,1
United States,1987,1
United States,1988,1
United States,1989,1
United States,1990,1
United States,1991,1
United States,1992,1
United States,1993,1
United States,1994,1
United States,1995,1
United States,1996,1
United States,1997,1
United States,1998,1
United States,1999,1
United States,2000,1
United States,2001,1
United States,2002,1
United States,2003,1
United States,2004,1
United States,2005,1
United States,2006,1
United States,2007,1
United States,2008,1
United States,2009,1
United States,2010,1
United States,2011,1
United States,2012,1
United States,2013,1
United States,2014,1
United States,2015,1
United States,2016,1
United States,2017,1
United States,2018,1
United States,2019,1
United States,2020,1
United States,2021,1
United States,2022,1
United States,2023,1
United States,2024,1
United States,2025,1
Uruguay,1900,0
Uruguay,1901,0
Uruguay,1902,0
Uruguay,1903,0
Uruguay,1904,0
Uruguay,1905,0
Uruguay,1906,0
Uruguay,1907,0
Uruguay,1908,0
Uruguay,1909,0
Uruguay,1910,0
Uruguay,1911,0
Uruguay,1912,0
Uruguay,1913,0
Uruguay,1914,0
Uruguay,1915,0
Uruguay,1916,0
Uruguay,1917,0
Uruguay,1918,0
Uruguay,1919,0
Uruguay,1920,0
Uruguay,1921,0
Uruguay,1922,0
Uruguay,1923,1
Uruguay,1924,1
Uruguay,1925,1
Uruguay,1926,1
Uruguay,1927,1
Uruguay,1928,1
Uruguay,1929,1
Uruguay,1930,1
Uruguay,1931,1
Uruguay,1932,1
Uruguay,1933,0
Uruguay,1934,0
Uruguay,1935,0
Uruguay,1936,0
Uruguay,1937,0
Uruguay,1938,0
Uruguay,1939,1
Uruguay,1940,1
Uruguay,1941,1
Uruguay,1942,1
Uruguay,1943,1
Uruguay,1944,1
Uruguay,1945,1
Uruguay,1946,1
Uruguay,1947,1
Uruguay,1948,1
Uruguay,1949,1
Uruguay,1950,1
Uruguay,1951,1
Uruguay,1952,1
Uruguay,1953,1
Uruguay,1954,1
Uruguay,1955,1
Uruguay,1956,1
Uruguay,1957,1
Uruguay,1958,1
Uruguay,1959,1
Uruguay,1960,1
Uruguay,1961,1
Uruguay,1962,1
Uruguay,1963,1
Uruguay,1964,1
Uruguay,1965,1
Uruguay,1966,1
Uruguay,1967,1
Uruguay,1968,1
Uruguay,1969,1
Uruguay,1970,1
Uruguay,1971,1
Uruguay,1972,0
Uruguay,1973,0
Uruguay,1974,0
Uruguay,1975,0
Uruguay,1976,0
Uruguay,1977,0
Uruguay,1978,0
Uruguay,1979,0
Uruguay,1980,0
Uruguay,1981,0
Uruguay,1982,0
Uruguay,1983,0
Uruguay,1984,0
Uruguay,1985,1
Uruguay,1986,1
Uruguay,1987,1
Uruguay,1988,1
Uruguay,1989,1
Uruguay,1990,1
Uruguay,1991,1
Uruguay,1992,1
Uruguay,1993,1
Uruguay,1994,1
Uruguay,1995,1
Uruguay,1996,1
Uruguay,1997,1
Uruguay,1998,1
Uruguay,1999,1
Uruguay,2000,1
Uruguay,2001,1
Uruguay,2002,1
Uruguay,2003,1
Uruguay,2004,1
Uruguay,2005,1
Uruguay,2006,1
Uruguay,2007,1
Uruguay,2008,1
Uruguay,2009,1
Uruguay,2010,1
Uruguay,2011,1
Uruguay,2012,1
Uruguay,2013,1
Uruguay,2014,1
Uruguay,2015,1
Uruguay,2016,1
Uruguay,2017,1
Uruguay,2018,1
Uruguay,2019,1
Uruguay,2020,1
Uruguay,2021,1
Uruguay,2022,1
Uruguay,2023,1
Uruguay,2024,1
Uruguay,2025,1
Vanuatu,1900,0
Vanuatu,1901,0
Vanuatu,1902,0
Vanuatu,1903,0
Vanuatu,1904,0
Vanuatu,1905,0
Vanuatu,1906,0
Vanuatu,1907,0
Vanuatu,1908,0
Vanuatu,1909,0
Vanuatu,1910,0
Vanuatu,1911,0
Vanuatu,1912,0
Vanuatu,1913,0
Vanuatu,1914,0
Vanuatu,1915,0
Vanuatu,1916,0
Vanuatu,1917,0
Vanuatu,1918,0
Vanuatu,1919,0
Vanuatu,1920,0
Vanuatu,1921,0
Vanuatu,1922,0
Vanuatu,1923,0
Vanuatu,1924,0
Vanuatu,1925,0
Vanuatu,1926,0
Vanuatu,1927,0
Vanuatu,1928,0
Vanuatu,1929,0
Vanuatu,1930,0
Vanuatu,1931,0
Vanuatu,1932,0
Vanuatu,1933,0
Vanuatu,1934,0
Vanuatu,1935,0
Vanuatu,1936,0
Vanuatu,1937,0
Vanuatu,1938,0
Vanuatu,1939,0
Vanuatu,1940,0
Vanuatu,1941,0
Vanuatu,1942,0
Vanuatu,1943,0
Vanuatu,1944,0
Vanuatu,1945,0
Vanuatu,1946,0
Vanuatu,1947,0
Vanuatu,1948,0
Vanuatu,1949,0
Vanuatu,1950,0
Vanuatu,1951,0
Vanuatu,1952,0
Vanuatu,1953,0
Vanuatu,1954,0
Vanuatu,1955,0
Vanuatu,1956,0
Vanuatu,1957,0
Vanuatu,1958,0
Vanuatu,1959,0
Vanuatu,1960,0
Vanuatu,1961,0
Vanuatu,1962,0
Vanuatu,1963,0
Vanuatu,1964,0
Vanuatu,1965,0
Vanuatu,1966,0
Vanuatu,1967,0
Vanuatu,1968,0
Vanuatu,1969,0
Vanuatu,1970,0
Vanuatu,1971,0
Vanuatu,1972,0
Vanuatu,1973,0
Vanuatu,1974,0
Vanuatu,1975,0
Vanuatu,1976,0
Vanuatu,1977,0
Vanuatu,1978,0
Vanuatu,1979,0
Vanuatu,1980,1
Vanuatu,1981,1
Vanuatu,1982,1
Vanuatu,1983,1
Vanuatu,1984,1
Vanuatu,1985,1
Vanuatu,1986,1
Vanuatu,1987,1
Vanuatu,1988,1
Vanuatu,1989,1
Vanuatu,1990,1
Vanuatu,1991,1
Vanuatu,1992,1
Vanuatu,1993,1
Vanuatu,1994,1
Vanuatu,1995,1
Vanuatu,1996,1
Vanuatu,1997,1
Vanuatu,1998,1
Vanuatu,1999,1
Vanuatu,2000,1
Vanuatu,2001,1
Vanuatu,2002,1
Vanuatu,2003,1
Vanuatu,2004,1
Vanuatu,2005,1
Vanuatu,2006,1
Vanuatu,2007,1
Vanuatu,2008,1
Vanuatu,2009,1
Vanuatu,2010,1
Vanuatu,2011,1
Vanuatu,2012,1
Vanuatu,2013,1
Vanuatu,2014,1
Vanuatu,2015,1
Vanuatu,2016,1
Vanuatu,2017,1
Vanuatu,2018,1
Vanuatu,2019,1
Vanuatu,2020,1
Vanuatu,2021,1
Vanuatu,2022,1
Vanuatu,2023,1
Vanuatu,2024,1
Vanuatu,2025,1
Venezuela,1900,0
Venezuela,1901,0
Venezuela,1902,0
Venezuela,1903,0
Venezuela,1904,0
Venezuela,1905,0
Venezuela,1906,0
Venezuela,1907,0
Venezuela,1908,0
Venezuela,1909,0
Venezuela,1910,0
Venezuela,1911,0
Venezuela,1912,0
Venezuela,1913,0
Venezuela,1914,0
Venezuela,1915,0
Venezuela,1916,0
Venezuela,1917,0
Venezuela,1918,0
Venezuela,1919,0
Venezuela,1920,0
Venezuela,1921,0
Venezuela,1922,0
Venezuela,1923,0
Venezuela,1924,0
Venezuela,1925,0
Venezuela,1926,0
Venezuela,1927,0
Venezuela,1928,0
Venezuela,1929,0
Venezuela,1930,0
Venezuela,1931,0
Venezuela,1932,0
Venezuela,1933,0
Venezuela,1934,0
Venezuela,1935,0
Venezuela,1936,0
Venezuela,1937,0
Venezuela,1938,0
Venezuela,1939,0
Venezuela,1940,0
Venezuela,1941,0
Venezuela,1942,0
Venezuela,1943,0
Venezuela,1944,0
Venezuela,1945,0
Venezuela,1946,0
Venezuela,1947,0
Venezuela,1948,0
Venezuela,1949,0
Venezuela,1950,0
Venezuela,1951,0
Venezuela,1952,0
Venezuela,1953,0
Venezuela,1954,0
Venezuela,1955,0
Venezuela,1956,0
Venezuela,1957,0
Venezuela,1958,0
Venezuela,1959,1
Venezuela,1960,1
Venezuela,1961,1
Venezuela,1962,1
Venezuela,1963,1
Venezuela,1964,1
Venezuela,1965,1
Venezuela,1966,1
Venezuela,1967,1
Venezuela,1968,1
Venezuela,1969,1
Venezuela,1970,1
Venezuela,1971,1
Venezuela,1972,1
Venezuela,1973,1
Venezuela,1974,1
Venezuela,1975,1
Venezuela,1976,1
Venezuela,1977,1
Venezuela,1978,1
Venezuela,1979,1
Venezuela,1980,1
Venezuela,1981,1
Venezuela,1982,1
Venezuela,1983,1
Venezuela,1984,1
Venezuela,1985,1
Venezuela,1986,1
Venezuela,1987,1
Venezuela,1988,1
Venezuela,1989,1
Venezuela,1990,1
Venezuela,1991,1
Venezuela,1992,1
Venezuela,1993,1
Venezuela,1994,1
Venezuela,1995,1
Venezuela,1996,1
Venezuela,1997,1
Venezuela,1998,1
Venezuela,1999,1
Venezuela,2000,1
Venezuela,2001,1
Venezuela,2002,0
Venezuela,2003,0
Venezuela,2004,0
Venezuela,2005,0
Venezuela,2006,0
Venezuela,2007,0
Venezuela,2008,0
Venezuela,2009,0
Venezuela,2010,0
Venezuela,2011,0
Venezuela,2012,0
Venezuela,2013,0
Venezuela,2014,0
Venezuela,2015,0
Venezuela,2016,0
Venezuela,2017,0
Venezuela,2018,0
Venezuela,2019,0
Venezuela,2020,0
Venezuela,2021,0
Venezuela,2022,0
Venezuela,2023,0
Venezuela,2024,0
Venezuela,2025,0
Zanzibar,1900,0
Zanzibar,1901,0
Zanzibar,1902,0
Zanzibar,1903,0
Zanzibar,1904,0
Zanzibar,1905,0
Zanzibar,1906,0
Zanzibar,1907,0
Zanzibar,1908,0
Zanzibar,1909,0
Zanzibar,1910,0
Zanzibar,1911,0
Zanzibar,1912,0
Zanzibar,1913,0
Zanzibar,1914,0
Zanzibar,1915,0
Zanzibar,1916,0
Zanzibar,1917,0
Zanzibar,1918,0
Zanzibar,1919,0
Zanzibar,1920,0
Zanzibar,1921,0
Zanzibar,1922,0
Zanzibar,1923,0
Zanzibar,1924,0
Zanzibar,1925,0
Zanzibar,1926,0
Zanzibar,1927,0
Zanzibar,1928,0
Zanzibar,1929,0
Zanzibar,1930,0
Zanzibar,1931,0
Zanzibar,1932,0
Zanzibar,1933,0
Zanzibar,1934,0
Zanzibar,1935,0
Zanzibar,1936,0
Zanzibar,1937,0
Zanzibar,1938,0
Zanzibar,1939,0
Zanzibar,1940,0
Zanzibar,1941,0
Zanzibar,1942,0
Zanzibar,1943,0
Zanzibar,1944,0
Zanzibar,1945,0
Zanzibar,1946,0
Zanzibar,1947,0
Zanzibar,1948,0
Zanzibar,1949,0
Zanzibar,1950,0
Zanzibar,1951,0
Zanzibar,1952,0
Zanzibar,1953,0
Zanzibar,1954,0
Zanzibar,1955,0
Zanzibar,1956,0
Zanzibar,1957,0
Zanzibar,1958,0
Zanzibar,1959,0
Zanzibar,1960,0
Zanzibar,1961,0
Zanzibar,1962,0
Zanzibar,1963,0
Zanzibar,1964,0
Zanzibar,1965,0
Zanzibar,1966,0
Zanzibar,1967,0
Zanzibar,1968,0
Zanzibar,1969,0
Zanzibar,1970,0
Zanzibar,1971,0
Zanzibar,1972,0
Zanzibar,1973,0
Zanzibar,1974,0
Zanzibar,1975,0
Zanzibar,1976,0
Zanzibar,1977,0
Zanzibar,1978,0
Zanzibar,1979,0
Zanzibar,1980,0
Zanzibar,1981,0
Zanzibar,1982,0
Zanzibar,1983,0
Zanzibar,1984,0
Zanzibar,1985,0
Zanzibar,1986,0
Zanzibar,1987,0
Zanzibar,1988,0
Zanzibar,1989,0
Zanzibar,1990,0
Zanzibar,1991,0
Zanzibar,1992,0
Zanzibar,1993,0
Zanzibar,1994,0
Zanzibar,1995,0
Zanzibar,1996,0
Zanzibar,1997,0
Zanzibar,1998,0
Zanzibar,1999,0
Zanzibar,2000,0
Zanzibar,2001,0
Zanzibar,2002,0
Zanzibar,2003,0
Zanzibar,2004,0
Zanzibar,2005,0
Zanzibar,2006,0
Zanzibar,2007,0
Zanzibar,2008,0
Zanzibar,2009,0
Zanzibar,2010,0
Zanzibar,2011,0
Zanzibar,2012,0
Zanzibar,2013,0
Zanzibar,2014,0
Zanzibar,2015,0
Zanzibar,2016,0
Zanzibar,2017,0
Zanzibar,2018,0
Zanzibar,2019,0
Zanzibar,2020,0
Zanzibar,2021,0
Zanzibar,2022,0
Zanzibar,2023,0
Zanzibar,2024,0
Zanzibar,2025,0
Zimbabwe,1900,0
Zimbabwe,1901,0
Zimbabwe,1902,0
Zimbabwe,1903,0
Zimbabwe,1904,0
Zimbabwe,1905,0
Zimbabwe,1906,0
Zimbabwe,1907,0
Zimbabwe,1908,0
Zimbabwe,1909,0
Zimbabwe,1910,0
Zimbabwe,1911,0
Zimbabwe,1912,0
Zimbabwe,1913,0
Zimbabwe,1914,0
Zimbabwe,1915,0
Zimbabwe,1916,0
Zimbabwe,1917,0
Zimbabwe,1918,0
Zimbabwe,1919,0
Zimbabwe,1920,0
Zimbabwe,1921,0
Zimbabwe,1922,0
Zimbabwe,1923,0
Zimbabwe,1924,0
Zimbabwe,1925,0
Zimbabwe,1926,0
Zimbabwe,1927,0
Zimbabwe,1928,0
Zimbabwe,1929,0
Zimbabwe,1930,0
Zimbabwe,1931,0
Zimbabwe,1932,0
Zimbabwe,1933,0
Zimbabwe,1934,0
Zimbabwe,1935,0
Zimbabwe,1936,0
Zimbabwe,1937,0
Zimbabwe,1938,0
Zimbabwe,1939,0
Zimbabwe,1940,0
Zimbabwe,1941,0
Zimbabwe,1942,0
Zimbabwe,1943,0
Zimbabwe,1944,0
Zimbabwe,1945,0
Zimbabwe,1946,0
Zimbabwe,1947,0
Zimbabwe,1948,0
Zimbabwe,1949,0
Zimbabwe,1950,0
Zimbabwe,1951,0
Zimbabwe,1952,0
Zimbabwe,1953,0
Zimbabwe,1954,0
Zimbabwe,1955,0
Zimbabwe,1956,0
Zimbabwe,1957,0
Zimbabwe,1958,0
Zimbabwe,1959,0
Zimbabwe,1960,0
Zimbabwe,1961,0
Zimbabwe,1962,0
Zimbabwe,1963,0
Zimbabwe,1964,0
Zimbabwe,1965,0
Zimbabwe,1966,0
Zimbabwe,1967,0
Zimbabwe,1968,0
Zimbabwe,1969,0
Zimbabwe,1970,0
Zimbabwe,1971,0
Zimbabwe,1972,0
Zimbabwe,1973,0
Zimbabwe,1974,0
Zimbabwe,1975,0
Zimbabwe,1976,0
Zimbabwe,1977,0
Zimbabwe,1978,0
Zimbabwe,1979,0
Zimbabwe,1980,0
Zimbabwe,1981,0
Zimbabwe,1982,0
Zimbabwe,1983,0
Zimbabwe,1984,0
Zimbabwe,1985,0
Zimbabwe,1986,0
Zimbabwe,1987,0
Zimbabwe,1988,0
Zimbabwe,1989,0
Zimbabwe,1990,0
Zimbabwe,1991,0
Zimbabwe,1992,0
Zimbabwe,1993,0
Zimbabwe,1994,0
Zimbabwe,1995,0
Zimbabwe,1996,0
Zimbabwe,1997,0
Zimbabwe,1998,0
Zimbabwe,1999,0
Zimbabwe,2000,0
Zimbabwe,2001,0
Zimbabwe,2002,0
Zimbabwe,2003,0
Zimbabwe,2004,0
Zimbabwe,2005,0
Zimbabwe,2006,0
Zimbabwe,2007,0
Zimbabwe,2008,0
Zimbabwe,2009,0
Zimbabwe,2010,0
Zimbabwe,2011,0
Zimbabwe,2012,0
Zimbabwe,2013,0
Zimbabwe,2014,0
Zimbabwe,2015,0
Zimbabwe,2016,0
Zimbabwe,2017,0
Zimbabwe,2018,0
Zimbabwe,2019,0
Zimbabwe,2020,0
Zimbabwe,2021,0
Zimbabwe,2022,0
Zimbabwe,2023,0
Zimbabwe,2024,0
Zimbabwe,2025,0
