country,year,democracy
Albania,1950,0
Albania,1951,0
Albania,1952,0
Albania,1953,0
Albania,1954,0
Albania,1955,0
Albania,1956,0
Albania,1957,0
Albania,1958,0
Albania,1959,0
Albania,1960,0
Albania,1961,0
Albania,1962,0
Albania,1963,0
Albania,1964,0
Albania,1965,0
Albania,1966,0
Albania,1967,0
Albania,1968,0
Albania,1969,0
Albania,1970,0
Albania,1971,0
Albania,1972,0
Albania,1973,0
Albania,1974,0
Albania,1975,0
Albania,1976,0
Albania,1977,0
Albania,1978,0
Albania,1979,0
Albania,1980,0
Albania,1981,0
Albania,1982,0
Albania,1983,0
Albania,1984,0
Albania,1985,0
Albania,1986,0
Albania,1987,0
Albania,1988,0
Albania,1989,0
Albania,1990,0
Albania,1991,0
Albania,1992,0
Albania,1993,0
Albania,1994,0
Albania,1995,0
Albania,1996,0
Albania,1997,0
Albania,1998,0
Albania,1999,0
Albania,2000,0
Albania,2001,0
Albania,2002,0
Albania,2003,0
Albania,2004,0
Albania,2005,1
Albania,2006,1
Albania,2007,1
Albania,2008,1
Albania,2009,1
Albania,2010,1
Albania,2011,1
Albania,2012,1
Albania,2013,1
Albania,2014,1
Albania,2015,1
Albania,2016,1
Albania,2017,1
Albania,2018,1
Albania,2019,1
Albania,2020,1
Albania,2021,1
Albania,2022,1
Albania,2023,1
Albania,2024,1
Albania,2025,0
Angola,1950,0
Angola,1951,0
Angola,1952,0
Angola,1953,0
Angola,1954,0
Angola,1955,0
Angola,1956,0
Angola,1957,0
Angola,1958,0
Angola,1959,0
Angola,1960,0
Angola,1961,0
Angola,1962,0
Angola,1963,0
Angola,1964,0
Angola,1965,0
Angola,1966,0
Angola,1967,0
Angola,1968,0
Angola,1969,0
Angola,1970,0
Angola,1971,0
Angola,1972,0
Angola,1973,0
Angola,1974,0
Angola,1975,0
Angola,1976,0
Angola,1977,0
Angola,1978,0
Angola,1979,0
Angola,1980,0
Angola,1981,0
Angola,1982,0
Angola,1983,0
Angola,1984,0
Angola,1985,0
Angola,1986,0
Angola,1987,0
Angola,1988,0
Angola,1989,0
Angola,1990,0
Angola,1991,0
Angola,1992,0
Angola,1993,0
Angola,1994,0
Angola,1995,0
Angola,1996,0
Angola,1997,0
Angola,1998,0
Angola,1999,0
Angola,2000,0
Angola,2001,0
Angola,2002,0
Angola,2003,0
Angola,2004,0
Angola,2005,0
Angola,2006,0
Angola,2007,0
Angola,2008,0
Angola,2009,0
Angola,2010,0
Angola,2011,0
Angola,2012,0
Angola,2013,0
Angola,2014,0
Angola,2015,0
Angola,2016,0
Angola,2017,0
Angola,2018,0
Angola,2019,0
Angola,2020,0
Angola,2021,0
Angola,2022,0
Angola,2023,0
Angola,2024,0
Angola,2025,0
Argentina,1950,0
Argentina,1951,0
Argentina,1952,0
Argentina,1953,0
Argentina,1954,0
Argentina,1955,0
Argentina,1956,0
Argentina,1957,0
Argentina,1958,0
Argentina,1959,0
Argentina,1960,0
Argentina,1961,0
Argentina,1962,0
Argentina,1963,0
Argentina,1964,1
Argentina,1965,1
Argentina,1966,0
Argentina,1967,0
Argentina,1968,0
Argentina,1969,0
Argentina,1970,0
Argentina,1971,0
Argentina,1972,0
Argentina,1973,0
Argentina,1974,1
Argentina,1975,1
Argentina,1976,0
Argentina,1977,0
Argentina,1978,0
Argentina,1979,0
Argentina,1980,0
Argentina,1981,0
Argentina,1982,0
Argentina,1983,0
Argentina,1984,1
Argentina,1985,1
Argentina,1986,1
Argentina,1987,1
Argentina,1988,1
Argentina,1989,1
Argentina,1990,1
Argentina,1991,1
Argentina,1992,1
Argentina,1993,1
Argentina,1994,1
Argentina,1995,1
Argentina,1996,1
Argentina,1997,1
Argentina,1998,1
Argentina,1999,1
Argentina,2000,1
Argentina,2001,1
Argentina,2002,1
Argentina,2003,1
Argentina,2004,1
Argentina,2005,1
Argentina,2006,1
Argentina,2007,1
Argentina,2008,1
Argentina,2009,1
Argentina,2010,1
Argentina,2011,1
Argentina,2012,1
Argentina,2013,1
Argentina,2014,1
Argentina,2015,1
Argentina,2016,1
Argentina,2017,1
Argentina,2018,1
Argentina,2019,1
Argentina,2020,1
Argentina,2021,1
Argentina,2022,1
Argentina,2023,1
Argentina,2024,1
Argentina,2025,1
Armenia,1950,0
Armenia,1951,0
Armenia,1952,0
Armenia,1953,0
Armenia,1954,0
Armenia,1955,0
Armenia,1956,0
Armenia,1957,0
Armenia,1958,0
Armenia,1959,0
Armenia,1960,0
Armenia,1961,0
Armenia,1962,0
Armenia,1963,0
Armenia,1964,0
Armenia,1965,0
Armenia,1966,0
Armenia,1967,0
Armenia,1968,0
Armenia,1969,0
Armenia,1970,0
Armenia,1971,0
Armenia,1972,0
Armenia,1973,0
Armenia,1974,0
Armenia,1975,0
Armenia,1976,0
Armenia,1977,0
Armenia,1978,0
Armenia,1979,0
Armenia,1980,0
Armenia,1981,0
Armenia,1982,0
Armenia,1983,0
Armenia,1984,0
Armenia,1985,0
Armenia,1986,0
Armenia,1987,0
Armenia,1988,0
Armenia,1989,0
Armenia,1990,1
Armenia,1991,1
Armenia,1992,1
Armenia,1993,1
Armenia,1994,1
Armenia,1995,0
Armenia,1996,0
Armenia,1997,0
Armenia,1998,0
Armenia,1999,0
Armenia,2000,0
Armenia,2001,0
Armenia,2002,0
Armenia,2003,0
Armenia,2004,0
Armenia,2005,0
Armenia,2006,0
Armenia,2007,0
Armenia,2008,0
Armenia,2009,0
Armenia,2010,0
Armenia,2011,0
Armenia,2012,0
Armenia,2013,0
Armenia,2014,0
Armenia,2015,0
Armenia,2016,0
Armenia,2017,0
Armenia,2018,1
Armenia,2019,1
Armenia,2020,1
Armenia,2021,1
Armenia,2022,1
Armenia,2023,1
Armenia,2024,1
Armenia,2025,1
Australia,1950,1
Australia,1951,1
Australia,1952,1
Australia,1953,1
Australia,1954,1
Australia,1955,1
Australia,1956,1
Australia,1957,1
Australia,1958,1
Australia,1959,1
Australia,1960,1
Australia,1961,1
Australia,1962,1
Australia,1963,1
Australia,1964,1
Australia,1965,1
Australia,1966,1
Australia,1967,1
Australia,1968,1
Australia,1969,1
Australia,1970,1
Australia,1971,1
Australia,1972,1
Australia,1973,1
Australia,1974,1
Australia,1975,1
Australia,1976,1
Australia,1977,1
Australia,1978,1
Australia,1979,1
Australia,1980,1
Australia,1981,1
Australia,1982,1
Australia,1983,1
Australia,1984,1
Australia,1985,1
Australia,1986,1
Australia,1987,1
Australia,1988,1
Australia,1989,1
Australia,1990,1
Australia,1991,1
Australia,1992,1
Australia,1993,1
Australia,1994,1
Australia,1995,1
Australia,1996,1
Australia,1997,1
Australia,1998,1
Australia,1999,1
Australia,2000,1
Australia,2001,1
Australia,2002,1
Australia,2003,1
Australia,2004,1
Australia,2005,1
Australia,2006,1
Australia,2007,1
Australia,2008,1
Australia,2009,1
Australia,2010,1
Australia,2011,1
Australia,2012,1
Australia,2013,1
Australia,2014,1
Australia,2015,1
Australia,2016,1
Australia,2017,1
Australia,2018,1
Australia,2019,1
Australia,2020,1
Australia,2021,1
Australia,2022,1
Australia,2023,1
Australia,2024,1
Australia,2025,1
Austria,1950,1
Austria,1951,1
Austria,1952,1
Austria,1953,1
Austria,1954,1
Austria,1955,1
Austria,1956,1
Austria,1957,1
Austria,1958,1
Austria,1959,1
Austria,1960,1
Austria,1961,1
Austria,1962,1
Austria,1963,1
Austria,1964,1
Austria,1965,1
Austria,1966,1
Austria,1967,1
Austria,1968,1
Austria,1969,1
Austria,1970,1
Austria,1971,1
Austria,1972,1
Austria,1973,1
Austria,1974,1
Austria,1975,1
Austria,1976,1
Austria,1977,1
Austria,1978,1
Austria,1979,1
Austria,1980,1
Austria,1981,1
Austria,1982,1
Austria,1983,1
Austria,1984,1
Austria,1985,1
Austria,1986,1
Austria,1987,1
Austria,1988,1
Austria,1989,1
Austria,1990,1
Austria,1991,1
Austria,1992,1
Austria,1993,1
Austria,1994,1
Austria,1995,1
Austria,1996,1
Austria,1997,1
Austria,1998,1
Austria,1999,1
Austria,2000,1
Austria,2001,1
Austria,2002,1
Austria,2003,1
Austria,2004,1
Austria,2005,1
Austria,2006,1
Austria,2007,1
Austria,2008,1
Austria,2009,1
Austria,2010,1
Austria,2011,1
Austria,2012,1
Austria,2013,1
Austria,2014,1
Austria,2015,1
Austria,2016,1
Austria,2017,1
Austria,2018,1
Austria,2019,1
Austria,2020,1
Austria,2021,1
Austria,2022,1
Austria,2023,1
Austria,2024,1
Austria,2025,1
Azerbaijan,1950,0
Azerbaijan,1951,0
Azerbaijan,1952,0
Azerbaijan,1953,0
Azerbaijan,1954,0
Azerbaijan,1955,0
Azerbaijan,1956,0
Azerbaijan,1957,0
Azerbaijan,1958,0
Azerbaijan,1959,0
Azerbaijan,1960,0
Azerbaijan,1961,0
Azerbaijan,1962,0
Azerbaijan,1963,0
Azerbaijan,1964,0
Azerbaijan,1965,0
Azerbaijan,1966,0
Azerbaijan,1967,0
Azerbaijan,1968,0
Azerbaijan,1969,0
Azerbaijan,1970,0
Azerbaijan,1971,0
Azerbaijan,1972,0
Azerbaijan,1973,0
Azerbaijan,1974,0
Azerbaijan,1975,0
Azerbaijan,1976,0
Azerbaijan,1977,0
Azerbaijan,1978,0
Azerbaijan,1979,0
Azerbaijan,1980,0
Azerbaijan,1981,0
Azerbaijan,1982,0
Azerbaijan,1983,0
Azerbaijan,1984,0
Azerbaijan,1985,0
Azerbaijan,1986,0
Azerbaijan,1987,0
Azerbaijan,1988,0
Azerbaijan,1989,0
Azerbaijan,1990,0
Azerbaijan,1991,0
Azerbaijan,1992,0
Azerbaijan,1993,0
Azerbaijan,1994,0
Azerbaijan,1995,0
Azerbaijan,1996,0
Azerbaijan,1997,0
Azerbaijan,1998,0
Azerbaijan,1999,0
Azerbaijan,2000,0
Azerbaijan,2001,0
Azerbaijan,2002,0
Azerbaijan,2003,0
Azerbaijan,2004,0
Azerbaijan,2005,0
Azerbaijan,2006,0
Azerbaijan,2007,0
Azerbaijan,2008,0
Azerbaijan,2009,0
Azerbaijan,2010,0
Azerbaijan,2011,0
Azerbaijan,2012,0
Azerbaijan,2013,0
Azerbaijan,2014,0
Azerbaijan,2015,0
Azerbaijan,2016,0
Azerbaijan,2017,0
Azerbaijan,2018,0
Azerbaijan,2019,0
Azerbaijan,2020,0
Azerbaijan,2021,0
Azerbaijan,2022,0
Azerbaijan,2023,0
Azerbaijan,2024,0
Azerbaijan,2025,0
Bahrain,1950,0
Bahrain,1951,0
Bahrain,1952,0
Bahrain,1953,0
Bahrain,1954,0
Bahrain,1955,0
Bahrain,1956,0
Bahrain,1957,0
Bahrain,1958,0
Bahrain,1959,0
Bahrain,1960,0
Bahrain,1961,0
Bahrain,1962,0
Bahrain,1963,0
Bahrain,1964,0
Bahrain,1965,0
Bahrain,1966,0
Bahrain,1967,0
Bahrain,1968,0
Bahrain,1969,0
Bahrain,1970,0
Bahrain,1971,0
Bahrain,1972,0
Bahrain,1973,0
Bahrain,1974,0
Bahrain,1975,0
Bahrain,1976,0
Bahrain,1977,0
Bahrain,1978,0
Bahrain,1979,0
Bahrain,1980,0
Bahrain,1981,0
Bahrain,1982,0
Bahrain,1983,0
Bahrain,1984,0
Bahrain,1985,0
Bahrain,1986,0
Bahrain,1987,0
Bahrain,1988,0
Bahrain,1989,0
Bahrain,1990,0
Bahrain,1991,0
Bahrain,1992,0
Bahrain,1993,0
Bahrain,1994,0
Bahrain,1995,0
Bahrain,1996,0
Bahrain,1997,0
Bahrain,1998,0
Bahrain,1999,0
Bahrain,2000,0
Bahrain,2001,0
Bahrain,2002,0
Bahrain,2003,0
Bahrain,2004,0
Bahrain,2005,0
Bahrain,2006,0
Bahrain,2007,0
Bahrain,2008,0
Bahrain,2009,0
Bahrain,2010,0
Bahrain,2011,0
Bahrain,2012,0
Bahrain,2013,0
Bahrain,2014,0
Bahrain,2015,0
Bahrain,2016,0
Bahrain,2017,0
Bahrain,2018,0
Bahrain,2019,0
Bahrain,2020,0
Bahrain,2021,0
Bahrain,2022,0
Bahrain,2023,0
Bahrain,2024,0
Bahrain,2025,0
Barbados,1950,0
Barbados,1951,0
Barbados,1952,0
Barbados,1953,0
Barbados,1954,0
Barbados,1955,0
Barbados,1956,0
Barbados,1957,0
Barbados,1958,0
Barbados,1959,0
Barbados,1960,1
Barbados,1961,1
Barbados,1962,1
Barbados,1963,1
Barbados,1964,1
Barbados,1965,1
Barbados,1966,1
Barbados,1967,1
Barbados,1968,1
Barbados,1969,1
Barbados,1970,1
Barbados,1971,1
Barbados,1972,1
Barbados,1973,1
Barbados,1974,1
Barbados,1975,1
Barbados,1976,1
Barbados,1977,1
Barbados,1978,1
Barbados,1979,1
Barbados,1980,1
Barbados,1981,1
Barbados,1982,1
Barbados,1983,1
Barbados,1984,1
Barbados,1985,1
Barbados,1986,1
Barbados,1987,1
Barbados,1988,1
Barbados,1989,1
Barbados,1990,1
Barbados,1991,1
Barbados,1992,1
Barbados,1993,1
Barbados,1994,1
Barbados,1995,1
Barbados,1996,1
Barbados,1997,1
Barbados,1998,1
Barbados,1999,1
Barbados,2000,1
Barbados,2001,1
Barbados,2002,1
Barbados,2003,1
Barbados,2004,1
Barbados,2005,1
Barbados,2006,1
Barbados,2007,1
Barbados,2008,1
Barbados,2009,1
Barbados,2010,1
Barbados,2011,1
Barbados,2012,1
Barbados,2013,1
Barbados,2014,1
Barbados,2015,1
Barbados,2016,1
Barbados,2017,1
Barbados,2018,1
Barbados,2019,1
Barbados,2020,1
Barbados,2021,1
Barbados,2022,1
Barbados,2023,1
Barbados,2024,1
Barbados,2025,1
Belarus,1950,0
Belarus,1951,0
Belarus,1952,0
Belarus,1953,0
Belarus,1954,0
Belarus,1955,0
Belarus,1956,0
Belarus,1957,0
Belarus,1958,0
Belarus,1959,0
Belarus,1960,0
Belarus,1961,0
Belarus,1962,0
Belarus,1963,0
Belarus,1964,0
Belarus,1965,0
Belarus,1966,0
Belarus,1967,0
Belarus,1968,0
Belarus,1969,0
Belarus,1970,0
Belarus,1971,0
Belarus,1972,0
Belarus,1973,0
Belarus,1974,0
Belarus,1975,0
Belarus,1976,0
Belarus,1977,0
Belarus,1978,0
Belarus,1979,0
Belarus,1980,0
Belarus,1981,0
Belarus,1982,0
Belarus,1983,0
Belarus,1984,0
Belarus,1985,0
Belarus,1986,0
Belarus,1987,0
Belarus,1988,0
Belarus,1989,0
Belarus,1990,0
Belarus,1991,0
Belarus,1992,1
Belarus,1993,1
Belarus,1994,1
Belarus,1995,1
Belarus,1996,0
Belarus,1997,0
Belarus,1998,0
Belarus,1999,0
Belarus,2000,0
Belarus,2001,0
Belarus,2002,0
Belarus,2003,0
Belarus,2004,0
Belarus,2005,0
Belarus,2006,0
Belarus,2007,0
Belarus,2008,0
Belarus,2009,0
Belarus,2010,0
Belarus,2011,0
Belarus,2012,0
Belarus,2013,0
Belarus,2014,0
Belarus,2015,0
Belarus,2016,0
Belarus,2017,0
Belarus,2018,0
Belarus,2019,0
Belarus,2020,0
Belarus,2021,0
Belarus,2022,0
Belarus,2023,0
Belarus,2024,0
Belarus,2025,0
Belgium,1950,1
Belgium,1951,1
Belgium,1952,1
Belgium,1953,1
Belgium,1954,1
Belgium,1955,1
Belgium,1956,1
Belgium,1957,1
Belgium,1958,1
Belgium,1959,1
Belgium,1960,1
Belgium,1961,1
Belgium,1962,1
Belgium,1963,1
Belgium,1964,1
Belgium,1965,1
Belgium,1966,1
Belgium,1967,1
Belgium,1968,1
Belgium,1969,1
Belgium,1970,1
Belgium,1971,1
Belgium,1972,1
Belgium,1973,1
Belgium,1974,1
Belgium,1975,1
Belgium,1976,1
Belgium,1977,1
Belgium,1978,1
Belgium,1979,1
Belgium,1980,1
Belgium,1981,1
Belgium,1982,1
Belgium,1983,1
Belgium,1984,1
Belgium,1985,1
Belgium,1986,1
Belgium,1987,1
Belgium,1988,1
Belgium,1989,1
Belgium,1990,1
Belgium,1991,1
Belgium,1992,1
Belgium,1993,1
Belgium,1994,1
Belgium,1995,1
Belgium,1996,1
Belgium,1997,1
Belgium,1998,1
Belgium,1999,1
Belgium,2000,1
Belgium,2001,1
Belgium,2002,1
Belgium,2003,1
Belgium,2004,1
Belgium,2005,1
Belgium,2006,1
Belgium,2007,1
Belgium,2008,1
Belgium,2009,1
Belgium,2010,1
Belgium,2011,1
Belgium,2012,1
Belgium,2013,1
Belgium,2014,1
Belgium,2015,1
Belgium,2016,1
Belgium,2017,1
Belgium,2018,1
Belgium,2019,1
Belgium,2020,1
Belgium,2021,1
Belgium,2022,1
Belgium,2023,1
Belgium,2024,1
Belgium,2025,1
Bhutan,1950,0
Bhutan,1951,0
Bhutan,1952,0
Bhutan,1953,0
Bhutan,1954,0
Bhutan,1955,0
Bhutan,1956,0
Bhutan,1957,0
Bhutan,1958,0
Bhutan,1959,0
Bhutan,1960,0
Bhutan,1961,0
Bhutan,1962,0
Bhutan,1963,0
Bhutan,1964,0
Bhutan,1965,0
Bhutan,1966,0
Bhutan,1967,0
Bhutan,1968,0
Bhutan,1969,0
Bhutan,1970,0
Bhutan,1971,0
Bhutan,1972,0
Bhutan,1973,0
Bhutan,1974,0
Bhutan,1975,0
Bhutan,1976,0
Bhutan,1977,0
Bhutan,1978,0
Bhutan,1979,0
Bhutan,1980,0
Bhutan,1981,0
Bhutan,1982,0
Bhutan,1983,0
Bhutan,1984,0
Bhutan,1985,0
Bhutan,1986,0
Bhutan,1987,0
Bhutan,1988,0
Bhutan,1989,0
Bhutan,1990,0
Bhutan,1991,0
Bhutan,1992,0
Bhutan,1993,0
Bhutan,1994,0
Bhutan,1995,0
Bhutan,1996,0
Bhutan,1997,0
Bhutan,1998,0
Bhutan,1999,0
Bhutan,2000,0
Bhutan,2001,0
Bhutan,2002,0
Bhutan,2003,0
Bhutan,2004,0
Bhutan,2005,0
Bhutan,2006,0
Bhutan,2007,0
Bhutan,2008,0
Bhutan,2009,1
Bhutan,2010,1
Bhutan,2011,1
Bhutan,2012,1
Bhutan,2013,1
Bhutan,2014,1
Bhutan,2015,1
Bhutan,2016,1
Bhutan,2017,1
Bhutan,2018,1
Bhutan,2019,1
Bhutan,2020,1
Bhutan,2021,1
Bhutan,2022,1
Bhutan,2023,1
Bhutan,2024,1
Bhutan,2025,1
Bolivia,1950,0
Bolivia,1951,0
Bolivia,1952,0
Bolivia,1953,0
Bolivia,1954,0
Bolivia,1955,0
Bolivia,1956,0
Bolivia,1957,0
Bolivia,1958,0
Bolivia,1959,0
Bolivia,1960,0
Bolivia,1961,0
Bolivia,1962,0
Bolivia,1963,0
Bolivia,1964,0
Bolivia,1965,0
Bolivia,1966,0
Bolivia,1967,0
Bolivia,1968,0
Bolivia,1969,0
Bolivia,1970,0
Bolivia,1971,0
Bolivia,1972,0
Bolivia,1973,0
Bolivia,1974,0
Bolivia,1975,0
Bolivia,1976,0
Bolivia,1977,0
Bolivia,1978,0
Bolivia,1979,0
Bolivia,1980,0
Bolivia,1981,0
Bolivia,1982,0
Bolivia,1983,0
Bolivia,1984,0
Bolivia,1985,0
Bolivia,1986,1
Bolivia,1987,1
Bolivia,1988,1
Bolivia,1989,1
Bolivia,1990,1
Bolivia,1991,1
Bolivia,1992,1
Bolivia,1993,1
Bolivia,1994,1
Bolivia,1995,1
Bolivia,1996,1
Bolivia,1997,1
Bolivia,1998,1
Bolivia,1999,1
Bolivia,2000,1
Bolivia,2001,1
Bolivia,2002,1
Bolivia,2003,1
Bolivia,2004,1
Bolivia,2005,1
Bolivia,2006,1
Bolivia,2007,1
Bolivia,2008,1
Bolivia,2009,1
Bolivia,2010,1
Bolivia,2011,1
Bolivia,2012,1
Bolivia,2013,1
Bolivia,2014,1
Bolivia,2015,1
Bolivia,2016,1
Bolivia,2017,1
Bolivia,2018,1
Bolivia,2019,0
Bolivia,2020,0
Bolivia,2021,1
Bolivia,2022,1
Bolivia,2023,1
Bolivia,2024,1
Bolivia,2025,1
Bosnia and Herzegovina,1950,0
Bosnia and Herzegovina,1951,0
Bosnia and Herzegovina,1952,0
Bosnia and Herzegovina,1953,0
Bosnia and Herzegovina,1954,0
Bosnia and Herzegovina,1955,0
Bosnia and Herzegovina,1956,0
Bosnia and Herzegovina,1957,0
Bosnia and Herzegovina,1958,0
Bosnia and Herzegovina,1959,0
Bosnia and Herzegovina,1960,0
Bosnia and Herzegovina,1961,0
Bosnia and Herzegovina,1962,0
Bosnia and Herzegovina,1963,0
Bosnia and Herzegovina,1964,0
Bosnia and Herzegovina,1965,0
Bosnia and Herzegovina,1966,0
Bosnia and Herzegovina,1967,0
Bosnia and Herzegovina,1968,0
Bosnia and Herzegovina,1969,0
Bosnia and Herzegovina,1970,0
Bosnia and Herzegovina,1971,0
Bosnia and Herzegovina,1972,0
Bosnia and Herzegovina,1973,0
Bosnia and Herzegovina,1974,0
Bosnia and Herzegovina,1975,0
Bosnia and Herzegovina,1976,0
Bosnia and Herzegovina,1977,0
Bosnia and Herzegovina,1978,0
Bosnia and Herzegovina,1979,0
Bosnia and Herzegovina,1980,0
Bosnia and Herzegovina,1981,0
Bosnia and Herzegovina,1982,0
Bosnia and Herzegovina,1983,0
Bosnia and Herzegovina,1984,0
Bosnia and Herzegovina,1985,0
Bosnia and Herzegovina,1986,0
Bosnia and Herzegovina,1987,0
Bosnia and Herzegovina,1988,0
Bosnia and Herzegovina,1989,0
Bosnia and Herzegovina,1990,0
Bosnia and Herzegovina,1991,0
Bosnia and Herzegovina,1992,0
Bosnia and Herzegovina,1993,0
Bosnia and Herzegovina,1994,0
Bosnia and Herzegovina,1995,0
Bosnia and Herzegovina,1996,0
Bosnia and Herzegovina,1997,1
Bosnia and Herzegovina,1998,1
Bosnia and Herzegovina,1999,1
Bosnia and Herzegovina,2000,1
Bosnia and Herzegovina,2001,1
Bosnia and Herzegovina,2002,1
Bosnia and Herzegovina,2003,1
Bosnia and Herzegovina,2004,1
Bosnia and Herzegovina,2005,1
Bosnia and Herzegovina,2006,1
Bosnia and Herzegovina,2007,1
Bosnia and Herzegovina,2008,1
Bosnia and Herzegovina,2009,1
Bosnia and Herzegovina,2010,1
Bosnia and Herzegovina,2011,1
Bosnia and Herzegovina,2012,1
Bosnia and Herzegovina,2013,1
Bosnia and Herzegovina,2014,1
Bosnia and Herzegovina,2015,1
Bosnia and Herzegovina,2016,1
Bosnia and Herzegovina,2017,1
Bosnia and Herzegovina,2018,1
Bosnia and Herzegovina,2019,1
Bosnia and Herzegovina,2020,1
Bosnia and Herzegovina,2021,1
Bosnia and Herzegovina,2022,1
Bosnia and Herzegovina,2023,1
Bosnia and Herzegovina,2024,1
Bosnia and Herzegovina,2025,0
Botswana,1950,0
Botswana,1951,0
Botswana,1952,0
Botswana,1953,0
Botswana,1954,0
Botswana,1955,0
Botswana,1956,0
Botswana,1957,0
Botswana,1958,0
Botswana,1959,0
Botswana,1960,0
Botswana,1961,0
Botswana,1962,0
Botswana,1963,0
Botswana,1964,0
Botswana,1965,0
Botswana,1966,0
Botswana,1967,1
Botswana,1968,1
Botswana,1969,1
Botswana,1970,1
Botswana,1971,1
Botswana,1972,1
Botswana,1973,1
Botswana,1974,1
Botswana,1975,1
Botswana,1976,1
Botswana,1977,1
Botswana,1978,1
Botswana,1979,1
Botswana,1980,1
Botswana,1981,1
Botswana,1982,1
Botswana,1983,1
Botswana,1984,1
Botswana,1985,1
Botswana,1986,1
Botswana,1987,1
Botswana,1988,1
Botswana,1989,1
Botswana,1990,1
Botswana,1991,1
Botswana,1992,1
Botswana,1993,1
Botswana,1994,1
Botswana,1995,1
Botswana,1996,1
Botswana,1997,1
Botswana,1998,1
Botswana,1999,1
Botswana,2000,1
Botswana,2001,1
Botswana,2002,1
Botswana,2003,1
Botswana,2004,1
Botswana,2005,1
Botswana,2006,1
Botswana,2007,1
Botswana,2008,1
Botswana,2009,1
Botswana,2010,1
Botswana,2011,1
Botswana,2012,1
Botswana,2013,1
Botswana,2014,1
Botswana,2015,1
Botswana,2016,1
Botswana,2017,1
Botswana,2018,1
Botswana,2019,1
Botswana,2020,1
Botswana,2021,1
Botswana,2022,1
Botswana,2023,1
Botswana,2024,1
Botswana,2025,1
Brazil,1950,0
Brazil,1951,0
Brazil,1952,0
Brazil,1953,0
Brazil,1954,0
Brazil,1955,0
Brazil,1956,0
Brazil,1957,0
Brazil,1958,0
Brazil,1959,0
Brazil,1960,0
Brazil,1961,0
Brazil,1962,0
Brazil,1963,0
Brazil,1964,0
Brazil,1965,0
Brazil,1966,0
Brazil,1967,0
Brazil,1968,0
Brazil,1969,0
Brazil,1970,0
Brazil,1971,0
Brazil,1972,0
Brazil,1973,0
Brazil,1974,0
Brazil,1975,0
Brazil,1976,0
Brazil,1977,0
Brazil,1978,0
Brazil,1979,0
Brazil,1980,0
Brazil,1981,0
Brazil,1982,0
Brazil,1983,0
Brazil,1984,0
Brazil,1985,0
Brazil,1986,0
Brazil,1987,1
Brazil,1988,1
Brazil,1989,1
Brazil,1990,1
Brazil,1991,1
Brazil,1992,1
Brazil,1993,1
Brazil,1994,1
Brazil,1995,1
Brazil,1996,1
Brazil,1997,1
Brazil,1998,1
Brazil,1999,1
Brazil,2000,1
Brazil,2001,1
Brazil,2002,1
Brazil,2003,1
Brazil,2004,1
Brazil,2005,1
Brazil,2006,1
Brazil,2007,1
Brazil,2008,1
Brazil,2009,1
Brazil,2010,1
Brazil,2011,1
Brazil,2012,1
Brazil,2013,1
Brazil,2014,1
Brazil,2015,1
Brazil,2016,1
Brazil,2017,1
Brazil,2018,1
Brazil,2019,1
Brazil,2020,1
Brazil,2021,1
Brazil,2022,1
Brazil,2023,1
Brazil,2024,1
Brazil,2025,1
Bulgaria,1950,0
Bulgaria,1951,0
Bulgaria,1952,0
Bulgaria,1953,0
Bulgaria,1954,0
Bulgaria,1955,0
Bulgaria,1956,0
Bulgaria,1957,0
Bulgaria,1958,0
Bulgaria,1959,0
Bulgaria,1960,0
Bulgaria,1961,0
Bulgaria,1962,0
Bulgaria,1963,0
Bulgaria,1964,0
Bulgaria,1965,0
Bulgaria,1966,0
Bulgaria,1967,0
Bulgaria,1968,0
Bulgaria,1969,0
Bulgaria,1970,0
Bulgaria,1971,0
Bulgaria,1972,0
Bulgaria,1973,0
Bulgaria,1974,0
Bulgaria,1975,0
Bulgaria,1976,0
Bulgaria,1977,0
Bulgaria,1978,0
Bulgaria,1979,0
Bulgaria,1980,0
Bulgaria,1981,0
Bulgaria,1982,0
Bulgaria,1983,0
Bulgaria,1984,0
Bulgaria,1985,0
Bulgaria,1986,0
Bulgaria,1987,0
Bulgaria,1988,0
Bulgaria,1989,0
Bulgaria,1990,1
Bulgaria,1991,1
Bulgaria,1992,1
Bulgaria,1993,1
Bulgaria,1994,1
Bulgaria,1995,1
Bulgaria,1996,1
Bulgaria,1997,1
Bulgaria,1998,1
Bulgaria,1999,1
Bulgaria,2000,1
Bulgaria,2001,1
Bulgaria,2002,1
Bulgaria,2003,1
Bulgaria,2004,1
Bulgaria,2005,1
Bulgaria,2006,1
Bulgaria,2007,1
Bulgaria,2008,1
Bulgaria,2009,1
Bulgaria,2010,1
Bulgaria,2011,1
Bulgaria,2012,1
Bulgaria,2013,1
Bulgaria,2014,1
Bulgaria,2015,1
Bulgaria,2016,1
Bulgaria,2017,1
Bulgaria,2018,1
Bulgaria,2019,1
Bulgaria,2020,1
Bulgaria,2021,1
Bulgaria,2022,1
Bulgaria,2023,1
Bulgaria,2024,1
Bulgaria,2025,1
Burundi,1950,0
Burundi,1951,0
Burundi,1952,0
Burundi,1953,0
Burundi,1954,0
Burundi,1955,0
Burundi,1956,0
Burundi,1957,0
Burundi,1958,0
Burundi,1959,0
Burundi,1960,0
Burundi,1961,0
Burundi,1962,0
Burundi,1963,0
Burundi,1964,0
Burundi,1965,0
Burundi,1966,0
Burundi,1967,0
Burundi,1968,0
Burundi,1969,0
Burundi,1970,0
Burundi,1971,0
Burundi,1972,0
Burundi,1973,0
Burundi,1974,0
Burundi,1975,0
Burundi,1976,0
Burundi,1977,0
Burundi,1978,0
Burundi,1979,0
Burundi,1980,0
Burundi,1981,0
Burundi,1982,0
Burundi,1983,0
Burundi,1984,0
Burundi,1985,0
Burundi,1986,0
Burundi,1987,0
Burundi,1988,0
Burundi,1989,0
Burundi,1990,0
Burundi,1991,0
Burundi,1992,0
Burundi,1993,0
Burundi,1994,0
Burundi,1995,0
Burundi,1996,0
Burundi,1997,0
Burundi,1998,0
Burundi,1999,0
Burundi,2000,0
Burundi,2001,0
Burundi,2002,0
Burundi,2003,0
Burundi,2004,0
Burundi,2005,0
Burundi,2006,0
Burundi,2007,0
Burundi,2008,0
Burundi,2009,0
Burundi,2010,0
Burundi,2011,0
Burundi,2012,0
Burundi,2013,0
Burundi,2014,0
Burundi,2015,0
Burundi,2016,0
Burundi,2017,0
Burundi,2018,0
Burundi,2019,0
Burundi,2020,0
Burundi,2021,0
Burundi,2022,0
Burundi,2023,0
Burundi,2024,0
Burundi,2025,0
Cambodia,1950,0
Cambodia,1951,0
Cambodia,1952,0
Cambodia,1953,0
Cambodia,1954,0
Cambodia,1955,0
Cambodia,1956,0
Cambodia,1957,0
Cambodia,1958,0
Cambodia,1959,0
Cambodia,1960,0
Cambodia,1961,0
Cambodia,1962,0
Cambodia,1963,0
Cambodia,1964,0
Cambodia,1965,0
Cambodia,1966,0
Cambodia,1967,0
Cambodia,1968,0
Cambodia,1969,0
Cambodia,1970,0
Cambodia,1971,0
Cambodia,1972,0
Cambodia,1973,0
Cambodia,1974,0
Cambodia,1975,0
Cambodia,1976,0
Cambodia,1977,0
Cambodia,1978,0
Cambodia,1979,0
Cambodia,1980,0
Cambodia,1981,0
Cambodia,1982,0
Cambodia,1983,0
Cambodia,1984,0
Cambodia,1985,0
Cambodia,1986,0
Cambodia,1987,0
Cambodia,1988,0
Cambodia,1989,0
Cambodia,1990,0
Cambodia,1991,0
Cambodia,1992,0
Cambodia,1993,0
Cambodia,1994,0
Cambodia,1995,0
Cambodia,1996,0
Cambodia,1997,0
Cambodia,1998,0
Cambodia,1999,0
Cambodia,2000,0
Cambodia,2001,0
Cambodia,2002,0
Cambodia,2003,0
Cambodia,2004,0
Cambodia,2005,0
Cambodia,2006,0
Cambodia,2007,0
Cambodia,2008,0
Cambodia,2009,0
Cambodia,2010,0
Cambodia,2011,0
Cambodia,2012,0
Cambodia,2013,0
Cambodia,2014,0
Cambodia,2015,0
Cambodia,2016,0
Cambodia,2017,0
Cambodia,2018,0
Cambodia,2019,0
Cambodia,2020,0
Cambodia,2021,0
Cambodia,2022,0
Cambodia,2023,0
Cambodia,2024,0
Cambodia,2025,0
Canada,1950,1
Canada,1951,1
Canada,1952,1
Canada,1953,1
Canada,1954,1
Canada,1955,1
Canada,1956,1
Canada,1957,1
Canada,1958,1
Canada,1959,1
Canada,1960,1
Canada,1961,1
Canada,1962,1
Canada,1963,1
Canada,1964,1
Canada,1965,1
Canada,1966,1
Canada,1967,1
Canada,1968,1
Canada,1969,1
Canada,1970,1
Canada,1971,1
Canada,1972,1
Canada,1973,1
Canada,1974,1
Canada,1975,1
Canada,1976,1
Canada,1977,1
Canada,1978,1
Canada,1979,1
Canada,1980,1
Canada,1981,1
Canada,1982,1
Canada,1983,1
Canada,1984,1
Canada,1985,1
Canada,1986,1
Canada,1987,1
Canada,1988,1
Canada,1989,1
Canada,1990,1
Canada,1991,1
Canada,1992,1
Canada,1993,1
Canada,1994,1
Canada,1995,1
Canada,1996,1
Canada,1997,1
Canada,1998,1
Canada,1999,1
Canada,2000,1
Canada,2001,1
Canada,2002,1
Canada,2003,1
Canada,2004,1
Canada,2005,1
Canada,2006,1
Canada,2007,1
Canada,2008,1
Canada,2009,1
Canada,2010,1
Canada,2011,1
Canada,2012,1
Canada,2013,1
Canada,2014,1
Canada,2015,1
Canada,2016,1
Canada,2017,1
Canada,2018,1
Canada,2019,1
Canada,2020,1
Canada,2021,1
Canada,2022,1
Canada,2023,1
Canada,2024,1
Canada,2025,1
Cape Verde,1950,0
Cape Verde,1951,0
Cape Verde,1952,0
Cape Verde,1953,0
Cape Verde,1954,0
Cape Verde,1955,0
Cape Verde,1956,0
Cape Verde,1957,0
Cape Verde,1958,0
Cape Verde,1959,0
Cape Verde,1960,0
Cape Verde,1961,0
Cape Verde,1962,0
Cape Verde,1963,0
Cape Verde,1964,0
Cape Verde,1965,0
Cape Verde,1966,0
Cape Verde,1967,0
Cape Verde,1968,0
Cape Verde,1969,0
Cape Verde,1970,0
Cape Verde,1971,0
Cape Verde,1972,0
Cape Verde,1973,0
Cape Verde,1974,0
Cape Verde,1975,0
Cape Verde,1976,0
Cape Verde,1977,0
Cape Verde,1978,0
Cape Verde,1979,0
Cape Verde,1980,0
Cape Verde,1981,0
Cape Verde,1982,0
Cape Verde,1983,0
Cape Verde,1984,0
Cape Verde,1985,0
Cape Verde,1986,0
Cape Verde,1987,0
Cape Verde,1988,0
Cape Verde,1989,0
Cape Verde,1990,0
Cape Verde,1991,1
Cape Verde,1992,1
Cape Verde,1993,1
Cape Verde,1994,1
Cape Verde,1995,1
Cape Verde,1996,1
Cape Verde,1997,1
Cape Verde,1998,1
Cape Verde,1999,1
Cape Verde,2000,1
Cape Verde,2001,1
Cape Verde,2002,1
Cape Verde,2003,1
Cape Verde,2004,1
Cape Verde,2005,1
Cape Verde,2006,1
Cape Verde,2007,1
Cape Verde,2008,1
Cape Verde,2009,1
Cape Verde,2010,1
Cape Verde,2011,1
Cape Verde,2012,1
Cape Verde,2013,1
Cape Verde,2014,1
Cape Verde,2015,1
Cape Verde,2016,1
Cape Verde,2017,1
Cape Verde,2018,1
Cape Verde,2019,1
Cape Verde,2020,1
Cape Verde,2021,1
Cape Verde,2022,1
Cape Verde,2023,1
Cape Verde,2024,1
Cape Verde,2025,1
Chile,1950,0
Chile,1951,0
Chile,1952,0
Chile,1953,0
Chile,1954,0
Chile,1955,0
Chile,1956,0
Chile,1957,0
Chile,1958,0
Chile,1959,1
Chile,1960,1
Chile,1961,1
Chile,1962,1
Chile,1963,1
Chile,1964,1
Chile,1965,1
Chile,1966,1
Chile,1967,1
Chile,1968,1
Chile,1969,1
Chile,1970,1
Chile,1971,1
Chile,1972,1
Chile,1973,0
Chile,1974,0
Chile,1975,0
Chile,1976,0
Chile,1977,0
Chile,1978,0
Chile,1979,0
Chile,1980,0
Chile,1981,0
Chile,1982,0
Chile,1983,0
Chile,1984,0
Chile,1985,0
Chile,1986,0
Chile,1987,0
Chile,1988,0
Chile,1989,0
Chile,1990,1
Chile,1991,1
Chile,1992,1
Chile,1993,1
Chile,1994,1
Chile,1995,1
Chile,1996,1
Chile,1997,1
Chile,1998,1
Chile,1999,1
Chile,2000,1
Chile,2001,1
Chile,2002,1
Chile,2003,1
Chile,2004,1
Chile,2005,1
Chile,2006,1
Chile,2007,1
Chile,2008,1
Chile,2009,1
Chile,2010,1
Chile,2011,1
Chile,2012,1
Chile,2013,1
Chile,2014,1
Chile,2015,1
Chile,2016,1
Chile,2017,1
Chile,2018,1
Chile,2019,1
Chile,2020,1
Chile,2021,1
Chile,2022,1
Chile,2023,1
Chile,2024,1
Chile,2025,1
China,1950,0
China,1951,0
China,1952,0
China,1953,0
China,1954,0
China,1955,0
China,1956,0
China,1957,0
China,1958,0
China,1959,0
China,1960,0
China,1961,0
China,1962,0
China,1963,0
China,1964,0
China,1965,0
China,1966,0
China,1967,0
China,1968,0
China,1969,0
China,1970,0
China,1971,0
China,1972,0
China,1973,0
China,1974,0
China,1975,0
China,1976,0
China,1977,0
China,1978,0
China,1979,0
China,1980,0
China,1981,0
China,1982,0
China,1983,0
China,1984,0
China,1985,0
China,1986,0
China,1987,0
China,1988,0
China,1989,0
China,1990,0
China,1991,0
China,1992,0
China,1993,0
China,1994,0
China,1995,0
China,1996,0
China,1997,0
China,1998,0
China,1999,0
China,2000,0
China,2001,0
China,2002,0
China,2003,0
China,2004,0
China,2005,0
China,2006,0
China,2007,0
China,2008,0
China,2009,0
China,2010,0
China,2011,0
China,2012,0
China,2013,0
China,2014,0
China,2015,0
China,2016,0
China,2017,0
China,2018,0
China,2019,0
China,2020,0
China,2021,0
China,2022,0
China,2023,0
China,2024,0
China,2025,0
Colombia,1950,0
Colombia,1951,0
Colombia,1952,0
Colombia,1953,0
Colombia,1954,0
Colombia,1955,0
Colombia,1956,0
Colombia,1957,0
Colombia,1958,0
Colombia,1959,0
Colombia,1960,0
Colombia,1961,0
Colombia,1962,0
Colombia,1963,0
Colombia,1964,0
Colombia,1965,0
Colombia,1966,0
Colombia,1967,0
Colombia,1968,0
Colombia,1969,0
Colombia,1970,0
Colombia,1971,0
Colombia,1972,0
Colombia,1973,0
Colombia,1974,0
Colombia,1975,0
Colombia,1976,0
Colombia,1977,0
Colombia,1978,0
Colombia,1979,0
Colombia,1980,0
Colombia,1981,0
Colombia,1982,0
Colombia,1983,0
Colombia,1984,0
Colombia,1985,0
Colombia,1986,0
Colombia,1987,0
Colombia,1988,0
Colombia,1989,0
Colombia,1990,0
Colombia,1991,1
Colombia,1992,1
Colombia,1993,1
Colombia,1994,1
Colombia,1995,1
Colombia,1996,1
Colombia,1997,1
Colombia,1998,1
Colombia,1999,1
Colombia,2000,1
Colombia,2001,1
Colombia,2002,1
Colombia,2003,1
Colombia,2004,1
Colombia,2005,1
Colombia,2006,1
Colombia,2007,1
Colombia,2008,1
Colombia,2009,1
Colombia,2010,1
Colombia,2011,1
Colombia,2012,1
Colombia,2013,1
Colombia,2014,1
Colombia,2015,1
Colombia,2016,1
Colombia,2017,1
Colombia,2018,1
Colombia,2019,1
Colombia,2020,1
Colombia,2021,1
Colombia,2022,1
Colombia,2023,1
Colombia,2024,1
Colombia,2025,1
Congo,1950,0
Congo,1951,0
Congo,1952,0
Congo,1953,0
Congo,1954,0
Congo,1955,0
Congo,1956,0
Congo,1957,0
Congo,1958,0
Congo,1959,0
Congo,1960,0
Congo,1961,0
Congo,1962,0
Congo,1963,0
Congo,1964,0
Congo,1965,0
Congo,1966,0
Congo,1967,0
Congo,1968,0
Congo,1969,0
Congo,1970,0
Congo,1971,0
Congo,1972,0
Congo,1973,0
Congo,1974,0
Congo,1975,0
Congo,1976,0
Congo,1977,0
Congo,1978,0
Congo,1979,0
Congo,1980,0
Congo,1981,0
Congo,1982,0
Congo,1983,0
Congo,1984,0
Congo,1985,0
Congo,1986,0
Congo,1987,0
Congo,1988,0
Congo,1989,0
Congo,1990,0
Congo,1991,0
Congo,1992,0
Congo,1993,0
Congo,1994,0
Congo,1995,0
Congo,1996,0
Congo,1997,0
Congo,1998,0
Congo,1999,0
Congo,2000,0
Congo,2001,0
Congo,2002,0
Congo,2003,0
Congo,2004,0
Congo,2005,0
Congo,2006,0
Congo,2007,0
Congo,2008,0
Congo,2009,0
Congo,2010,0
Congo,2011,0
Congo,2012,0
Congo,2013,0
Congo,2014,0
Congo,2015,0
Congo,2016,0
Congo,2017,0
Congo,2018,0
Congo,2019,0
Congo,2020,0
Congo,2021,0
Congo,2022,0
Congo,2023,0
Congo,2024,0
Congo,2025,0
Costa Rica,1950,1
Costa Rica,1951,1
Costa Rica,1952,1
Costa Rica,1953,1
Costa Rica,1954,1
Costa Rica,1955,1
Costa Rica,1956,1
Costa Rica,1957,1
Costa Rica,1958,1
Costa Rica,1959,1
Costa Rica,1960,1
Costa Rica,1961,1
Costa Rica,1962,1
Costa Rica,1963,1
Costa Rica,1964,1
Costa Rica,1965,1
Costa Rica,1966,1
Costa Rica,1967,1
Costa Rica,1968,1
Costa Rica,1969,1
Costa Rica,1970,1
Costa Rica,1971,1
Costa Rica,1972,1
Costa Rica,1973,1
Costa Rica,1974,1
Costa Rica,1975,1
Costa Rica,1976,1
Costa Rica,1977,1
Costa Rica,1978,1
Costa Rica,1979,1
Costa Rica,1980,1
Costa Rica,1981,1
Costa Rica,1982,1
Costa Rica,1983,1
Costa Rica,1984,1
Costa Rica,1985,1
Costa Rica,1986,1
Costa Rica,1987,1
Costa Rica,1988,1
Costa Rica,1989,1
Costa Rica,1990,1
Costa Rica,1991,1
Costa Rica,1992,1
Costa Rica,1993,1
Costa Rica,1994,1
Costa Rica,1995,1
Costa Rica,1996,1
Costa Rica,1997,1
Costa Rica,1998,1
Costa Rica,1999,1
Costa Rica,2000,1
Costa Rica,2001,1
Costa Rica,2002,1
Costa Rica,2003,1
Costa Rica,2004,1
Costa Rica,2005,1
Costa Rica,2006,1
Costa Rica,2007,1
Costa Rica,2008,1
Costa Rica,2009,1
Costa Rica,2010,1
Costa Rica,2011,1
Costa Rica,2012,1
Costa Rica,2013,1
Costa Rica,2014,1
Costa Rica,2015,1
Costa Rica,2016,1
Costa Rica,2017,1
Costa Rica,2018,1
Costa Rica,2019,1
Costa Rica,2020,1
Costa Rica,2021,1
Costa Rica,2022,1
Costa Rica,2023,1
Costa Rica,2024,1
Costa Rica,2025,1
Cote d'Ivoire,1950,0
Cote d'Ivoire,1951,0
Cote d'Ivoire,1952,0
Cote d'Ivoire,1953,0
Cote d'Ivoire,1954,0
Cote d'Ivoire,1955,0
Cote d'Ivoire,1956,0
Cote d'Ivoire,1957,0
Cote d'Ivoire,1958,0
Cote d'Ivoire,1959,0
Cote d'Ivoire,1960,0
Cote d'Ivoire,1961,0
Cote d'Ivoire,1962,0
Cote d'Ivoire,1963,0
Cote d'Ivoire,1964,0
Cote d'Ivoire,1965,0
Cote d'Ivoire,1966,0
Cote d'Ivoire,1967,0
Cote d'Ivoire,1968,0
Cote d'Ivoire,1969,0
Cote d'Ivoire,1970,0
Cote d'Ivoire,1971,0
Cote d'Ivoire,1972,0
Cote d'Ivoire,1973,0
Cote d'Ivoire,1974,0
Cote d'Ivoire,1975,0
Cote d'Ivoire,1976,0
Cote d'Ivoire,1977,0
Cote d'Ivoire,1978,0
Cote d'Ivoire,1979,0
Cote d'Ivoire,1980,0
Cote d'Ivoire,1981,0
Cote d'Ivoire,1982,0
Cote d'Ivoire,1983,0
Cote d'Ivoire,1984,0
Cote d'Ivoire,1985,0
Cote d'Ivoire,1986,0
Cote d'Ivoire,1987,0
Cote d'Ivoire,1988,0
Cote d'Ivoire,1989,0
Cote d'Ivoire,1990,0
Cote d'Ivoire,1991,0
Cote d'Ivoire,1992,0
Cote d'Ivoire,1993,0
Cote d'Ivoire,1994,0
Cote d'Ivoire,1995,0
Cote d'Ivoire,1996,0
Cote d'Ivoire,1997,0
Cote d'Ivoire,1998,0
Cote d'Ivoire,1999,0
Cote d'Ivoire,2000,0
Cote d'Ivoire,2001,0
Cote d'Ivoire,2002,0
Cote d'Ivoire,2003,0
Cote d'Ivoire,2004,0
Cote d'Ivoire,2005,0
Cote d'Ivoire,2006,0
Cote d'Ivoire,2007,0
Cote d'Ivoire,2008,0
Cote d'Ivoire,2009,0
Cote d'Ivoire,2010,0
Cote d'Ivoire,2011,0
Cote d'Ivoire,2012,0
Cote d'Ivoire,2013,0
Cote d'Ivoire,2014,0
Cote d'Ivoire,2015,0
Cote d'Ivoire,2016,1
Cote d'Ivoire,2017,1
Cote d'Ivoire,2018,1
Cote d'Ivoire,2019,1
Cote d'Ivoire,2020,0
Cote d'Ivoire,2021,0
Cote d'Ivoire,2022,0
Cote d'Ivoire,2023,0
Cote d'Ivoire,2024,0
Cote d'Ivoire,2025,0
Croatia,1950,0
Croatia,1951,0
Croatia,1952,0
Croatia,1953,0
Croatia,1954,0
Croatia,1955,0
Croatia,1956,0
Croatia,1957,0
Croatia,1958,0
Croatia,1959,0
Croatia,1960,0
Croatia,1961,0
Croatia,1962,0
Croatia,1963,0
Croatia,1964,0
Croatia,1965,0
Croatia,1966,0
Croatia,1967,0
Croatia,1968,0
Croatia,1969,0
Croatia,1970,0
Croatia,1971,0
Croatia,1972,0
Croatia,1973,0
Croatia,1974,0
Croatia,1975,0
Croatia,1976,0
Croatia,1977,0
Croatia,1978,0
Croatia,1979,0
Croatia,1980,0
Croatia,1981,0
Croatia,1982,0
Croatia,1983,0
Croatia,1984,0
Croatia,1985,0
Croatia,1986,0
Croatia,1987,0
Croatia,1988,0
Croatia,1989,0
Croatia,1990,0
Croatia,1991,0
Croatia,1992,0
Croatia,1993,0
Croatia,1994,0
Croatia,1995,0
Croatia,1996,0
Croatia,1997,0
Croatia,1998,0
Croatia,1999,0
Croatia,2000,1
Croatia,2001,1
Croatia,2002,1
Croatia,2003,1
Croatia,2004,1
Croatia,2005,1
Croatia,2006,1
Croatia,2007,1
Croatia,2008,1
Croatia,2009,1
Croatia,2010,1
Croatia,2011,1
Croatia,2012,1
Croatia,2013,1
Croatia,2014,1
Croatia,2015,1
Croatia,2016,1
Croatia,2017,1
Croatia,2018,1
Croatia,2019,1
Croatia,2020,1
Croatia,2021,1
Croatia,2022,1
Croatia,2023,1
Croatia,2024,1
Croatia,2025,1
Cuba,1950,0
Cuba,1951,0
Cuba,1952,0
Cuba,1953,0
Cuba,1954,0
Cuba,1955,0
Cuba,1956,0
Cuba,1957,0
Cuba,1958,0
Cuba,1959,0
Cuba,1960,0
Cuba,1961,0
Cuba,1962,0
Cuba,1963,0
Cuba,1964,0
Cuba,1965,0
Cuba,1966,0
Cuba,1967,0
Cuba,1968,0
Cuba,1969,0
Cuba,1970,0
Cuba,1971,0
Cuba,1972,0
Cuba,1973,0
Cuba,1974,0
Cuba,1975,0
Cuba,1976,0
Cuba,1977,0
Cuba,1978,0
Cuba,1979,0
Cuba,1980,0
Cuba,1981,0
Cuba,1982,0
Cuba,1983,0
Cuba,1984,0
Cuba,1985,0
Cuba,1986,0
Cuba,1987,0
Cuba,1988,0
Cuba,1989,0
Cuba,1990,0
Cuba,1991,0
Cuba,1992,0
Cuba,1993,0
Cuba,1994,0
Cuba,1995,0
Cuba,1996,0
Cuba,1997,0
Cuba,1998,0
Cuba,1999,0
Cuba,2000,0
Cuba,2001,0
Cuba,2002,0
Cuba,2003,0
Cuba,2004,0
Cuba,2005,0
Cuba,2006,0
Cuba,2007,0
Cuba,2008,0
Cuba,2009,0
Cuba,2010,0
Cuba,2011,0
Cuba,2012,0
Cuba,2013,0
Cuba,2014,0
Cuba,2015,0
Cuba,2016,0
Cuba,2017,0
Cuba,2018,0
Cuba,2019,0
Cuba,2020,0
Cuba,2021,0
Cuba,2022,0
Cuba,2023,0
Cuba,2024,0
Cuba,2025,0
Cyprus,1950,0
Cyprus,1951,0
Cyprus,1952,0
Cyprus,1953,0
Cyprus,1954,0
Cyprus,1955,0
Cyprus,1956,0
Cyprus,1957,0
Cyprus,1958,0
Cyprus,1959,0
Cyprus,1960,0
Cyprus,1961,0
Cyprus,1962,0
Cyprus,1963,0
Cyprus,1964,0
Cyprus,1965,0
Cyprus,1966,0
Cyprus,1967,0
Cyprus,1968,0
Cyprus,1969,0
Cyprus,1970,0
Cyprus,1971,0
Cyprus,1972,0
Cyprus,1973,0
Cyprus,1974,0
Cyprus,1975,1
Cyprus,1976,1
Cyprus,1977,1
Cyprus,1978,1
Cyprus,1979,1
Cyprus,1980,1
Cyprus,1981,1
Cyprus,1982,1
Cyprus,1983,1
Cyprus,1984,1
Cyprus,1985,1
Cyprus,1986,1
Cyprus,1987,1
Cyprus,1988,1
Cyprus,1989,1
Cyprus,1990,1
Cyprus,1991,1
Cyprus,1992,1
Cyprus,1993,1
Cyprus,1994,1
Cyprus,1995,1
Cyprus,1996,1
Cyprus,1997,1
Cyprus,1998,1
Cyprus,1999,1
Cyprus,2000,1
Cyprus,2001,1
Cyprus,2002,1
Cyprus,2003,1
Cyprus,2004,1
Cyprus,2005,1
Cyprus,2006,1
Cyprus,2007,1
Cyprus,2008,1
Cyprus,2009,1
Cyprus,2010,1
Cyprus,2011,1
Cyprus,2012,1
Cyprus,2013,1
Cyprus,2014,1
Cyprus,2015,1
Cyprus,2016,1
Cyprus,2017,1
Cyprus,2018,1
Cyprus,2019,1
Cyprus,2020,1
Cyprus,2021,1
Cyprus,2022,1
Cyprus,2023,1
Cyprus,2024,1
Cyprus,2025,1
Czechia,1950,0
Czechia,1951,0
Czechia,1952,0
Czechia,1953,0
Czechia,1954,0
Czechia,1955,0
Czechia,1956,0
Czechia,1957,0
Czechia,1958,0
Czechia,1959,0
Czechia,1960,0
Czechia,1961,0
Czechia,1962,0
Czechia,1963,0
Czechia,1964,0
Czechia,1965,0
Czechia,1966,0
Czechia,1967,0
Czechia,1968,0
Czechia,1969,0
Czechia,1970,0
Czechia,1971,0
Czechia,1972,0
Czechia,1973,0
Czechia,1974,0
Czechia,1975,0
Czechia,1976,0
Czechia,1977,0
Czechia,1978,0
Czechia,1979,0
Czechia,1980,0
Czechia,1981,0
Czechia,1982,0
Czechia,1983,0
Czechia,1984,0
Czechia,1985,0
Czechia,1986,0
Czechia,1987,0
Czechia,1988,0
Czechia,1989,0
Czechia,1990,1
Czechia,1991,1
Czechia,1992,1
Czechia,1993,1
Czechia,1994,1
Czechia,1995,1
Czechia,1996,1
Czechia,1997,1
Czechia,1998,1
Czechia,1999,1
Czechia,2000,1
Czechia,2001,1
Czechia,2002,1
Czechia,2003,1
Czechia,2004,1
Czechia,2005,1
Czechia,2006,1
Czechia,2007,1
Czechia,2008,1
Czechia,2009,1
Czechia,2010,1
Czechia,2011,1
Czechia,2012,1
Czechia,2013,1
Czechia,2014,1
Czechia,2015,1
Czechia,2016,1
Czechia,2017,1
Czechia,2018,1
Czechia,2019,1
Czechia,2020,1
Czechia,2021,1
Czechia,2022,1
Czechia,2023,1
Czechia,2024,1
Czechia,2025,1
Denmark,1950,1
Denmark,1951,1
Denmark,1952,1
Denmark,1953,1
Denmark,1954,1
Denmark,1955,1
Denmark,1956,1
Denmark,1957,1
Denmark,1958,1
Denmark,1959,1
Denmark,1960,1
Denmark,1961,1
Denmark,1962,1
Denmark,1963,1
Denmark,1964,1
Denmark,1965,1
Denmark,1966,1
Denmark,1967,1
Denmark,1968,1
Denmark,1969,1
Denmark,1970,1
Denmark,1971,1
Denmark,1972,1
Denmark,1973,1
Denmark,1974,1
Denmark,1975,1
Denmark,1976,1
Denmark,1977,1
Denmark,1978,1
Denmark,1979,1
Denmark,1980,1
Denmark,1981,1
Denmark,1982,1
Denmark,1983,1
Denmark,1984,1
Denmark,1985,1
Denmark,1986,1
Denmark,1987,1
Denmark,1988,1
Denmark,1989,1
Denmark,1990,1
Denmark,1991,1
Denmark,1992,1
Denmark,1993,1
Denmark,1994,1
Denmark,1995,1
Denmark,1996,1
Denmark,1997,1
Denmark,1998,1
Denmark,1999,1
Denmark,2000,1
Denmark,2001,1
Denmark,2002,1
Denmark,2003,1
Denmark,2004,1
Denmark,2005,1
Denmark,2006,1
Denmark,2007,1
Denmark,2008,1
Denmark,2009,1
Denmark,2010,1
Denmark,2011,1
Denmark,2012,1
Denmark,2013,1
Denmark,2014,1
Denmark,2015,1
Denmark,2016,1
Denmark,2017,1
Denmark,2018,1
Denmark,2019,1
Denmark,2020,1
Denmark,2021,1
Denmark,2022,1
Denmark,2023,1
Denmark,2024,1
Denmark,2025,1
Djibouti,1950,0
Djibouti,1951,0
Djibouti,1952,0
Djibouti,1953,0
Djibouti,1954,0
Djibouti,1955,0
Djibouti,1956,0
Djibouti,1957,0
Djibouti,1958,0
Djibouti,1959,0
Djibouti,1960,0
Djibouti,1961,0
Djibouti,1962,0
Djibouti,1963,0
Djibouti,1964,0
Djibouti,1965,0
Djibouti,1966,0
Djibouti,1967,0
Djibouti,1968,0
Djibouti,1969,0
Djibouti,1970,0
Djibouti,1971,0
Djibouti,1972,0
Djibouti,1973,0
Djibouti,1974,0
Djibouti,1975,0
Djibouti,1976,0
Djibouti,1977,0
Djibouti,1978,0
Djibouti,1979,0
Djibouti,1980,0
Djibouti,1981,0
Djibouti,1982,0
Djibouti,1983,0
Djibouti,1984,0
Djibouti,1985,0
Djibouti,1986,0
Djibouti,1987,0
Djibouti,1988,0
Djibouti,1989,0
Djibouti,1990,0
Djibouti,1991,0
Djibouti,1992,0
Djibouti,1993,0
Djibouti,1994,0
Djibouti,1995,0
Djibouti,1996,0
Djibouti,1997,0
Djibouti,1998,0
Djibouti,1999,0
Djibouti,2000,0
Djibouti,2001,0
Djibouti,2002,0
Djibouti,2003,0
Djibouti,2004,0
Djibouti,2005,0
Djibouti,2006,0
Djibouti,2007,0
Djibouti,2008,0
Djibouti,2009,0
Djibouti,2010,0
Djibouti,2011,0
Djibouti,2012,0
Djibouti,2013,0
Djibouti,2014,0
Djibouti,2015,0
Djibouti,2016,0
Djibouti,2017,0
Djibouti,2018,0
Djibouti,2019,0
Djibouti,2020,0
Djibouti,2021,0
Djibouti,2022,0
Djibouti,2023,0
Djibouti,2024,0
Djibouti,2025,0
Dominican Republic,1950,0
Dominican Republic,1951,0
Dominican Republic,1952,0
Dominican Republic,1953,0
Dominican Republic,1954,0
Dominican Republic,1955,0
Dominican Republic,1956,0
Dominican Republic,1957,0
Dominican Republic,1958,0
Dominican Republic,1959,0
Dominican Republic,1960,0
Dominican Republic,1961,0
Dominican Republic,1962,0
Dominican Republic,1963,0
Dominican Republic,1964,0
Dominican Republic,1965,0
Dominican Republic,1966,0
Dominican Republic,1967,0
Dominican Republic,1968,0
Dominican Republic,1969,0
Dominican Republic,1970,0
Dominican Republic,1971,0
Dominican Republic,1972,0
Dominican Republic,1973,0
Dominican Republic,1974,0
Dominican Republic,1975,0
Dominican Republic,1976,0
Dominican Republic,1977,0
Dominican Republic,1978,0
Dominican Republic,1979,0
Dominican Republic,1980,0
Dominican Republic,1981,0
Dominican Republic,1982,1
Dominican Republic,1983,1
Dominican Republic,1984,1
Dominican Republic,1985,1
Dominican Republic,1986,1
Dominican Republic,1987,1
Dominican Republic,1988,1
Dominican Republic,1989,1
Dominican Republic,1990,0
Dominican Republic,1991,0
Dominican Republic,1992,0
Dominican Republic,1993,0
Dominican Republic,1994,0
Dominican Republic,1995,0
Dominican Republic,1996,1
Dominican Republic,1997,1
Dominican Republic,1998,1
Dominican Republic,1999,1
Dominican Republic,2000,1
Dominican Republic,2001,1
Dominican Republic,2002,1
Dominican Republic,2003,1
Dominican Republic,2004,1
Dominican Republic,2005,1
Dominican Republic,2006,1
Dominican Republic,2007,1
Dominican Republic,2008,1
Dominican Republic,2009,1
Dominican Republic,2010,1
Dominican Republic,2011,1
Dominican Republic,2012,1
Dominican Republic,2013,1
Dominican Republic,2014,1
Dominican Republic,2015,1
Dominican Republic,2016,1
Dominican Republic,2017,1
Dominican Republic,2018,1
Dominican Republic,2019,1
Dominican Republic,2020,1
Dominican Republic,2021,1
Dominican Republic,2022,1
Dominican Republic,2023,1
Dominican Republic,2024,1
Dominican Republic,2025,1
East Timor,1950,0
East Timor,1951,0
East Timor,1952,0
East Timor,1953,0
East Timor,1954,0
East Timor,1955,0
East Timor,1956,0
East Timor,1957,0
East Timor,1958,0
East Timor,1959,0
East Timor,1960,0
East Timor,1961,0
East Timor,1962,0
East Timor,1963,0
East Timor,1964,0
East Timor,1965,0
East Timor,1966,0
East Timor,1967,0
East Timor,1968,0
East Timor,1969,0
East Timor,1970,0
East Timor,1971,0
East Timor,1972,0
East Timor,1973,0
East Timor,1974,0
East Timor,1975,0
East Timor,1976,0
East Timor,1977,0
East Timor,1978,0
East Timor,1979,0
East Timor,1980,0
East Timor,1981,0
East Timor,1982,0
East Timor,1983,0
East Timor,1984,0
East Timor,1985,0
East Timor,1986,0
East Timor,1987,0
East Timor,1988,0
East Timor,1989,0
East Timor,1990,0
East Timor,1991,0
East Timor,1992,0
East Timor,1993,0
East Timor,1994,0
East Timor,1995,0
East Timor,1996,0
East Timor,1997,0
East Timor,1998,0
East Timor,1999,0
East Timor,2000,0
East Timor,2001,0
East Timor,2002,1
East Timor,2003,1
East Timor,2004,1
East Timor,2005,1
East Timor,2006,1
East Timor,2007,1
East Timor,2008,1
East Timor,2009,1
East Timor,2010,1
East Timor,2011,1
East Timor,2012,1
East Timor,2013,1
East Timor,2014,1
East Timor,2015,1
East Timor,2016,1
East Timor,2017,1
East Timor,2018,1
East Timor,2019,1
East Timor,2020,1
East Timor,2021,1
East Timor,2022,1
East Timor,2023,1
East Timor,2024,1
East Timor,2025,1
Eritrea,1950,0
Eritrea,1951,0
Eritrea,1952,0
Eritrea,1953,0
Eritrea,1954,0
Eritrea,1955,0
Eritrea,1956,0
Eritrea,1957,0
Eritrea,1958,0
Eritrea,1959,0
Eritrea,1960,0
Eritrea,1961,0
Eritrea,1962,0
Eritrea,1963,0
Eritrea,1964,0
Eritrea,1965,0
Eritrea,1966,0
Eritrea,1967,0
Eritrea,1968,0
Eritrea,1969,0
Eritrea,1970,0
Eritrea,1971,0
Eritrea,1972,0
Eritrea,1973,0
Eritrea,1974,0
Eritrea,1975,0
Eritrea,1976,0
Eritrea,1977,0
Eritrea,1978,0
Eritrea,1979,0
Eritrea,1980,0
Eritrea,1981,0
Eritrea,1982,0
Eritrea,1983,0
Eritrea,1984,0
Eritrea,1985,0
Eritrea,1986,0
Eritrea,1987,0
Eritrea,1988,0
Eritrea,1989,0
Eritrea,1990,0
Eritrea,1991,0
Eritrea,1992,0
Eritrea,1993,0
Eritrea,1994,0
Eritrea,1995,0
Eritrea,1996,0
Eritrea,1997,0
Eritrea,1998,0
Eritrea,1999,0
Eritrea,2000,0
Eritrea,2001,0
Eritrea,2002,0
Eritrea,2003,0
Eritrea,2004,0
Eritrea,2005,0
Eritrea,2006,0
Eritrea,2007,0
Eritrea,2008,0
Eritrea,2009,0
Eritrea,2010,0
Eritrea,2011,0
Eritrea,2012,0
Eritrea,2013,0
Eritrea,2014,0
Eritrea,2015,0
Eritrea,2016,0
Eritrea,2017,0
Eritrea,2018,0
Eritrea,2019,0
Eritrea,2020,0
Eritrea,2021,0
Eritrea,2022,0
Eritrea,2023,0
Eritrea,2024,0
Eritrea,2025,0
Estonia,1950,0
Estonia,1951,0
Estonia,1952,0
Estonia,1953,0
Estonia,1954,0
Estonia,1955,0
Estonia,1956,0
Estonia,1957,0
Estonia,1958,0
Estonia,1959,0
Estonia,1960,0
Estonia,1961,0
Estonia,1962,0
Estonia,1963,0
Estonia,1964,0
Estonia,1965,0
Estonia,1966,0
Estonia,1967,0
Estonia,1968,0
Estonia,1969,0
Estonia,1970,0
Estonia,1971,0
Estonia,1972,0
Estonia,1973,0
Estonia,1974,0
Estonia,1975,0
Estonia,1976,0
Estonia,1977,0
Estonia,1978,0
Estonia,1979,0
Estonia,1980,0
Estonia,1981,0
Estonia,1982,0
Estonia,1983,0
Estonia,1984,0
Estonia,1985,0
Estonia,1986,0
Estonia,1987,0
Estonia,1988,0
Estonia,1989,0
Estonia,1990,1
Estonia,1991,1
Estonia,1992,0
Estonia,1993,1
Estonia,1994,1
Estonia,1995,1
Estonia,1996,1
Estonia,1997,1
Estonia,1998,1
Estonia,1999,1
Estonia,2000,1
Estonia,2001,1
Estonia,2002,1
Estonia,2003,1
Estonia,2004,1
Estonia,2005,1
Estonia,2006,1
Estonia,2007,1
Estonia,2008,1
Estonia,2009,1
Estonia,2010,1
Estonia,2011,1
Estonia,2012,1
Estonia,2013,1
Estonia,2014,1
Estonia,2015,1
Estonia,2016,1
Estonia,2017,1
Estonia,2018,1
Estonia,2019,1
Estonia,2020,1
Estonia,2021,1
Estonia,2022,1
Estonia,2023,1
Estonia,2024,1
Estonia,2025,1
Eswatini,1950,0
Eswatini,1951,0
Eswatini,1952,0
Eswatini,1953,0
Eswatini,1954,0
Eswatini,1955,0
Eswatini,1956,0
Eswatini,1957,0
Eswatini,1958,0
Eswatini,1959,0
Eswatini,1960,0
Eswatini,1961,0
Eswatini,1962,0
Eswatini,1963,0
Eswatini,1964,0
Eswatini,1965,0
Eswatini,1966,0
Eswatini,1967,0
Eswatini,1968,0
Eswatini,1969,0
Eswatini,1970,0
Eswatini,1971,0
Eswatini,1972,0
Eswatini,1973,0
Eswatini,1974,0
Eswatini,1975,0
Eswatini,1976,0
Eswatini,1977,0
Eswatini,1978,0
Eswatini,1979,0
Eswatini,1980,0
Eswatini,1981,0
Eswatini,1982,0
Eswatini,1983,0
Eswatini,1984,0
Eswatini,1985,0
Eswatini,1986,0
Eswatini,1987,0
Eswatini,1988,0
Eswatini,1989,0
Eswatini,1990,0
Eswatini,1991,0
Eswatini,1992,0
Eswatini,1993,0
Eswatini,1994,0
Eswatini,1995,0
Eswatini,1996,0
Eswatini,1997,0
Eswatini,1998,0
Eswatini,1999,0
Eswatini,2000,0
Eswatini,2001,0
Eswatini,2002,0
Eswatini,2003,0
Eswatini,2004,0
Eswatini,2005,0
Eswatini,2006,0
Eswatini,2007,0
Eswatini,2008,0
Eswatini,2009,0
Eswatini,2010,0
Eswatini,2011,0
Eswatini,2012,0
Eswatini,2013,0
Eswatini,2014,0
Eswatini,2015,0
Eswatini,2016,0
Eswatini,2017,0
Eswatini,2018,0
Eswatini,2019,0
Eswatini,2020,0
Eswatini,2021,0
Eswatini,2022,0
Eswatini,2023,0
Eswatini,2024,0
Eswatini,2025,0
Ethiopia,1950,0
Ethiopia,1951,0
Ethiopia,1952,0
Ethiopia,1953,0
Ethiopia,1954,0
Ethiopia,1955,0
Ethiopia,1956,0
Ethiopia,1957,0
Ethiopia,1958,0
Ethiopia,1959,0
Ethiopia,1960,0
Ethiopia,1961,0
Ethiopia,1962,0
Ethiopia,1963,0
Ethiopia,1964,0
Ethiopia,1965,0
Ethiopia,1966,0
Ethiopia,1967,0
Ethiopia,1968,0
Ethiopia,1969,0
Ethiopia,1970,0
Ethiopia,1971,0
Ethiopia,1972,0
Ethiopia,1973,0
Ethiopia,1974,0
Ethiopia,1975,0
Ethiopia,1976,0
Ethiopia,1977,0
Ethiopia,1978,0
Ethiopia,1979,0
Ethiopia,1980,0
Ethiopia,1981,0
Ethiopia,1982,0
Ethiopia,1983,0
Ethiopia,1984,0
Ethiopia,1985,0
Ethiopia,1986,0
Ethiopia,1987,0
Ethiopia,1988,0
Ethiopia,1989,0
Ethiopia,1990,0
Ethiopia,1991,0
Ethiopia,1992,0
Ethiopia,1993,0
Ethiopia,1994,0
Ethiopia,1995,0
Ethiopia,1996,0
Ethiopia,1997,0
Ethiopia,1998,0
Ethiopia,1999,0
Ethiopia,2000,0
Ethiopia,2001,0
Ethiopia,2002,0
Ethiopia,2003,0
Ethiopia,2004,0
Ethiopia,2005,0
Ethiopia,2006,0
Ethiopia,2007,0
Ethiopia,2008,0
Ethiopia,2009,0
Ethiopia,2010,0
Ethiopia,2011,0
Ethiopia,2012,0
Ethiopia,2013,0
Ethiopia,2014,0
Ethiopia,2015,0
Ethiopia,2016,0
Ethiopia,2017,0
Ethiopia,2018,0
Ethiopia,2019,0
Ethiopia,2020,0
Ethiopia,2021,0
Ethiopia,2022,0
Ethiopia,2023,0
Ethiopia,2024,0
Ethiopia,2025,0
Fiji,1950,0
Fiji,1951,0
Fiji,1952,0
Fiji,1953,0
Fiji,1954,0
Fiji,1955,0
Fiji,1956,0
Fiji,1957,0
Fiji,1958,0
Fiji,1959,0
Fiji,1960,0
Fiji,1961,0
Fiji,1962,0
Fiji,1963,0
Fiji,1964,0
Fiji,1965,0
Fiji,1966,0
Fiji,1967,0
Fiji,1968,0
Fiji,1969,0
Fiji,1970,1
Fiji,1971,1
Fiji,1972,1
Fiji,1973,1
Fiji,1974,1
Fiji,1975,1
Fiji,1976,1
Fiji,1977,1
Fiji,1978,1
Fiji,1979,1
Fiji,1980,1
Fiji,1981,1
Fiji,1982,1
Fiji,1983,1
Fiji,1984,1
Fiji,1985,1
Fiji,1986,1
Fiji,1987,0
Fiji,1988,0
Fiji,1989,0
Fiji,1990,0
Fiji,1991,0
Fiji,1992,0
Fiji,1993,1
Fiji,1994,1
Fiji,1995,1
Fiji,1996,1
Fiji,1997,1
Fiji,1998,1
Fiji,1999,1
Fiji,2000,0
Fiji,2001,0
Fiji,2002,0
Fiji,2003,1
Fiji,2004,1
Fiji,2005,1
Fiji,2006,0
Fiji,2007,0
Fiji,2008,0
Fiji,2009,0
Fiji,2010,0
Fiji,2011,0
Fiji,2012,0
Fiji,2013,0
Fiji,2014,0
Fiji,2015,0
Fiji,2016,0
Fiji,2017,0
Fiji,2018,0
Fiji,2019,0
Fiji,2020,0
Fiji,2021,0
Fiji,2022,0
Fiji,2023,1
Fiji,2024,1
Fiji,2025,1
Finland,1950,1
Finland,1951,1
Finland,1952,1
Finland,1953,1
Finland,1954,1
Finland,1955,1
Finland,1956,1
Finland,1957,1
Finland,1958,1
Finland,1959,1
Finland,1960,1
Finland,1961,1
Finland,1962,1
Finland,1963,1
Finland,1964,1
Finland,1965,1
Finland,1966,1
Finland,1967,1
Finland,1968,1
Finland,1969,1
Finland,1970,1
Finland,1971,1
Finland,1972,1
Finland,1973,1
Finland,1974,1
Finland,1975,1
Finland,1976,1
Finland,1977,1
Finland,1978,1
Finland,1979,1
Finland,1980,1
Finland,1981,1
Finland,1982,1
Finland,1983,1
Finland,1984,1
Finland,1985,1
Finland,1986,1
Finland,1987,1
Finland,1988,1
Finland,1989,1
Finland,1990,1
Finland,1991,1
Finland,1992,1
Finland,1993,1
Finland,1994,1
Finland,1995,1
Finland,1996,1
Finland,1997,1
Finland,1998,1
Finland,1999,1
Finland,2000,1
Finland,2001,1
Finland,2002,1
Finland,2003,1
Finland,2004,1
Finland,2005,1
Finland,2006,1
Finland,2007,1
Finland,2008,1
Finland,2009,1
Finland,2010,1
Finland,2011,1
Finland,2012,1
Finland,2013,1
Finland,2014,1
Finland,2015,1
Finland,2016,1
Finland,2017,1
Finland,2018,1
Finland,2019,1
Finland,2020,1
Finland,2021,1
Finland,2022,1
Finland,2023,1
Finland,2024,1
Finland,2025,1
France,1950,1
France,1951,1
France,1952,1
France,1953,1
France,1954,1
France,1955,1
France,1956,1
France,1957,1
France,1958,1
France,1959,1
France,1960,1
France,1961,1
France,1962,1
France,1963,1
France,1964,1
France,1965,1
France,1966,1
France,1967,1
France,1968,1
France,1969,1
France,1970,1
France,1971,1
France,1972,1
France,1973,1
France,1974,1
France,1975,1
France,1976,1
France,1977,1
France,1978,1
France,1979,1
France,1980,1
France,1981,1
France,1982,1
France,1983,1
France,1984,1
France,1985,1
France,1986,1
France,1987,1
France,1988,1
France,1989,1
France,1990,1
France,1991,1
France,1992,1
France,1993,1
France,1994,1
France,1995,1
France,1996,1
France,1997,1
France,1998,1
France,1999,1
France,2000,1
France,2001,1
France,2002,1
France,2003,1
France,2004,1
France,2005,1
France,2006,1
France,2007,1
France,2008,1
France,2009,1
France,2010,1
France,2011,1
France,2012,1
France,2013,1
France,2014,1
France,2015,1
France,2016,1
France,2017,1
France,2018,1
France,2019,1
France,2020,1
France,2021,1
France,2022,1
France,2023,1
France,2024,1
France,2025,1
Gabon,1950,0
Gabon,1951,0
Gabon,1952,0
Gabon,1953,0
Gabon,1954,0
Gabon,1955,0
Gabon,1956,0
Gabon,1957,0
Gabon,1958,0
Gabon,1959,0
Gabon,1960,0
Gabon,1961,0
Gabon,1962,0
Gabon,1963,0
Gabon,1964,0
Gabon,1965,0
Gabon,1966,0
Gabon,1967,0
Gabon,1968,0
Gabon,1969,0
Gabon,1970,0
Gabon,1971,0
Gabon,1972,0
Gabon,1973,0
Gabon,1974,0
Gabon,1975,0
Gabon,1976,0
Gabon,1977,0
Gabon,1978,0
Gabon,1979,0
Gabon,1980,0
Gabon,1981,0
Gabon,1982,0
Gabon,1983,0
Gabon,1984,0
Gabon,1985,0
Gabon,1986,0
Gabon,1987,0
Gabon,1988,0
Gabon,1989,0
Gabon,1990,0
Gabon,1991,0
Gabon,1992,0
Gabon,1993,0
Gabon,1994,0
Gabon,1995,0
Gabon,1996,0
Gabon,1997,0
Gabon,1998,0
Gabon,1999,0
Gabon,2000,0
Gabon,2001,0
Gabon,2002,0
Gabon,2003,0
Gabon,2004,0
Gabon,2005,0
Gabon,2006,0
Gabon,2007,0
Gabon,2008,0
Gabon,2009,0
Gabon,2010,0
Gabon,2011,0
Gabon,2012,0
Gabon,2013,0
Gabon,2014,0
Gabon,2015,0
Gabon,2016,0
Gabon,2017,0
Gabon,2018,0
Gabon,2019,0
Gabon,2020,0
Gabon,2021,0
Gabon,2022,0
Gabon,2023,0
Gabon,2024,0
Gabon,2025,0
Georgia,1950,0
Georgia,1951,0
Georgia,1952,0
Georgia,1953,0
Georgia,1954,0
Georgia,1955,0
Georgia,1956,0
Georgia,1957,0
Georgia,1958,0
Georgia,1959,0
Georgia,1960,0
Georgia,1961,0
Georgia,1962,0
Georgia,1963,0
Georgia,1964,0
Georgia,1965,0
Georgia,1966,0
Georgia,1967,0
Georgia,1968,0
Georgia,1969,0
Georgia,1970,0
Georgia,1971,0
Georgia,1972,0
Georgia,1973,0
Georgia,1974,0
Georgia,1975,0
Georgia,1976,0
Georgia,1977,0
Georgia,1978,0
Georgia,1979,0
Georgia,1980,0
Georgia,1981,0
Georgia,1982,0
Georgia,1983,0
Georgia,1984,0
Georgia,1985,0
Georgia,1986,0
Georgia,1987,0
Georgia,1988,0
Georgia,1989,0
Georgia,1990,0
Georgia,1991,0
Georgia,1992,0
Georgia,1993,0
Georgia,1994,0
Georgia,1995,0
Georgia,1996,0
Georgia,1997,0
Georgia,1998,0
Georgia,1999,0
Georgia,2000,0
Georgia,2001,0
Georgia,2002,0
Georgia,2003,0
Georgia,2004,1
Georgia,2005,1
Georgia,2006,1
Georgia,2007,1
Georgia,2008,0
Georgia,2009,0
Georgia,2010,0
Georgia,2011,0
Georgia,2012,1
Georgia,2013,1
Georgia,2014,1
Georgia,2015,1
Georgia,2016,1
Georgia,2017,1
Georgia,2018,1
Georgia,2019,1
Georgia,2020,1
Georgia,2021,1
Georgia,2022,1
Georgia,2023,1
Georgia,2024,0
Georgia,2025,0
Ghana,1950,0
Ghana,1951,0
Ghana,1952,0
Ghana,1953,0
Ghana,1954,0
Ghana,1955,0
Ghana,1956,0
Ghana,1957,0
Ghana,1958,0
Ghana,1959,0
Ghana,1960,0
Ghana,1961,0
Ghana,1962,0
Ghana,1963,0
Ghana,1964,0
Ghana,1965,0
Ghana,1966,0
Ghana,1967,0
Ghana,1968,0
Ghana,1969,0
Ghana,1970,0
Ghana,1971,0
Ghana,1972,0
Ghana,1973,0
Ghana,1974,0
Ghana,1975,0
Ghana,1976,0
Ghana,1977,0
Ghana,1978,0
Ghana,1979,0
Ghana,1980,1
Ghana,1981,0
Ghana,1982,0
Ghana,1983,0
Ghana,1984,0
Ghana,1985,0
Ghana,1986,0
Ghana,1987,0
Ghana,1988,0
Ghana,1989,0
Ghana,1990,0
Ghana,1991,0
Ghana,1992,0
Ghana,1993,0
Ghana,1994,0
Ghana,1995,0
Ghana,1996,1
Ghana,1997,1
Ghana,1998,1
Ghana,1999,1
Ghana,2000,1
Ghana,2001,1
Ghana,2002,1
Ghana,2003,1
Ghana,2004,1
Ghana,2005,1
Ghana,2006,1
Ghana,2007,1
Ghana,2008,1
Ghana,2009,1
Ghana,2010,1
Ghana,2011,1
Ghana,2012,1
Ghana,2013,1
Ghana,2014,1
Ghana,2015,1
Ghana,2016,1
Ghana,2017,1
Ghana,2018,1
Ghana,2019,1
Ghana,2020,1
Ghana,2021,1
Ghana,2022,1
Ghana,2023,1
Ghana,2024,1
Ghana,2025,1
Greece,1950,0
Greece,1951,0
Greece,1952,0
Greece,1953,0
Greece,1954,0
Greece,1955,0
Greece,1956,0
Greece,1957,0
Greece,1958,0
Greece,1959,0
Greece,1960,0
Greece,1961,0
Greece,1962,0
Greece,1963,0
Greece,1964,0
Greece,1965,0
Greece,1966,0
Greece,1967,0
Greece,1968,0
Greece,1969,0
Greece,1970,0
Greece,1971,0
Greece,1972,0
Greece,1973,0
Greece,1974,0
Greece,1975,1
Greece,1976,1
Greece,1977,1
Greece,1978,1
Greece,1979,1
Greece,1980,1
Greece,1981,1
Greece,1982,1
Greece,1983,1
Greece,1984,1
Greece,1985,1
Greece,1986,1
Greece,1987,1
Greece,1988,1
Greece,1989,1
Greece,1990,1
Greece,1991,1
Greece,1992,1
Greece,1993,1
Greece,1994,1
Greece,1995,1
Greece,1996,1
Greece,1997,1
Greece,1998,1
Greece,1999,1
Greece,2000,1
Greece,2001,1
Greece,2002,1
Greece,2003,1
Greece,2004,1
Greece,2005,1
Greece,2006,1
Greece,2007,1
Greece,2008,1
Greece,2009,1
Greece,2010,1
Greece,2011,1
Greece,2012,1
Greece,2013,1
Greece,2014,1
Greece,2015,1
Greece,2016,1
Greece,2017,1
Greece,2018,1
Greece,2019,1
Greece,2020,1
Greece,2021,1
Greece,2022,1
Greece,2023,1
Greece,2024,1
Greece,2025,1
Guatemala,1950,0
Guatemala,1951,0
Guatemala,1952,0
Guatemala,1953,0
Guatemala,1954,0
Guatemala,1955,0
Guatemala,1956,0
Guatemala,1957,0
Guatemala,1958,0
Guatemala,1959,0
Guatemala,1960,0
Guatemala,1961,0
Guatemala,1962,0
Guatemala,1963,0
Guatemala,1964,0
Guatemala,1965,0
Guatemala,1966,0
Guatemala,1967,0
Guatemala,1968,0
Guatemala,1969,0
Guatemala,1970,0
Guatemala,1971,0
Guatemala,1972,0
Guatemala,1973,0
Guatemala,1974,0
Guatemala,1975,0
Guatemala,1976,0
Guatemala,1977,0
Guatemala,1978,0
Guatemala,1979,0
Guatemala,1980,0
Guatemala,1981,0
Guatemala,1982,0
Guatemala,1983,0
Guatemala,1984,0
Guatemala,1985,0
Guatemala,1986,0
Guatemala,1987,0
Guatemala,1988,0
Guatemala,1989,0
Guatemala,1990,0
Guatemala,1991,0
Guatemala,1992,0
Guatemala,1993,0
Guatemala,1994,0
Guatemala,1995,0
Guatemala,1996,0
Guatemala,1997,0
Guatemala,1998,0
Guatemala,1999,0
Guatemala,2000,1
Guatemala,2001,1
Guatemala,2002,1
Guatemala,2003,1
Guatemala,2004,1
Guatemala,2005,1
Guatemala,2006,1
Guatemala,2007,1
Guatemala,2008,1
Guatemala,2009,1
Guatemala,2010,1
Guatemala,2011,1
Guatemala,2012,1
Guatemala,2013,1
Guatemala,2014,1
Guatemala,2015,1
Guatemala,2016,1
Guatemala,2017,1
Guatemala,2018,1
Guatemala,2019,1
Guatemala,2020,1
Guatemala,2021,1
Guatemala,2022,1
Guatemala,2023,1
Guatemala,2024,1
Guatemala,2025,1
Guinea-Bissau,1950,0
Guinea-Bissau,1951,0
Guinea-Bissau,1952,0
Guinea-Bissau,1953,0
Guinea-Bissau,1954,0
Guinea-Bissau,1955,0
Guinea-Bissau,1956,0
Guinea-Bissau,1957,0
Guinea-Bissau,1958,0
Guinea-Bissau,1959,0
Guinea-Bissau,1960,0
Guinea-Bissau,1961,0
Guinea-Bissau,1962,0
Guinea-Bissau,1963,0
Guinea-Bissau,1964,0
Guinea-Bissau,1965,0
Guinea-Bissau,1966,0
Guinea-Bissau,1967,0
Guinea-Bissau,1968,0
Guinea-Bissau,1969,0
Guinea-Bissau,1970,0
Guinea-Bissau,1971,0
Guinea-Bissau,1972,0
Guinea-Bissau,1973,0
Guinea-Bissau,1974,0
Guinea-Bissau,1975,0
Guinea-Bissau,1976,0
Guinea-Bissau,1977,0
Guinea-Bissau,1978,0
Guinea-Bissau,1979,0
Guinea-Bissau,1980,0
Guinea-Bissau,1981,0
Guinea-Bissau,1982,0
Guinea-Bissau,1983,0
Guinea-Bissau,1984,0
Guinea-Bissau,1985,0
Guinea-Bissau,1986,0
Guinea-Bissau,1987,0
Guinea-Bissau,1988,0
Guinea-Bissau,1989,0
Guinea-Bissau,1990,0
Guinea-Bissau,1991,0
Guinea-Bissau,1992,0
Guinea-Bissau,1993,0
Guinea-Bissau,1994,0
Guinea-Bissau,1995,0
Guinea-Bissau,1996,0
Guinea-Bissau,1997,0
Guinea-Bissau,1998,0
Guinea-Bissau,1999,0
Guinea-Bissau,2000,0
Guinea-Bissau,2001,0
Guinea-Bissau,2002,0
Guinea-Bissau,2003,0
Guinea-Bissau,2004,0
Guinea-Bissau,2005,0
Guinea-Bissau,2006,0
Guinea-Bissau,2007,0
Guinea-Bissau,2008,0
Guinea-Bissau,2009,0
Guinea-Bissau,2010,0
Guinea-Bissau,2011,0
Guinea-Bissau,2012,0
Guinea-Bissau,2013,0
Guinea-Bissau,2014,0
Guinea-Bissau,2015,1
Guinea-Bissau,2016,1
Guinea-Bissau,2017,0
Guinea-Bissau,2018,1
Guinea-Bissau,2019,1
Guinea-Bissau,2020,1
Guinea-Bissau,2021,1
Guinea-Bissau,2022,0
Guinea-Bissau,2023,0
Guinea-Bissau,2024,0
Guinea-Bissau,2025,0
Guyana,1950,0
Guyana,1951,0
Guyana,1952,0
Guyana,1953,0
Guyana,1954,0
Guyana,1955,0
Guyana,1956,0
Guyana,1957,0
Guyana,1958,0
Guyana,1959,0
Guyana,1960,0
Guyana,1961,0
Guyana,1962,0
Guyana,1963,0
Guyana,1964,0
Guyana,1965,0
Guyana,1966,0
Guyana,1967,0
Guyana,1968,0
Guyana,1969,0
Guyana,1970,0
Guyana,1971,0
Guyana,1972,0
Guyana,1973,0
Guyana,1974,0
Guyana,1975,0
Guyana,1976,0
Guyana,1977,0
Guyana,1978,0
Guyana,1979,0
Guyana,1980,0
Guyana,1981,0
Guyana,1982,0
Guyana,1983,0
Guyana,1984,0
Guyana,1985,0
Guyana,1986,0
Guyana,1987,0
Guyana,1988,0
Guyana,1989,0
Guyana,1990,0
Guyana,1991,0
Guyana,1992,0
Guyana,1993,0
Guyana,1994,0
Guyana,1995,0
Guyana,1996,0
Guyana,1997,0
Guyana,1998,1
Guyana,1999,1
Guyana,2000,1
Guyana,2001,1
Guyana,2002,1
Guyana,2003,1
Guyana,2004,1
Guyana,2005,1
Guyana,2006,1
Guyana,2007,1
Guyana,2008,1
Guyana,2009,1
Guyana,2010,1
Guyana,2011,1
Guyana,2012,1
Guyana,2013,1
Guyana,2014,1
Guyana,2015,1
Guyana,2016,1
Guyana,2017,1
Guyana,2018,1
Guyana,2019,1
Guyana,2020,1
Guyana,2021,0
Guyana,2022,0
Guyana,2023,0
Guyana,2024,0
Guyana,2025,1
Haiti,1950,0
Haiti,1951,0
Haiti,1952,0
Haiti,1953,0
Haiti,1954,0
Haiti,1955,0
Haiti,1956,0
Haiti,1957,0
Haiti,1958,0
Haiti,1959,0
Haiti,1960,0
Haiti,1961,0
Haiti,1962,0
Haiti,1963,0
Haiti,1964,0
Haiti,1965,0
Haiti,1966,0
Haiti,1967,0
Haiti,1968,0
Haiti,1969,0
Haiti,1970,0
Haiti,1971,0
Haiti,1972,0
Haiti,1973,0
Haiti,1974,0
Haiti,1975,0
Haiti,1976,0
Haiti,1977,0
Haiti,1978,0
Haiti,1979,0
Haiti,1980,0
Haiti,1981,0
Haiti,1982,0
Haiti,1983,0
Haiti,1984,0
Haiti,1985,0
Haiti,1986,0
Haiti,1987,0
Haiti,1988,0
Haiti,1989,0
Haiti,1990,0
Haiti,1991,0
Haiti,1992,0
Haiti,1993,0
Haiti,1994,0
Haiti,1995,0
Haiti,1996,0
Haiti,1997,0
Haiti,1998,0
Haiti,1999,0
Haiti,2000,0
Haiti,2001,0
Haiti,2002,0
Haiti,2003,0
Haiti,2004,0
Haiti,2005,0
Haiti,2006,0
Haiti,2007,0
Haiti,2008,0
Haiti,2009,0
Haiti,2010,0
Haiti,2011,0
Haiti,2012,0
Haiti,2013,0
Haiti,2014,0
Haiti,2015,0
Haiti,2016,0
Haiti,2017,0
Haiti,2018,0
Haiti,2019,0
Haiti,2020,0
Haiti,2021,0
Haiti,2022,0
Haiti,2023,0
Haiti,2024,0
Haiti,2025,0
Honduras,1950,0
Honduras,1951,0
Honduras,1952,0
Honduras,1953,0
Honduras,1954,0
Honduras,1955,0
Honduras,1956,0
Honduras,1957,0
Honduras,1958,0
Honduras,1959,0
Honduras,1960,0
Honduras,1961,0
Honduras,1962,0
Honduras,1963,0
Honduras,1964,0
Honduras,1965,0
Honduras,1966,0
Honduras,1967,0
Honduras,1968,0
Honduras,1969,0
Honduras,1970,0
Honduras,1971,0
Honduras,1972,0
Honduras,1973,0
Honduras,1974,0
Honduras,1975,0
Honduras,1976,0
Honduras,1977,0
Honduras,1978,0
Honduras,1979,0
Honduras,1980,0
Honduras,1981,0
Honduras,1982,0
Honduras,1983,0
Honduras,1984,0
Honduras,1985,0
Honduras,1986,0
Honduras,1987,0
Honduras,1988,0
Honduras,1989,0
Honduras,1990,0
Honduras,1991,0
Honduras,1992,0
Honduras,1993,0
Honduras,1994,1
Honduras,1995,1
Honduras,1996,1
Honduras,1997,1
Honduras,1998,1
Honduras,1999,1
Honduras,2000,1
Honduras,2001,1
Honduras,2002,1
Honduras,2003,1
Honduras,2004,1
Honduras,2005,1
Honduras,2006,1
Honduras,2007,1
Honduras,2008,1
Honduras,2009,0
Honduras,2010,0
Honduras,2011,0
Honduras,2012,0
Honduras,2013,0
Honduras,2014,0
Honduras,2015,0
Honduras,2016,0
Honduras,2017,0
Honduras,2018,0
Honduras,2019,0
Honduras,2020,0
Honduras,2021,0
Honduras,2022,1
Honduras,2023,1
Honduras,2024,1
Honduras,2025,1
Hong Kong,1950,0
Hong Kong,1951,0
Hong Kong,1952,0
Hong Kong,1953,0
Hong Kong,1954,0
Hong Kong,1955,0
Hong Kong,1956,0
Hong Kong,1957,0
Hong Kong,1958,0
Hong Kong,1959,0
Hong Kong,1960,0
Hong Kong,1961,0
Hong Kong,1962,0
Hong Kong,1963,0
Hong Kong,1964,0
Hong Kong,1965,0
Hong Kong,1966,0
Hong Kong,1967,0
Hong Kong,1968,0
Hong Kong,1969,0
Hong Kong,1970,0
Hong Kong,1971,0
Hong Kong,1972,0
Hong Kong,1973,0
Hong Kong,1974,0
Hong Kong,1975,0
Hong Kong,1976,0
Hong Kong,1977,0
Hong Kong,1978,0
Hong Kong,1979,0
Hong Kong,1980,0
Hong Kong,1981,0
Hong Kong,1982,0
Hong Kong,1983,0
Hong Kong,1984,0
Hong Kong,1985,0
Hong Kong,1986,0
Hong Kong,1987,0
Hong Kong,1988,0
Hong Kong,1989,0
Hong Kong,1990,0
Hong Kong,1991,0
Hong Kong,1992,0
Hong Kong,1993,0
Hong Kong,1994,0
Hong Kong,1995,0
Hong Kong,1996,0
Hong Kong,1997,0
Hong Kong,1998,0
Hong Kong,1999,0
Hong Kong,2000,0
Hong Kong,2001,0
Hong Kong,2002,0
Hong Kong,2003,0
Hong Kong,2004,0
Hong Kong,2005,0
Hong Kong,2006,0
Hong Kong,2007,0
Hong Kong,2008,0
Hong Kong,2009,0
Hong Kong,2010,0
Hong Kong,2011,0
Hong Kong,2012,0
Hong Kong,2013,0
Hong Kong,2014,0
Hong Kong,2015,0
Hong Kong,2016,0
Hong Kong,2017,0
Hong Kong,2018,0
Hong Kong,2019,0
Hong Kong,2020,0
Hong Kong,2021,0
Hong Kong,2022,0
Hong Kong,2023,0
Hong Kong,2024,0
Hong Kong,2025,0
Hungary,1950,0
Hungary,1951,0
Hungary,1952,0
Hungary,1953,0
Hungary,1954,0
Hungary,1955,0
Hungary,1956,0
Hungary,1957,0
Hungary,1958,0
Hungary,1959,0
Hungary,1960,0
Hungary,1961,0
Hungary,1962,0
Hungary,1963,0
Hungary,1964,0
Hungary,1965,0
Hungary,1966,0
Hungary,1967,0
Hungary,1968,0
Hungary,1969,0
Hungary,1970,0
Hungary,1971,0
Hungary,1972,0
Hungary,1973,0
Hungary,1974,0
Hungary,1975,0
Hungary,1976,0
Hungary,1977,0
Hungary,1978,0
Hungary,1979,0
Hungary,1980,0
Hungary,1981,0
Hungary,1982,0
Hungary,1983,0
Hungary,1984,0
Hungary,1985,0
Hungary,1986,0
Hungary,1987,0
Hungary,1988,0
Hungary,1989,0
Hungary,1990,1
Hungary,1991,1
Hungary,1992,1
Hungary,1993,1
Hungary,1994,1
Hungary,1995,1
Hungary,1996,1
Hungary,1997,1
Hungary,1998,1
Hungary,1999,1
Hungary,2000,1
Hungary,2001,1
Hungary,2002,1
Hungary,2003,1
Hungary,2004,1
Hungary,2005,1
Hungary,2006,1
Hungary,2007,1
Hungary,2008,1
Hungary,2009,1
Hungary,2010,1
Hungary,2011,1
Hungary,2012,1
Hungary,2013,1
Hungary,2014,1
Hungary,2015,1
Hungary,2016,1
Hungary,2017,1
Hungary,2018,0
Hungary,2019,0
Hungary,2020,0
Hungary,2021,0
Hungary,2022,0
Hungary,2023,0
Hungary,2024,0
Hungary,2025,0
Iceland,1950,1
Iceland,1951,1
Iceland,1952,1
Iceland,1953,1
Iceland,1954,1
Iceland,1955,1
Iceland,1956,1
Iceland,1957,1
Iceland,1958,1
Iceland,1959,1
Iceland,1960,1
Iceland,1961,1
Iceland,1962,1
Iceland,1963,1
Iceland,1964,1
Iceland,1965,1
Iceland,1966,1
Iceland,1967,1
Iceland,1968,1
Iceland,1969,1
Iceland,1970,1
Iceland,1971,1
Iceland,1972,1
Iceland,1973,1
Iceland,1974,1
Iceland,1975,1
Iceland,1976,1
Iceland,1977,1
Iceland,1978,1
Iceland,1979,1
Iceland,1980,1
Iceland,1981,1
Iceland,1982,1
Iceland,1983,1
Iceland,1984,1
Iceland,1985,1
Iceland,1986,1
Iceland,1987,1
Iceland,1988,1
Iceland,1989,1
Iceland,1990,1
Iceland,1991,1
Iceland,1992,1
Iceland,1993,1
Iceland,1994,1
Iceland,1995,1
Iceland,1996,1
Iceland,1997,1
Iceland,1998,1
Iceland,1999,1
Iceland,2000,1
Iceland,2001,1
Iceland,2002,1
Iceland,2003,1
Iceland,2004,1
Iceland,2005,1
Iceland,2006,1
Iceland,2007,1
Iceland,2008,1
Iceland,2009,1
Iceland,2010,1
Iceland,2011,1
Iceland,2012,1
Iceland,2013,1
Iceland,2014,1
Iceland,2015,1
Iceland,2016,1
Iceland,2017,1
Iceland,2018,1
Iceland,2019,1
Iceland,2020,1
Iceland,2021,1
Iceland,2022,1
Iceland,2023,1
Iceland,2024,1
Iceland,2025,1
India,1950,0
India,1951,0
India,1952,1
India,1953,1
India,1954,1
India,1955,1
India,1956,1
India,1957,1
India,1958,1
India,1959,1
India,1960,1
India,1961,1
India,1962,1
India,1963,1
India,1964,1
India,1965,1
India,1966,1
India,1967,1
India,1968,1
India,1969,1
India,1970,1
India,1971,1
India,1972,1
India,1973,1
India,1974,1
India,1975,0
India,1976,0
India,1977,0
India,1978,1
India,1979,1
India,1980,1
India,1981,1
India,1982,1
India,1983,1
India,1984,1
India,1985,1
India,1986,1
India,1987,1
India,1988,1
India,1989,1
India,1990,1
India,1991,1
India,1992,1
India,1993,1
India,1994,1
India,1995,1
India,1996,1
India,1997,1
India,1998,1
India,1999,1
India,2000,1
India,2001,1
India,2002,1
India,2003,1
India,2004,1
India,2005,1
India,2006,1
India,2007,1
India,2008,1
India,2009,1
India,2010,1
India,2011,1
India,2012,1
India,2013,1
India,2014,1
India,2015,1
India,2016,1
India,2017,0
India,2018,0
India,2019,0
India,2020,0
India,2021,0
India,2022,0
India,2023,0
India,2024,0
India,2025,0
Indonesia,1950,0
Indonesia,1951,0
Indonesia,1952,0
Indonesia,1953,0
Indonesia,1954,0
Indonesia,1955,0
Indonesia,1956,1
Indonesia,1957,1
Indonesia,1958,0
Indonesia,1959,0
Indonesia,1960,0
Indonesia,1961,0
Indonesia,1962,0
Indonesia,1963,0
Indonesia,1964,0
Indonesia,1965,0
Indonesia,1966,0
Indonesia,1967,0
Indonesia,1968,0
Indonesia,1969,0
Indonesia,1970,0
Indonesia,1971,0
Indonesia,1972,0
Indonesia,1973,0
Indonesia,1974,0
Indonesia,1975,0
Indonesia,1976,0
Indonesia,1977,0
Indonesia,1978,0
Indonesia,1979,0
Indonesia,1980,0
Indonesia,1981,0
Indonesia,1982,0
Indonesia,1983,0
Indonesia,1984,0
Indonesia,1985,0
Indonesia,1986,0
Indonesia,1987,0
Indonesia,1988,0
Indonesia,1989,0
Indonesia,1990,0
Indonesia,1991,0
Indonesia,1992,0
Indonesia,1993,0
Indonesia,1994,0
Indonesia,1995,0
Indonesia,1996,0
Indonesia,1997,0
Indonesia,1998,0
Indonesia,1999,1
Indonesia,2000,1
Indonesia,2001,1
Indonesia,2002,1
Indonesia,2003,1
Indonesia,2004,1
Indonesia,2005,1
Indonesia,2006,1
Indonesia,2007,1
Indonesia,2008,1
Indonesia,2009,1
Indonesia,2010,1
Indonesia,2011,1
Indonesia,2012,1
Indonesia,2013,1
Indonesia,2014,1
Indonesia,2015,1
Indonesia,2016,1
Indonesia,2017,1
Indonesia,2018,1
Indonesia,2019,1
Indonesia,2020,1
Indonesia,2021,1
Indonesia,2022,1
Indonesia,2023,1
Indonesia,2024,0
Indonesia,2025,0
Iran,1950,0
Iran,1951,0
Iran,1952,0
Iran,1953,0
Iran,1954,0
Iran,1955,0
Iran,1956,0
Iran,1957,0
Iran,1958,0
Iran,1959,0
Iran,1960,0
Iran,1961,0
Iran,1962,0
Iran,1963,0
Iran,1964,0
Iran,1965,0
Iran,1966,0
Iran,1967,0
Iran,1968,0
Iran,1969,0
Iran,1970,0
Iran,1971,0
Iran,1972,0
Iran,1973,0
Iran,1974,0
Iran,1975,0
Iran,1976,0
Iran,1977,0
Iran,1978,0
Iran,1979,0
Iran,1980,0
Iran,1981,0
Iran,1982,0
Iran,1983,0
Iran,1984,0
Iran,1985,0
Iran,1986,0
Iran,1987,0
Iran,1988,0
Iran,1989,0
Iran,1990,0
Iran,1991,0
Iran,1992,0
Iran,1993,0
Iran,1994,0
Iran,1995,0
Iran,1996,0
Iran,1997,0
Iran,1998,0
Iran,1999,0
Iran,2000,0
Iran,2001,0
Iran,2002,0
Iran,2003,0
Iran,2004,0
Iran,2005,0
Iran,2006,0
Iran,2007,0
Iran,2008,0
Iran,2009,0
Iran,2010,0
Iran,2011,0
Iran,2012,0
Iran,2013,0
Iran,2014,0
Iran,2015,0
Iran,2016,0
Iran,2017,0
Iran,2018,0
Iran,2019,0
Iran,2020,0
Iran,2021,0
Iran,2022,0
Iran,2023,0
Iran,2024,0
Iran,2025,0
Iraq,1950,0
Iraq,1951,0
Iraq,1952,0
Iraq,1953,0
Iraq,1954,0
Iraq,1955,0
Iraq,1956,0
Iraq,1957,0
Iraq,1958,0
Iraq,1959,0
Iraq,1960,0
Iraq,1961,0
Iraq,1962,0
Iraq,1963,0
Iraq,1964,0
Iraq,1965,0
Iraq,1966,0
Iraq,1967,0
Iraq,1968,0
Iraq,1969,0
Iraq,1970,0
Iraq,1971,0
Iraq,1972,0
Iraq,1973,0
Iraq,1974,0
Iraq,1975,0
Iraq,1976,0
Iraq,1977,0
Iraq,1978,0
Iraq,1979,0
Iraq,1980,0
Iraq,1981,0
Iraq,1982,0
Iraq,1983,0
Iraq,1984,0
Iraq,1985,0
Iraq,1986,0
Iraq,1987,0
Iraq,1988,0
Iraq,1989,0
Iraq,1990,0
Iraq,1991,0
Iraq,1992,0
Iraq,1993,0
Iraq,1994,0
Iraq,1995,0
Iraq,1996,0
Iraq,1997,0
Iraq,1998,0
Iraq,1999,0
Iraq,2000,0
Iraq,2001,0
Iraq,2002,0
Iraq,2003,0
Iraq,2004,0
Iraq,2005,0
Iraq,2006,0
Iraq,2007,0
Iraq,2008,0
Iraq,2009,0
Iraq,2010,0
Iraq,2011,0
Iraq,2012,0
Iraq,2013,0
Iraq,2014,0
Iraq,2015,0
Iraq,2016,0
Iraq,2017,0
Iraq,2018,0
Iraq,2019,0
Iraq,2020,0
Iraq,2021,0
Iraq,2022,0
Iraq,2023,0
Iraq,2024,0
Iraq,2025,0
Ireland,1950,1
Ireland,1951,1
Ireland,1952,1
Ireland,1953,1
Ireland,1954,1
Ireland,1955,1
Ireland,1956,1
Ireland,1957,1
Ireland,1958,1
Ireland,1959,1
Ireland,1960,1
Ireland,1961,1
Ireland,1962,1
Ireland,1963,1
Ireland,1964,1
Ireland,1965,1
Ireland,1966,1
Ireland,1967,1
Ireland,1968,1
Ireland,1969,1
Ireland,1970,1
Ireland,1971,1
Ireland,1972,1
Ireland,1973,1
Ireland,1974,1
Ireland,1975,1
Ireland,1976,1
Ireland,1977,1
Ireland,1978,1
Ireland,1979,1
Ireland,1980,1
Ireland,1981,1
Ireland,1982,1
Ireland,1983,1
Ireland,1984,1
Ireland,1985,1
Ireland,1986,1
Ireland,1987,1
Ireland,1988,1
Ireland,1989,1
Ireland,1990,1
Ireland,1991,1
Ireland,1992,1
Ireland,1993,1
Ireland,1994,1
Ireland,1995,1
Ireland,1996,1
Ireland,1997,1
Ireland,1998,1
Ireland,1999,1
Ireland,2000,1
Ireland,2001,1
Ireland,2002,1
Ireland,2003,1
Ireland,2004,1
Ireland,2005,1
Ireland,2006,1
Ireland,2007,1
Ireland,2008,1
Ireland,2009,1
Ireland,2010,1
Ireland,2011,1
Ireland,2012,1
Ireland,2013,1
Ireland,2014,1
Ireland,2015,1
Ireland,2016,1
Ireland,2017,1
Ireland,2018,1
Ireland,2019,1
Ireland,2020,1
Ireland,2021,1
Ireland,2022,1
Ireland,2023,1
Ireland,2024,1
Ireland,2025,1
Israel,1950,1
Israel,1951,1
Israel,1952,1
Israel,1953,1
Israel,1954,1
Israel,1955,1
Israel,1956,1
Israel,1957,1
Israel,1958,1
Israel,1959,1
Israel,1960,1
Israel,1961,1
Israel,1962,1
Israel,1963,1
Israel,1964,1
Israel,1965,1
Israel,1966,1
Israel,1967,1
Israel,1968,1
Israel,1969,1
Israel,1970,1
Israel,1971,1
Israel,1972,1
Israel,1973,1
Israel,1974,1
Israel,1975,1
Israel,1976,1
Israel,1977,1
Israel,1978,1
Israel,1979,1
Israel,1980,1
Israel,1981,1
Israel,1982,1
Israel,1983,1
Israel,1984,1
Israel,1985,1
Israel,1986,1
Israel,1987,1
Israel,1988,1
Israel,1989,1
Israel,1990,1
Israel,1991,1
Israel,1992,1
Israel,1993,1
Israel,1994,1
Israel,1995,1
Israel,1996,1
Israel,1997,1
Israel,1998,1
Israel,1999,1
Israel,2000,1
Israel,2001,1
Israel,2002,1
Israel,2003,1
Israel,2004,1
Israel,2005,1
Israel,2006,1
Israel,2007,1
Israel,2008,1
Israel,2009,1
Israel,2010,1
Israel,2011,1
Israel,2012,1
Israel,2013,1
Israel,2014,1
Israel,2015,1
Israel,2016,1
Israel,2017,1
Israel,2018,1
Israel,2019,1
Israel,2020,1
Israel,2021,1
Israel,2022,1
Israel,2023,1
Israel,2024,1
Israel,2025,1
Italy,1950,1
Italy,1951,1
Italy,1952,1
Italy,1953,1
Italy,1954,1
Italy,1955,1
Italy,1956,1
Italy,1957,1
Italy,1958,1
Italy,1959,1
Italy,1960,1
Italy,1961,1
Italy,1962,1
Italy,1963,1
Italy,1964,1
Italy,1965,1
Italy,1966,1
Italy,1967,1
Italy,1968,1
Italy,1969,1
Italy,1970,1
Italy,1971,1
Italy,1972,1
Italy,1973,1
Italy,1974,1
Italy,1975,1
Italy,1976,1
Italy,1977,1
Italy,1978,1
Italy,1979,1
Italy,1980,1
Italy,1981,1
Italy,1982,1
Italy,1983,1
Italy,1984,1
Italy,1985,1
Italy,1986,1
Italy,1987,1
Italy,1988,1
Italy,1989,1
Italy,1990,1
Italy,1991,1
Italy,1992,1
Italy,1993,1
Italy,1994,1
Italy,1995,1
Italy,1996,1
Italy,1997,1
Italy,1998,1
Italy,1999,1
Italy,2000,1
Italy,2001,1
Italy,2002,1
Italy,2003,1
Italy,2004,1
Italy,2005,1
Italy,2006,1
Italy,2007,1
Italy,2008,1
Italy,2009,1
Italy,2010,1
Italy,2011,1
Italy,2012,1
Italy,2013,1
Italy,2014,1
Italy,2015,1
Italy,2016,1
Italy,2017,1
Italy,2018,1
Italy,2019,1
Italy,2020,1
Italy,2021,1
Italy,2022,1
Italy,2023,1
Italy,2024,1
Italy,2025,1
Jamaica,1950,0
Jamaica,1951,0
Jamaica,1952,0
Jamaica,1953,0
Jamaica,1954,0
Jamaica,1955,0
Jamaica,1956,1
Jamaica,1957,1
Jamaica,1958,1
Jamaica,1959,1
Jamaica,1960,1
Jamaica,1961,1
Jamaica,1962,1
Jamaica,1963,1
Jamaica,1964,1
Jamaica,1965,1
Jamaica,1966,1
Jamaica,1967,1
Jamaica,1968,1
Jamaica,1969,1
Jamaica,1970,1
Jamaica,1971,1
Jamaica,1972,1
Jamaica,1973,1
Jamaica,1974,1
Jamaica,1975,1
Jamaica,1976,1
Jamaica,1977,0
Jamaica,1978,0
Jamaica,1979,0
Jamaica,1980,0
Jamaica,1981,0
Jamaica,1982,0
Jamaica,1983,0
Jamaica,1984,1
Jamaica,1985,1
Jamaica,1986,1
Jamaica,1987,1
Jamaica,1988,1
Jamaica,1989,1
Jamaica,1990,1
Jamaica,1991,1
Jamaica,1992,1
Jamaica,1993,1
Jamaica,1994,1
Jamaica,1995,1
Jamaica,1996,1
Jamaica,1997,1
Jamaica,1998,1
Jamaica,1999,1
Jamaica,2000,1
Jamaica,2001,1
Jamaica,2002,1
Jamaica,2003,1
Jamaica,2004,1
Jamaica,2005,1
Jamaica,2006,1
Jamaica,2007,1
Jamaica,2008,1
Jamaica,2009,1
Jamaica,2010,1
Jamaica,2011,1
Jamaica,2012,1
Jamaica,2013,1
Jamaica,2014,1
Jamaica,2015,1
Jamaica,2016,1
Jamaica,2017,1
Jamaica,2018,1
Jamaica,2019,1
Jamaica,2020,1
Jamaica,2021,1
Jamaica,2022,1
Jamaica,2023,1
Jamaica,2024,1
Jamaica,2025,1
Japan,1950,0
Japan,1951,0
Japan,1952,1
Japan,1953,1
Japan,1954,1
Japan,1955,1
Japan,1956,1
Japan,1957,1
Japan,1958,1
Japan,1959,1
Japan,1960,1
Japan,1961,1
Japan,1962,1
Japan,1963,1
Japan,1964,1
Japan,1965,1
Japan,1966,1
Japan,1967,1
Japan,1968,1
Japan,1969,1
Japan,1970,1
Japan,1971,1
Japan,1972,1
Japan,1973,1
Japan,1974,1
Japan,1975,1
Japan,1976,1
Japan,1977,1
Japan,1978,1
Japan,1979,1
Japan,1980,1
Japan,1981,1
Japan,1982,1
Japan,1983,1
Japan,1984,1
Japan,1985,1
Japan,1986,1
Japan,1987,1
Japan,1988,1
Japan,1989,1
Japan,1990,1
Japan,1991,1
Japan,1992,1
Japan,1993,1
Japan,1994,1
Japan,1995,1
Japan,1996,1
Japan,1997,1
Japan,1998,1
Japan,1999,1
Japan,2000,1
Japan,2001,1
Japan,2002,1
Japan,2003,1
Japan,2004,1
Japan,2005,1
Japan,2006,1
Japan,2007,1
Japan,2008,1
Japan,2009,1
Japan,2010,1
Japan,2011,1
Japan,2012,1
Japan,2013,1
Japan,2014,1
Japan,2015,1
Japan,2016,1
Japan,2017,1
Japan,2018,1
Japan,2019,1
Japan,2020,1
Japan,2021,1
Japan,2022,1
Japan,2023,1
Japan,2024,1
Japan,2025,1
Jordan,1950,0
Jordan,1951,0
Jordan,1952,0
Jordan,1953,0
Jordan,1954,0
Jordan,1955,0
Jordan,1956,0
Jordan,1957,0
Jordan,1958,0
Jordan,1959,0
Jordan,1960,0
Jordan,1961,0
Jordan,1962,0
Jordan,1963,0
Jordan,1964,0
Jordan,1965,0
Jordan,1966,0
Jordan,1967,0
Jordan,1968,0
Jordan,1969,0
Jordan,1970,0
Jordan,1971,0
Jordan,1972,0
Jordan,1973,0
Jordan,1974,0
Jordan,1975,0
Jordan,1976,0
Jordan,1977,0
Jordan,1978,0
Jordan,1979,0
Jordan,1980,0
Jordan,1981,0
Jordan,1982,0
Jordan,1983,0
Jordan,1984,0
Jordan,1985,0
Jordan,1986,0
Jordan,1987,0
Jordan,1988,0
Jordan,1989,0
Jordan,1990,0
Jordan,1991,0
Jordan,1992,0
Jordan,1993,0
Jordan,1994,0
Jordan,1995,0
Jordan,1996,0
Jordan,1997,0
Jordan,1998,0
Jordan,1999,0
Jordan,2000,0
Jordan,2001,0
Jordan,2002,0
Jordan,2003,0
Jordan,2004,0
Jordan,2005,0
Jordan,2006,0
Jordan,2007,0
Jordan,2008,0
Jordan,2009,0
Jordan,2010,0
Jordan,2011,0
Jordan,2012,0
Jordan,2013,0
Jordan,2014,0
Jordan,2015,0
Jordan,2016,0
Jordan,2017,0
Jordan,2018,0
Jordan,2019,0
Jordan,2020,0
Jordan,2021,0
Jordan,2022,0
Jordan,2023,0
Jordan,2024,0
Jordan,2025,0
Kazakhstan,1950,0
Kazakhstan,1951,0
Kazakhstan,1952,0
Kazakhstan,1953,0
Kazakhstan,1954,0
Kazakhstan,1955,0
Kazakhstan,1956,0
Kazakhstan,1957,0
Kazakhstan,1958,0
Kazakhstan,1959,0
Kazakhstan,1960,0
Kazakhstan,1961,0
Kazakhstan,1962,0
Kazakhstan,1963,0
Kazakhstan,1964,0
Kazakhstan,1965,0
Kazakhstan,1966,0
Kazakhstan,1967,0
Kazakhstan,1968,0
Kazakhstan,1969,0
Kazakhstan,1970,0
Kazakhstan,1971,0
Kazakhstan,1972,0
Kazakhstan,1973,0
Kazakhstan,1974,0
Kazakhstan,1975,0
Kazakhstan,1976,0
Kazakhstan,1977,0
Kazakhstan,1978,0
Kazakhstan,1979,0
Kazakhstan,1980,0
Kazakhstan,1981,0
Kazakhstan,1982,0
Kazakhstan,1983,0
Kazakhstan,1984,0
Kazakhstan,1985,0
Kazakhstan,1986,0
Kazakhstan,1987,0
Kazakhstan,1988,0
Kazakhstan,1989,0
Kazakhstan,1990,0
Kazakhstan,1991,0
Kazakhstan,1992,0
Kazakhstan,1993,0
Kazakhstan,1994,0
Kazakhstan,1995,0
Kazakhstan,1996,0
Kazakhstan,1997,0
Kazakhstan,1998,0
Kazakhstan,1999,0
Kazakhstan,2000,0
Kazakhstan,2001,0
Kazakhstan,2002,0
Kazakhstan,2003,0
Kazakhstan,2004,0
Kazakhstan,2005,0
Kazakhstan,2006,0
Kazakhstan,2007,0
Kazakhstan,2008,0
Kazakhstan,2009,0
Kazakhstan,2010,0
Kazakhstan,2011,0
Kazakhstan,2012,0
Kazakhstan,2013,0
Kazakhstan,2014,0
Kazakhstan,2015,0
Kazakhstan,2016,0
Kazakhstan,2017,0
Kazakhstan,2018,0
Kazakhstan,2019,0
Kazakhstan,2020,0
Kazakhstan,2021,0
Kazakhstan,2022,0
Kazakhstan,2023,0
Kazakhstan,2024,0
Kazakhstan,2025,0
Kenya,1950,0
Kenya,1951,0
Kenya,1952,0
Kenya,1953,0
Kenya,1954,0
Kenya,1955,0
Kenya,1956,0
Kenya,1957,0
Kenya,1958,0
Kenya,1959,0
Kenya,1960,0
Kenya,1961,0
Kenya,1962,0
Kenya,1963,0
Kenya,1964,0
Kenya,1965,0
Kenya,1966,0
Kenya,1967,0
Kenya,1968,0
Kenya,1969,0
Kenya,1970,0
Kenya,1971,0
Kenya,1972,0
Kenya,1973,0
Kenya,1974,0
Kenya,1975,0
Kenya,1976,0
Kenya,1977,0
Kenya,1978,0
Kenya,1979,0
Kenya,1980,0
Kenya,1981,0
Kenya,1982,0
Kenya,1983,0
Kenya,1984,0
Kenya,1985,0
Kenya,1986,0
Kenya,1987,0
Kenya,1988,0
Kenya,1989,0
Kenya,1990,0
Kenya,1991,0
Kenya,1992,0
Kenya,1993,0
Kenya,1994,0
Kenya,1995,0
Kenya,1996,0
Kenya,1997,0
Kenya,1998,0
Kenya,1999,0
Kenya,2000,0
Kenya,2001,0
Kenya,2002,0
Kenya,2003,1
Kenya,2004,1
Kenya,2005,1
Kenya,2006,1
Kenya,2007,0
Kenya,2008,0
Kenya,2009,0
Kenya,2010,0
Kenya,2011,0
Kenya,2012,0
Kenya,2013,1
Kenya,2014,1
Kenya,2015,1
Kenya,2016,1
Kenya,2017,0
Kenya,2018,0
Kenya,2019,0
Kenya,2020,0
Kenya,2021,0
Kenya,2022,1
Kenya,2023,1
Kenya,2024,1
Kenya,2025,1
Kuwait,1950,0
Kuwait,1951,0
Kuwait,1952,0
Kuwait,1953,0
Kuwait,1954,0
Kuwait,1955,0
Kuwait,1956,0
Kuwait,1957,0
Kuwait,1958,0
Kuwait,1959,0
Kuwait,1960,0
Kuwait,1961,0
Kuwait,1962,0
Kuwait,1963,0
Kuwait,1964,0
Kuwait,1965,0
Kuwait,1966,0
Kuwait,1967,0
Kuwait,1968,0
Kuwait,1969,0
Kuwait,1970,0
Kuwait,1971,0
Kuwait,1972,0
Kuwait,1973,0
Kuwait,1974,0
Kuwait,1975,0
Kuwait,1976,0
Kuwait,1977,0
Kuwait,1978,0
Kuwait,1979,0
Kuwait,1980,0
Kuwait,1981,0
Kuwait,1982,0
Kuwait,1983,0
Kuwait,1984,0
Kuwait,1985,0
Kuwait,1986,0
Kuwait,1987,0
Kuwait,1988,0
Kuwait,1989,0
Kuwait,1990,0
Kuwait,1991,0
Kuwait,1992,0
Kuwait,1993,0
Kuwait,1994,0
Kuwait,1995,0
Kuwait,1996,0
Kuwait,1997,0
Kuwait,1998,0
Kuwait,1999,0
Kuwait,2000,0
Kuwait,2001,0
Kuwait,2002,0
Kuwait,2003,0
Kuwait,2004,0
Kuwait,2005,0
Kuwait,2006,0
Kuwait,2007,0
Kuwait,2008,0
Kuwait,2009,0
Kuwait,2010,0
Kuwait,2011,0
Kuwait,2012,0
Kuwait,2013,0
Kuwait,2014,0
Kuwait,2015,0
Kuwait,2016,0
Kuwait,2017,0
Kuwait,2018,0
Kuwait,2019,0
Kuwait,2020,0
Kuwait,2021,0
Kuwait,2022,0
Kuwait,2023,0
Kuwait,2024,0
Kuwait,2025,0
Kyrgyzstan,1950,0
Kyrgyzstan,1951,0
Kyrgyzstan,1952,0
Kyrgyzstan,1953,0
Kyrgyzstan,1954,0
Kyrgyzstan,1955,0
Kyrgyzstan,1956,0
Kyrgyzstan,1957,0
Kyrgyzstan,1958,0
Kyrgyzstan,1959,0
Kyrgyzstan,1960,0
Kyrgyzstan,1961,0
Kyrgyzstan,1962,0
Kyrgyzstan,1963,0
Kyrgyzstan,1964,0
Kyrgyzstan,1965,0
Kyrgyzstan,1966,0
Kyrgyzstan,1967,0
Kyrgyzstan,1968,0
Kyrgyzstan,1969,0
Kyrgyzstan,1970,0
Kyrgyzstan,1971,0
Kyrgyzstan,1972,0
Kyrgyzstan,1973,0
Kyrgyzstan,1974,0
Kyrgyzstan,1975,0
Kyrgyzstan,1976,0
Kyrgyzstan,1977,0
Kyrgyzstan,1978,0
Kyrgyzstan,1979,0
Kyrgyzstan,1980,0
Kyrgyzstan,1981,0
Kyrgyzstan,1982,0
Kyrgyzstan,1983,0
Kyrgyzstan,1984,0
Kyrgyzstan,1985,0
Kyrgyzstan,1986,0
Kyrgyzstan,1987,0
Kyrgyzstan,1988,0
Kyrgyzstan,1989,0
Kyrgyzstan,1990,0
Kyrgyzstan,1991,0
Kyrgyzstan,1992,0
Kyrgyzstan,1993,0
Kyrgyzstan,1994,0
Kyrgyzstan,1995,0
Kyrgyzstan,1996,0
Kyrgyzstan,1997,0
Kyrgyzstan,1998,0
Kyrgyzstan,1999,0
Kyrgyzstan,2000,0
Kyrgyzstan,2001,0
Kyrgyzstan,2002,0
Kyrgyzstan,2003,0
Kyrgyzstan,2004,0
Kyrgyzstan,2005,0
Kyrgyzstan,2006,0
Kyrgyzstan,2007,0
Kyrgyzstan,2008,0
Kyrgyzstan,2009,0
Kyrgyzstan,2010,0
Kyrgyzstan,2011,0
Kyrgyzstan,2012,0
Kyrgyzstan,2013,0
Kyrgyzstan,2014,0
Kyrgyzstan,2015,0
Kyrgyzstan,2016,0
Kyrgyzstan,2017,0
Kyrgyzstan,2018,0
Kyrgyzstan,2019,0
Kyrgyzstan,2020,0
Kyrgyzstan,2021,0
Kyrgyzstan,2022,0
Kyrgyzstan,2023,0
Kyrgyzstan,2024,0
Kyrgyzstan,2025,0
Laos,1950,0
Laos,1951,0
Laos,1952,0
Laos,1953,0
Laos,1954,0
Laos,1955,0
Laos,1956,0
Laos,1957,0
Laos,1958,0
Laos,1959,0
Laos,1960,0
Laos,1961,0
Laos,1962,0
Laos,1963,0
Laos,1964,0
Laos,1965,0
Laos,1966,0
Laos,1967,0
Laos,1968,0
Laos,1969,0
Laos,1970,0
Laos,1971,0
Laos,1972,0
Laos,1973,0
Laos,1974,0
Laos,1975,0
Laos,1976,0
Laos,1977,0
Laos,1978,0
Laos,1979,0
Laos,1980,0
Laos,1981,0
Laos,1982,0
Laos,1983,0
Laos,1984,0
Laos,1985,0
Laos,1986,0
Laos,1987,0
Laos,1988,0
Laos,1989,0
Laos,1990,0
Laos,1991,0
Laos,1992,0
Laos,1993,0
Laos,1994,0
Laos,1995,0
Laos,1996,0
Laos,1997,0
Laos,1998,0
Laos,1999,0
Laos,2000,0
Laos,2001,0
Laos,2002,0
Laos,2003,0
Laos,2004,0
Laos,2005,0
Laos,2006,0
Laos,2007,0
Laos,2008,0
Laos,2009,0
Laos,2010,0
Laos,2011,0
Laos,2012,0
Laos,2013,0
Laos,2014,0
Laos,2015,0
Laos,2016,0
Laos,2017,0
Laos,2018,0
Laos,2019,0
Laos,2020,0
Laos,2021,0
Laos,2022,0
Laos,2023,0
Laos,2024,0
Laos,2025,0
Latvia,1950,0
Latvia,1951,0
Latvia,1952,0
Latvia,1953,0
Latvia,1954,0
Latvia,1955,0
Latvia,1956,0
Latvia,1957,0
Latvia,1958,0
Latvia,1959,0
Latvia,1960,0
Latvia,1961,0
Latvia,1962,0
Latvia,1963,0
Latvia,1964,0
Latvia,1965,0
Latvia,1966,0
Latvia,1967,0
Latvia,1968,0
Latvia,1969,0
Latvia,1970,0
Latvia,1971,0
Latvia,1972,0
Latvia,1973,0
Latvia,1974,0
Latvia,1975,0
Latvia,1976,0
Latvia,1977,0
Latvia,1978,0
Latvia,1979,0
Latvia,1980,0
Latvia,1981,0
Latvia,1982,0
Latvia,1983,0
Latvia,1984,0
Latvia,1985,0
Latvia,1986,0
Latvia,1987,0
Latvia,1988,0
Latvia,1989,0
Latvia,1990,1
Latvia,1991,1
Latvia,1992,1
Latvia,1993,1
Latvia,1994,1
Latvia,1995,1
Latvia,1996,1
Latvia,1997,1
Latvia,1998,1
Latvia,1999,1
Latvia,2000,1
Latvia,2001,1
Latvia,2002,1
Latvia,2003,1
Latvia,2004,1
Latvia,2005,1
Latvia,2006,1
Latvia,2007,1
Latvia,2008,1
Latvia,2009,1
Latvia,2010,1
Latvia,2011,1
Latvia,2012,1
Latvia,2013,1
Latvia,2014,1
Latvia,2015,1
Latvia,2016,1
Latvia,2017,1
Latvia,2018,1
Latvia,2019,1
Latvia,2020,1
Latvia,2021,1
Latvia,2022,1
Latvia,2023,1
Latvia,2024,1
Latvia,2025,1
Lebanon,1950,0
Lebanon,1951,0
Lebanon,1952,0
Lebanon,1953,0
Lebanon,1954,0
Lebanon,1955,0
Lebanon,1956,0
Lebanon,1957,0
Lebanon,1958,0
Lebanon,1959,0
Lebanon,1960,0
Lebanon,1961,0
Lebanon,1962,0
Lebanon,1963,0
Lebanon,1964,0
Lebanon,1965,0
Lebanon,1966,0
Lebanon,1967,0
Lebanon,1968,0
Lebanon,1969,0
Lebanon,1970,0
Lebanon,1971,0
Lebanon,1972,0
Lebanon,1973,0
Lebanon,1974,0
Lebanon,1975,0
Lebanon,1976,0
Lebanon,1977,0
Lebanon,1978,0
Lebanon,1979,0
Lebanon,1980,0
Lebanon,1981,0
Lebanon,1982,0
Lebanon,1983,0
Lebanon,1984,0
Lebanon,1985,0
Lebanon,1986,0
Lebanon,1987,0
Lebanon,1988,0
Lebanon,1989,0
Lebanon,1990,0
Lebanon,1991,0
Lebanon,1992,0
Lebanon,1993,0
Lebanon,1994,0
Lebanon,1995,0
Lebanon,1996,0
Lebanon,1997,0
Lebanon,1998,0
Lebanon,1999,0
Lebanon,2000,0
Lebanon,2001,0
Lebanon,2002,0
Lebanon,2003,0
Lebanon,2004,0
Lebanon,2005,0
Lebanon,2006,0
Lebanon,2007,0
Lebanon,2008,0
Lebanon,2009,0
Lebanon,2010,0
Lebanon,2011,0
Lebanon,2012,0
Lebanon,2013,0
Lebanon,2014,0
Lebanon,2015,0
Lebanon,2016,0
Lebanon,2017,0
Lebanon,2018,0
Lebanon,2019,0
Lebanon,2020,0
Lebanon,2021,0
Lebanon,2022,0
Lebanon,2023,0
Lebanon,2024,0
Lebanon,2025,0
Lesotho,1950,0
Lesotho,1951,0
Lesotho,1952,0
Lesotho,1953,0
Lesotho,1954,0
Lesotho,1955,0
Lesotho,1956,0
Lesotho,1957,0
Lesotho,1958,0
Lesotho,1959,0
Lesotho,1960,0
Lesotho,1961,0
Lesotho,1962,0
Lesotho,1963,0
Lesotho,1964,0
Lesotho,1965,0
Lesotho,1966,0
Lesotho,1967,0
Lesotho,1968,0
Lesotho,1969,0
Lesotho,1970,0
Lesotho,1971,0
Lesotho,1972,0
Lesotho,1973,0
Lesotho,1974,0
Lesotho,1975,0
Lesotho,1976,0
Lesotho,1977,0
Lesotho,1978,0
Lesotho,1979,0
Lesotho,1980,0
Lesotho,1981,0
Lesotho,1982,0
Lesotho,1983,0
Lesotho,1984,0
Lesotho,1985,0
Lesotho,1986,0
Lesotho,1987,0
Lesotho,1988,0
Lesotho,1989,0
Lesotho,1990,0
Lesotho,1991,0
Lesotho,1992,0
Lesotho,1993,1
Lesotho,1994,0
Lesotho,1995,0
Lesotho,1996,0
Lesotho,1997,0
Lesotho,1998,0
Lesotho,1999,0
Lesotho,2000,0
Lesotho,2001,0
Lesotho,2002,0
Lesotho,2003,1
Lesotho,2004,1
Lesotho,2005,1
Lesotho,2006,1
Lesotho,2007,1
Lesotho,2008,1
Lesotho,2009,1
Lesotho,2010,1
Lesotho,2011,1
Lesotho,2012,1
Lesotho,2013,1
Lesotho,2014,1
Lesotho,2015,1
Lesotho,2016,1
Lesotho,2017,1
Lesotho,2018,1
Lesotho,2019,1
Lesotho,2020,1
Lesotho,2021,1
Lesotho,2022,1
Lesotho,2023,1
Lesotho,2024,1
Lesotho,2025,1
Lithuania,1950,0
Lithuania,1951,0
Lithuania,1952,0
Lithuania,1953,0
Lithuania,1954,0
Lithuania,1955,0
Lithuania,1956,0
Lithuania,1957,0
Lithuania,1958,0
Lithuania,1959,0
Lithuania,1960,0
Lithuania,1961,0
Lithuania,1962,0
Lithuania,1963,0
Lithuania,1964,0
Lithuania,1965,0
Lithuania,1966,0
Lithuania,1967,0
Lithuania,1968,0
Lithuania,1969,0
Lithuania,1970,0
Lithuania,1971,0
Lithuania,1972,0
Lithuania,1973,0
Lithuania,1974,0
Lithuania,1975,0
Lithuania,1976,0
Lithuania,1977,0
Lithuania,1978,0
Lithuania,1979,0
Lithuania,1980,0
Lithuania,1981,0
Lithuania,1982,0
Lithuania,1983,0
Lithuania,1984,0
Lithuania,1985,0
Lithuania,1986,0
Lithuania,1987,0
Lithuania,1988,0
Lithuania,1989,0
Lithuania,1990,1
Lithuania,1991,1
Lithuania,1992,1
Lithuania,1993,1
Lithuania,1994,1
Lithuania,1995,1
Lithuania,1996,1
Lithuania,1997,1
Lithuania,1998,1
Lithuania,1999,1
Lithuania,2000,1
Lithuania,2001,1
Lithuania,2002,1
Lithuania,2003,1
Lithuania,2004,1
Lithuania,2005,1
Lithuania,2006,1
Lithuania,2007,1
Lithuania,2008,1
Lithuania,2009,1
Lithuania,2010,1
Lithuania,2011,1
Lithuania,2012,1
Lithuania,2013,1
Lithuania,2014,1
Lithuania,2015,1
Lithuania,2016,1
Lithuania,2017,1
Lithuania,2018,1
Lithuania,2019,1
Lithuania,2020,1
Lithuania,2021,1
Lithuania,2022,1
Lithuania,2023,1
Lithuania,2024,1
Lithuania,2025,1
Luxembourg,1950,1
Luxembourg,1951,1
Luxembourg,1952,1
Luxembourg,1953,1
Luxembourg,1954,1
Luxembourg,1955,1
Luxembourg,1956,1
Luxembourg,1957,1
Luxembourg,1958,1
Luxembourg,1959,1
Luxembourg,1960,1
Luxembourg,1961,1
Luxembourg,1962,1
Luxembourg,1963,1
Luxembourg,1964,1
Luxembourg,1965,1
Luxembourg,1966,1
Luxembourg,1967,1
Luxembourg,1968,1
Luxembourg,1969,1
Luxembourg,1970,1
Luxembourg,1971,1
Luxembourg,1972,1
Luxembourg,1973,1
Luxembourg,1974,1
Luxembourg,1975,1
Luxembourg,1976,1
Luxembourg,1977,1
Luxembourg,1978,1
Luxembourg,1979,1
Luxembourg,1980,1
Luxembourg,1981,1
Luxembourg,1982,1
Luxembourg,1983,1
Luxembourg,1984,1
Luxembourg,1985,1
Luxembourg,1986,1
Luxembourg,1987,1
Luxembourg,1988,1
Luxembourg,1989,1
Luxembourg,1990,1
Luxembourg,1991,1
Luxembourg,1992,1
Luxembourg,1993,1
Luxembourg,1994,1
Luxembourg,1995,1
Luxembourg,1996,1
Luxembourg,1997,1
Luxembourg,1998,1
Luxembourg,1999,1
Luxembourg,2000,1
Luxembourg,2001,1
Luxembourg,2002,1
Luxembourg,2003,1
Luxembourg,2004,1
Luxembourg,2005,1
Luxembourg,2006,1
Luxembourg,2007,1
Luxembourg,2008,1
Luxembourg,2009,1
Luxembourg,2010,1
Luxembourg,2011,1
Luxembourg,2012,1
Luxembourg,2013,1
Luxembourg,2014,1
Luxembourg,2015,1
Luxembourg,2016,1
Luxembourg,2017,1
Luxembourg,2018,1
Luxembourg,2019,1
Luxembourg,2020,1
Luxembourg,2021,1
Luxembourg,2022,1
Luxembourg,2023,1
Luxembourg,2024,1
Luxembourg,2025,1
Malawi,1950,0
Malawi,1951,0
Malawi,1952,0
Malawi,1953,0
Malawi,1954,0
Malawi,1955,0
Malawi,1956,0
Malawi,1957,0
Malawi,1958,0
Malawi,1959,0
Malawi,1960,0
Malawi,1961,0
Malawi,1962,0
Malawi,1963,0
Malawi,1964,0
Malawi,1965,0
Malawi,1966,0
Malawi,1967,0
Malawi,1968,0
Malawi,1969,0
Malawi,1970,0
Malawi,1971,0
Malawi,1972,0
Malawi,1973,0
Malawi,1974,0
Malawi,1975,0
Malawi,1976,0
Malawi,1977,0
Malawi,1978,0
Malawi,1979,0
Malawi,1980,0
Malawi,1981,0
Malawi,1982,0
Malawi,1983,0
Malawi,1984,0
Malawi,1985,0
Malawi,1986,0
Malawi,1987,0
Malawi,1988,0
Malawi,1989,0
Malawi,1990,0
Malawi,1991,0
Malawi,1992,0
Malawi,1993,0
Malawi,1994,0
Malawi,1995,1
Malawi,1996,1
Malawi,1997,1
Malawi,1998,1
Malawi,1999,1
Malawi,2000,0
Malawi,2001,0
Malawi,2002,0
Malawi,2003,0
Malawi,2004,0
Malawi,2005,0
Malawi,2006,0
Malawi,2007,0
Malawi,2008,0
Malawi,2009,0
Malawi,2010,1
Malawi,2011,1
Malawi,2012,1
Malawi,2013,1
Malawi,2014,1
Malawi,2015,1
Malawi,2016,1
Malawi,2017,1
Malawi,2018,1
Malawi,2019,0
Malawi,2020,1
Malawi,2021,1
Malawi,2022,1
Malawi,2023,1
Malawi,2024,1
Malawi,2025,1
Malaysia,1950,0
Malaysia,1951,0
Malaysia,1952,0
Malaysia,1953,0
Malaysia,1954,0
Malaysia,1955,0
Malaysia,1956,0
Malaysia,1957,0
Malaysia,1958,0
Malaysia,1959,0
Malaysia,1960,0
Malaysia,1961,0
Malaysia,1962,0
Malaysia,1963,0
Malaysia,1964,0
Malaysia,1965,0
Malaysia,1966,0
Malaysia,1967,0
Malaysia,1968,0
Malaysia,1969,0
Malaysia,1970,0
Malaysia,1971,0
Malaysia,1972,0
Malaysia,1973,0
Malaysia,1974,0
Malaysia,1975,0
Malaysia,1976,0
Malaysia,1977,0
Malaysia,1978,0
Malaysia,1979,0
Malaysia,1980,0
Malaysia,1981,0
Malaysia,1982,0
Malaysia,1983,0
Malaysia,1984,0
Malaysia,1985,0
Malaysia,1986,0
Malaysia,1987,0
Malaysia,1988,0
Malaysia,1989,0
Malaysia,1990,0
Malaysia,1991,0
Malaysia,1992,0
Malaysia,1993,0
Malaysia,1994,0
Malaysia,1995,0
Malaysia,1996,0
Malaysia,1997,0
Malaysia,1998,0
Malaysia,1999,0
Malaysia,2000,0
Malaysia,2001,0
Malaysia,2002,0
Malaysia,2003,0
Malaysia,2004,0
Malaysia,2005,0
Malaysia,2006,0
Malaysia,2007,0
Malaysia,2008,0
Malaysia,2009,0
Malaysia,2010,0
Malaysia,2011,0
Malaysia,2012,0
Malaysia,2013,0
Malaysia,2014,0
Malaysia,2015,0
Malaysia,2016,0
Malaysia,2017,0
Malaysia,2018,0
Malaysia,2019,0
Malaysia,2020,0
Malaysia,2021,0
Malaysia,2022,0
Malaysia,2023,1
Malaysia,2024,1
Malaysia,2025,1
Maldives,1950,0
Maldives,1951,0
Maldives,1952,0
Maldives,1953,0
Maldives,1954,0
Maldives,1955,0
Maldives,1956,0
Maldives,1957,0
Maldives,1958,0
Maldives,1959,0
Maldives,1960,0
Maldives,1961,0
Maldives,1962,0
Maldives,1963,0
Maldives,1964,0
Maldives,1965,0
Maldives,1966,0
Maldives,1967,0
Maldives,1968,0
Maldives,1969,0
Maldives,1970,0
Maldives,1971,0
Maldives,1972,0
Maldives,1973,0
Maldives,1974,0
Maldives,1975,0
Maldives,1976,0
Maldives,1977,0
Maldives,1978,0
Maldives,1979,0
Maldives,1980,0
Maldives,1981,0
Maldives,1982,0
Maldives,1983,0
Maldives,1984,0
Maldives,1985,0
Maldives,1986,0
Maldives,1987,0
Maldives,1988,0
Maldives,1989,0
Maldives,1990,0
Maldives,1991,0
Maldives,1992,0
Maldives,1993,0
Maldives,1994,0
Maldives,1995,0
Maldives,1996,0
Maldives,1997,0
Maldives,1998,0
Maldives,1999,0
Maldives,2000,0
Maldives,2001,0
Maldives,2002,0
Maldives,2003,0
Maldives,2004,0
Maldives,2005,0
Maldives,2006,0
Maldives,2007,0
Maldives,2008,0
Maldives,2009,1
Maldives,2010,1
Maldives,2011,1
Maldives,2012,1
Maldives,2013,0
Maldives,2014,0
Maldives,2015,0
Maldives,2016,0
Maldives,2017,0
Maldives,2018,0
Maldives,2019,1
Maldives,2020,1
Maldives,2021,1
Maldives,2022,1
Maldives,2023,1
Maldives,2024,1
Maldives,2025,1
Mali,1950,0
Mali,1951,0
Mali,1952,0
Mali,1953,0
Mali,1954,0
Mali,1955,0
Mali,1956,0
Mali,1957,0
Mali,1958,0
Mali,1959,0
Mali,1960,0
Mali,1961,0
Mali,1962,0
Mali,1963,0
Mali,1964,0
Mali,1965,0
Mali,1966,0
Mali,1967,0
Mali,1968,0
Mali,1969,0
Mali,1970,0
Mali,1971,0
Mali,1972,0
Mali,1973,0
Mali,1974,0
Mali,1975,0
Mali,1976,0
Mali,1977,0
Mali,1978,0
Mali,1979,0
Mali,1980,0
Mali,1981,0
Mali,1982,0
Mali,1983,0
Mali,1984,0
Mali,1985,0
Mali,1986,0
Mali,1987,0
Mali,1988,0
Mali,1989,0
Mali,1990,0
Mali,1991,0
Mali,1992,0
Mali,1993,1
Mali,1994,1
Mali,1995,1
Mali,1996,1
Mali,1997,1
Mali,1998,1
Mali,1999,1
Mali,2000,1
Mali,2001,1
Mali,2002,1
Mali,2003,1
Mali,2004,1
Mali,2005,1
Mali,2006,1
Mali,2007,1
Mali,2008,1
Mali,2009,1
Mali,2010,1
Mali,2011,1
Mali,2012,0
Mali,2013,0
Mali,2014,1
Mali,2015,1
Mali,2016,1
Mali,2017,1
Mali,2018,0
Mali,2019,0
Mali,2020,0
Mali,2021,0
Mali,2022,0
Mali,2023,0
Mali,2024,0
Mali,2025,0
Malta,1950,1
Malta,1951,1
Malta,1952,1
Malta,1953,1
Malta,1954,1
Malta,1955,1
Malta,1956,1
Malta,1957,1
Malta,1958,0
Malta,1959,0
Malta,1960,0
Malta,1961,0
Malta,1962,0
Malta,1963,1
Malta,1964,1
Malta,1965,1
Malta,1966,1
Malta,1967,1
Malta,1968,1
Malta,1969,1
Malta,1970,1
Malta,1971,1
Malta,1972,1
Malta,1973,1
Malta,1974,1
Malta,1975,1
Malta,1976,1
Malta,1977,1
Malta,1978,1
Malta,1979,1
Malta,1980,1
Malta,1981,1
Malta,1982,1
Malta,1983,1
Malta,1984,1
Malta,1985,1
Malta,1986,1
Malta,1987,1
Malta,1988,1
Malta,1989,1
Malta,1990,1
Malta,1991,1
Malta,1992,1
Malta,1993,1
Malta,1994,1
Malta,1995,1
Malta,1996,1
Malta,1997,1
Malta,1998,1
Malta,1999,1
Malta,2000,1
Malta,2001,1
Malta,2002,1
Malta,2003,1
Malta,2004,1
Malta,2005,1
Malta,2006,1
Malta,2007,1
Malta,2008,1
Malta,2009,1
Malta,2010,1
Malta,2011,1
Malta,2012,1
Malta,2013,1
Malta,2014,1
Malta,2015,1
Malta,2016,1
Malta,2017,1
Malta,2018,1
Malta,2019,1
Malta,2020,1
Malta,2021,1
Malta,2022,1
Malta,2023,1
Malta,2024,1
Malta,2025,1
Mauritania,1950,0
Mauritania,1951,0
Mauritania,1952,0
Mauritania,1953,0
Mauritania,1954,0
Mauritania,1955,0
Mauritania,1956,0
Mauritania,1957,0
Mauritania,1958,0
Mauritania,1959,0
Mauritania,1960,0
Mauritania,1961,0
Mauritania,1962,0
Mauritania,1963,0
Mauritania,1964,0
Mauritania,1965,0
Mauritania,1966,0
Mauritania,1967,0
Mauritania,1968,0
Mauritania,1969,0
Mauritania,1970,0
Mauritania,1971,0
Mauritania,1972,0
Mauritania,1973,0
Mauritania,1974,0
Mauritania,1975,0
Mauritania,1976,0
Mauritania,1977,0
Mauritania,1978,0
Mauritania,1979,0
Mauritania,1980,0
Mauritania,1981,0
Mauritania,1982,0
Mauritania,1983,0
Mauritania,1984,0
Mauritania,1985,0
Mauritania,1986,0
Mauritania,1987,0
Mauritania,1988,0
Mauritania,1989,0
Mauritania,1990,0
Mauritania,1991,0
Mauritania,1992,0
Mauritania,1993,0
Mauritania,1994,0
Mauritania,1995,0
Mauritania,1996,0
Mauritania,1997,0
Mauritania,1998,0
Mauritania,1999,0
Mauritania,2000,0
Mauritania,2001,0
Mauritania,2002,0
Mauritania,2003,0
Mauritania,2004,0
Mauritania,2005,0
Mauritania,2006,0
Mauritania,2007,0
Mauritania,2008,0
Mauritania,2009,0
Mauritania,2010,0
Mauritania,2011,0
Mauritania,2012,0
Mauritania,2013,0
Mauritania,2014,0
Mauritania,2015,0
Mauritania,2016,0
Mauritania,2017,0
Mauritania,2018,0
Mauritania,2019,0
Mauritania,2020,0
Mauritania,2021,0
Mauritania,2022,0
Mauritania,2023,0
Mauritania,2024,0
Mauritania,2025,0
Mauritius,1950,0
Mauritius,1951,0
Mauritius,1952,0
Mauritius,1953,0
Mauritius,1954,0
Mauritius,1955,0
Mauritius,1956,0
Mauritius,1957,0
Mauritius,1958,0
Mauritius,1959,0
Mauritius,1960,0
Mauritius,1961,0
Mauritius,1962,0
Mauritius,1963,0
Mauritius,1964,0
Mauritius,1965,0
Mauritius,1966,0
Mauritius,1967,0
Mauritius,1968,1
Mauritius,1969,1
Mauritius,1970,1
Mauritius,1971,1
Mauritius,1972,1
Mauritius,1973,1
Mauritius,1974,1
Mauritius,1975,1
Mauritius,1976,1
Mauritius,1977,1
Mauritius,1978,1
Mauritius,1979,1
Mauritius,1980,1
Mauritius,1981,1
Mauritius,1982,1
Mauritius,1983,1
Mauritius,1984,1
Mauritius,1985,1
Mauritius,1986,1
Mauritius,1987,1
Mauritius,1988,1
Mauritius,1989,1
Mauritius,1990,1
Mauritius,1991,1
Mauritius,1992,1
Mauritius,1993,1
Mauritius,1994,1
Mauritius,1995,1
Mauritius,1996,1
Mauritius,1997,1
Mauritius,1998,1
Mauritius,1999,1
Mauritius,2000,1
Mauritius,2001,1
Mauritius,2002,1
Mauritius,2003,1
Mauritius,2004,1
Mauritius,2005,1
Mauritius,2006,1
Mauritius,2007,1
Mauritius,2008,1
Mauritius,2009,1
Mauritius,2010,1
Mauritius,2011,1
Mauritius,2012,1
Mauritius,2013,1
Mauritius,2014,1
Mauritius,2015,1
Mauritius,2016,1
Mauritius,2017,1
Mauritius,2018,1
Mauritius,2019,1
Mauritius,2020,1
Mauritius,2021,1
Mauritius,2022,1
Mauritius,2023,0
Mauritius,2024,0
Mauritius,2025,1
Mexico,1950,0
Mexico,1951,0
Mexico,1952,0
Mexico,1953,0
Mexico,1954,0
Mexico,1955,0
Mexico,1956,0
Mexico,1957,0
Mexico,1958,0
Mexico,1959,0
Mexico,1960,0
Mexico,1961,0
Mexico,1962,0
Mexico,1963,0
Mexico,1964,0
Mexico,1965,0
Mexico,1966,0
Mexico,1967,0
Mexico,1968,0
Mexico,1969,0
Mexico,1970,0
Mexico,1971,0
Mexico,1972,0
Mexico,1973,0
Mexico,1974,0
Mexico,1975,0
Mexico,1976,0
Mexico,1977,0
Mexico,1978,0
Mexico,1979,0
Mexico,1980,0
Mexico,1981,0
Mexico,1982,0
Mexico,1983,0
Mexico,1984,0
Mexico,1985,0
Mexico,1986,0
Mexico,1987,0
Mexico,1988,0
Mexico,1989,0
Mexico,1990,0
Mexico,1991,0
Mexico,1992,0
Mexico,1993,0
Mexico,1994,0
Mexico,1995,0
Mexico,1996,1
Mexico,1997,1
Mexico,1998,1
Mexico,1999,1
Mexico,2000,1
Mexico,2001,1
Mexico,2002,1
Mexico,2003,1
Mexico,2004,1
Mexico,2005,1
Mexico,2006,1
Mexico,2007,1
Mexico,2008,1
Mexico,2009,1
Mexico,2010,1
Mexico,2011,1
Mexico,2012,1
Mexico,2013,1
Mexico,2014,1
Mexico,2015,1
Mexico,2016,1
Mexico,2017,1
Mexico,2018,1
Mexico,2019,1
Mexico,2020,1
Mexico,2021,1
Mexico,2022,1
Mexico,2023,1
Mexico,2024,0
Mexico,2025,0
Moldova,1950,0
Moldova,1951,0
Moldova,1952,0
Moldova,1953,0
Moldova,1954,0
Moldova,1955,0
Moldova,1956,0
Moldova,1957,0
Moldova,1958,0
Moldova,1959,0
Moldova,1960,0
Moldova,1961,0
Moldova,1962,0
Moldova,1963,0
Moldova,1964,0
Moldova,1965,0
Moldova,1966,0
Moldova,1967,0
Moldova,1968,0
Moldova,1969,0
Moldova,1970,0
Moldova,1971,0
Moldova,1972,0
Moldova,1973,0
Moldova,1974,0
Moldova,1975,0
Moldova,1976,0
Moldova,1977,0
Moldova,1978,0
Moldova,1979,0
Moldova,1980,0
Moldova,1981,0
Moldova,1982,0
Moldova,1983,0
Moldova,1984,0
Moldova,1985,0
Moldova,1986,0
Moldova,1987,0
Moldova,1988,0
Moldova,1989,0
Moldova,1990,0
Moldova,1991,0
Moldova,1992,1
Moldova,1993,0
Moldova,1994,1
Moldova,1995,1
Moldova,1996,1
Moldova,1997,1
Moldova,1998,1
Moldova,1999,1
Moldova,2000,1
Moldova,2001,1
Moldova,2002,1
Moldova,2003,1
Moldova,2004,1
Moldova,2005,0
Moldova,2006,0
Moldova,2007,0
Moldova,2008,0
Moldova,2009,0
Moldova,2010,1
Moldova,2011,1
Moldova,2012,1
Moldova,2013,1
Moldova,2014,1
Moldova,2015,1
Moldova,2016,1
Moldova,2017,1
Moldova,2018,1
Moldova,2019,1
Moldova,2020,1
Moldova,2021,1
Moldova,2022,1
Moldova,2023,1
Moldova,2024,1
Moldova,2025,1
Mongolia,1950,0
Mongolia,1951,0
Mongolia,1952,0
Mongolia,1953,0
Mongolia,1954,0
Mongolia,1955,0
Mongolia,1956,0
Mongolia,1957,0
Mongolia,1958,0
Mongolia,1959,0
Mongolia,1960,0
Mongolia,1961,0
Mongolia,1962,0
Mongolia,1963,0
Mongolia,1964,0
Mongolia,1965,0
Mongolia,1966,0
Mongolia,1967,0
Mongolia,1968,0
Mongolia,1969,0
Mongolia,1970,0
Mongolia,1971,0
Mongolia,1972,0
Mongolia,1973,0
Mongolia,1974,0
Mongolia,1975,0
Mongolia,1976,0
Mongolia,1977,0
Mongolia,1978,0
Mongolia,1979,0
Mongolia,1980,0
Mongolia,1981,0
Mongolia,1982,0
Mongolia,1983,0
Mongolia,1984,0
Mongolia,1985,0
Mongolia,1986,0
Mongolia,1987,0
Mongolia,1988,0
Mongolia,1989,0
Mongolia,1990,0
Mongolia,1991,1
Mongolia,1992,1
Mongolia,1993,1
Mongolia,1994,1
Mongolia,1995,1
Mongolia,1996,1
Mongolia,1997,1
Mongolia,1998,1
Mongolia,1999,1
Mongolia,2000,1
Mongolia,2001,1
Mongolia,2002,1
Mongolia,2003,1
Mongolia,2004,1
Mongolia,2005,1
Mongolia,2006,1
Mongolia,2007,1
Mongolia,2008,1
Mongolia,2009,1
Mongolia,2010,1
Mongolia,2011,1
Mongolia,2012,1
Mongolia,2013,1
Mongolia,2014,1
Mongolia,2015,1
Mongolia,2016,1
Mongolia,2017,1
Mongolia,2018,1
Mongolia,2019,1
Mongolia,2020,1
Mongolia,2021,1
Mongolia,2022,1
Mongolia,2023,1
Mongolia,2024,0
Mongolia,2025,1
Morocco,1950,0
Morocco,1951,0
Morocco,1952,0
Morocco,1953,0
Morocco,1954,0
Morocco,1955,0
Morocco,1956,0
Morocco,1957,0
Morocco,1958,0
Morocco,1959,0
Morocco,1960,0
Morocco,1961,0
Morocco,1962,0
Morocco,1963,0
Morocco,1964,0
Morocco,1965,0
Morocco,1966,0
Morocco,1967,0
Morocco,1968,0
Morocco,1969,0
Morocco,1970,0
Morocco,1971,0
Morocco,1972,0
Morocco,1973,0
Morocco,1974,0
Morocco,1975,0
Morocco,1976,0
Morocco,1977,0
Morocco,1978,0
Morocco,1979,0
Morocco,1980,0
Morocco,1981,0
Morocco,1982,0
Morocco,1983,0
Morocco,1984,0
Morocco,1985,0
Morocco,1986,0
Morocco,1987,0
Morocco,1988,0
Morocco,1989,0
Morocco,1990,0
Morocco,1991,0
Morocco,1992,0
Morocco,1993,0
Morocco,1994,0
Morocco,1995,0
Morocco,1996,0
Morocco,1997,0
Morocco,1998,0
Morocco,1999,0
Morocco,2000,0
Morocco,2001,0
Morocco,2002,0
Morocco,2003,0
Morocco,2004,0
Morocco,2005,0
Morocco,2006,0
Morocco,2007,0
Morocco,2008,0
Morocco,2009,0
Morocco,2010,0
Morocco,2011,0
Morocco,2012,0
Morocco,2013,0
Morocco,2014,0
Morocco,2015,0
Morocco,2016,0
Morocco,2017,0
Morocco,2018,0
Morocco,2019,0
Morocco,2020,0
Morocco,2021,0
Morocco,2022,0
Morocco,2023,0
Morocco,2024,0
Morocco,2025,0
Mozambique,1950,0
Mozambique,1951,0
Mozambique,1952,0
Mozambique,1953,0
Mozambique,1954,0
Mozambique,1955,0
Mozambique,1956,0
Mozambique,1957,0
Mozambique,1958,0
Mozambique,1959,0
Mozambique,1960,0
Mozambique,1961,0
Mozambique,1962,0
Mozambique,1963,0
Mozambique,1964,0
Mozambique,1965,0
Mozambique,1966,0
Mozambique,1967,0
Mozambique,1968,0
Mozambique,1969,0
Mozambique,1970,0
Mozambique,1971,0
Mozambique,1972,0
Mozambique,1973,0
Mozambique,1974,0
Mozambique,1975,0
Mozambique,1976,0
Mozambique,1977,0
Mozambique,1978,0
Mozambique,1979,0
Mozambique,1980,0
Mozambique,1981,0
Mozambique,1982,0
Mozambique,1983,0
Mozambique,1984,0
Mozambique,1985,0
Mozambique,1986,0
Mozambique,1987,0
Mozambique,1988,0
Mozambique,1989,0
Mozambique,1990,0
Mozambique,1991,0
Mozambique,1992,0
Mozambique,1993,0
Mozambique,1994,0
Mozambique,1995,0
Mozambique,1996,0
Mozambique,1997,0
Mozambique,1998,0
Mozambique,1999,0
Mozambique,2000,0
Mozambique,2001,0
Mozambique,2002,0
Mozambique,2003,0
Mozambique,2004,0
Mozambique,2005,0
Mozambique,2006,0
Mozambique,2007,0
Mozambique,2008,0
Mozambique,2009,0
Mozambique,2010,0
Mozambique,2011,0
Mozambique,2012,0
Mozambique,2013,0
Mozambique,2014,0
Mozambique,2015,0
Mozambique,2016,0
Mozambique,2017,0
Mozambique,2018,0
Mozambique,2019,0
Mozambique,2020,0
Mozambique,2021,0
Mozambique,2022,0
Mozambique,2023,0
Mozambique,2024,0
Mozambique,2025,0
Myanmar,1950,0
Myanmar,1951,0
Myanmar,1952,0
Myanmar,1953,0
Myanmar,1954,0
Myanmar,1955,0
Myanmar,1956,0
Myanmar,1957,0
Myanmar,1958,0
Myanmar,1959,0
Myanmar,1960,0
Myanmar,1961,0
Myanmar,1962,0
Myanmar,1963,0
Myanmar,1964,0
Myanmar,1965,0
Myanmar,1966,0
Myanmar,1967,0
Myanmar,1968,0
Myanmar,1969,0
Myanmar,1970,0
Myanmar,1971,0
Myanmar,1972,0
Myanmar,1973,0
Myanmar,1974,0
Myanmar,1975,0
Myanmar,1976,0
Myanmar,1977,0
Myanmar,1978,0
Myanmar,1979,0
Myanmar,1980,0
Myanmar,1981,0
Myanmar,1982,0
Myanmar,1983,0
Myanmar,1984,0
Myanmar,1985,0
Myanmar,1986,0
Myanmar,1987,0
Myanmar,1988,0
Myanmar,1989,0
Myanmar,1990,0
Myanmar,1991,0
Myanmar,1992,0
Myanmar,1993,0
Myanmar,1994,0
Myanmar,1995,0
Myanmar,1996,0
Myanmar,1997,0
Myanmar,1998,0
Myanmar,1999,0
Myanmar,2000,0
Myanmar,2001,0
Myanmar,2002,0
Myanmar,2003,0
Myanmar,2004,0
Myanmar,2005,0
Myanmar,2006,0
Myanmar,2007,0
Myanmar,2008,0
Myanmar,2009,0
Myanmar,2010,0
Myanmar,2011,0
Myanmar,2012,0
Myanmar,2013,0
Myanmar,2014,0
Myanmar,2015,0
Myanmar,2016,0
Myanmar,2017,0
Myanmar,2018,0
Myanmar,2019,0
Myanmar,2020,0
Myanmar,2021,0
Myanmar,2022,0
Myanmar,2023,0
Myanmar,2024,0
Myanmar,2025,0
Namibia,1950,0
Namibia,1951,0
Namibia,1952,0
Namibia,1953,0
Namibia,1954,0
Namibia,1955,0
Namibia,1956,0
Namibia,1957,0
Namibia,1958,0
Namibia,1959,0
Namibia,1960,0
Namibia,1961,0
Namibia,1962,0
Namibia,1963,0
Namibia,1964,0
Namibia,1965,0
Namibia,1966,0
Namibia,1967,0
Namibia,1968,0
Namibia,1969,0
Namibia,1970,0
Namibia,1971,0
Namibia,1972,0
Namibia,1973,0
Namibia,1974,0
Namibia,1975,0
Namibia,1976,0
Namibia,1977,0
Namibia,1978,0
Namibia,1979,0
Namibia,1980,0
Namibia,1981,0
Namibia,1982,0
Namibia,1983,0
Namibia,1984,0
Namibia,1985,0
Namibia,1986,0
Namibia,1987,0
Namibia,1988,0
Namibia,1989,0
Namibia,1990,1
Namibia,1991,1
Namibia,1992,1
Namibia,1993,1
Namibia,1994,1
Namibia,1995,1
Namibia,1996,1
Namibia,1997,1
Namibia,1998,1
Namibia,1999,1
Namibia,2000,1
Namibia,2001,1
Namibia,2002,1
Namibia,2003,1
Namibia,2004,1
Namibia,2005,1
Namibia,2006,1
Namibia,2007,1
Namibia,2008,1
Namibia,2009,1
Namibia,2010,1
Namibia,2011,1
Namibia,2012,1
Namibia,2013,1
Namibia,2014,1
Namibia,2015,1
Namibia,2016,1
Namibia,2017,1
Namibia,2018,1
Namibia,2019,1
Namibia,2020,1
Namibia,2021,1
Namibia,2022,1
Namibia,2023,1
Namibia,2024,1
Namibia,2025,1
Nepal,1950,0
Nepal,1951,0
Nepal,1952,0
Nepal,1953,0
Nepal,1954,0
Nepal,1955,0
Nepal,1956,0
Nepal,1957,0
Nepal,1958,0
Nepal,1959,0
Nepal,1960,0
Nepal,1961,0
Nepal,1962,0
Nepal,1963,0
Nepal,1964,0
Nepal,1965,0
Nepal,1966,0
Nepal,1967,0
Nepal,1968,0
Nepal,1969,0
Nepal,1970,0
Nepal,1971,0
Nepal,1972,0
Nepal,1973,0
Nepal,1974,0
Nepal,1975,0
Nepal,1976,0
Nepal,1977,0
Nepal,1978,0
Nepal,1979,0
Nepal,1980,0
Nepal,1981,0
Nepal,1982,0
Nepal,1983,0
Nepal,1984,0
Nepal,1985,0
Nepal,1986,0
Nepal,1987,0
Nepal,1988,0
Nepal,1989,0
Nepal,1990,0
Nepal,1991,0
Nepal,1992,0
Nepal,1993,0
Nepal,1994,0
Nepal,1995,0
Nepal,1996,0
Nepal,1997,0
Nepal,1998,0
Nepal,1999,0
Nepal,2000,0
Nepal,2001,0
Nepal,2002,0
Nepal,2003,0
Nepal,2004,0
Nepal,2005,0
Nepal,2006,0
Nepal,2007,0
Nepal,2008,0
Nepal,2009,1
Nepal,2010,1
Nepal,2011,1
Nepal,2012,0
Nepal,2013,0
Nepal,2014,1
Nepal,2015,1
Nepal,2016,1
Nepal,2017,1
Nepal,2018,1
Nepal,2019,1
Nepal,2020,1
Nepal,2021,1
Nepal,2022,1
Nepal,2023,1
Nepal,2024,1
Nepal,2025,1
Netherlands,1950,1
Netherlands,1951,1
Netherlands,1952,1
Netherlands,1953,1
Netherlands,1954,1
Netherlands,1955,1
Netherlands,1956,1
Netherlands,1957,1
Netherlands,1958,1
Netherlands,1959,1
Netherlands,1960,1
Netherlands,1961,1
Netherlands,1962,1
Netherlands,1963,1
Netherlands,1964,1
Netherlands,1965,1
Netherlands,1966,1
Netherlands,1967,1
Netherlands,1968,1
Netherlands,1969,1
Netherlands,1970,1
Netherlands,1971,1
Netherlands,1972,1
Netherlands,1973,1
Netherlands,1974,1
Netherlands,1975,1
Netherlands,1976,1
Netherlands,1977,1
Netherlands,1978,1
Netherlands,1979,1
Netherlands,1980,1
Netherlands,1981,1
Netherlands,1982,1
Netherlands,1983,1
Netherlands,1984,1
Netherlands,1985,1
Netherlands,1986,1
Netherlands,1987,1
Netherlands,1988,1
Netherlands,1989,1
Netherlands,1990,1
Netherlands,1991,1
Netherlands,1992,1
Netherlands,1993,1
Netherlands,1994,1
Netherlands,1995,1
Netherlands,1996,1
Netherlands,1997,1
Netherlands,1998,1
Netherlands,1999,1
Netherlands,2000,1
Netherlands,2001,1
Netherlands,2002,1
Netherlands,2003,1
Netherlands,2004,1
Netherlands,2005,1
Netherlands,2006,1
Netherlands,2007,1
Netherlands,2008,1
Netherlands,2009,1
Netherlands,2010,1
Netherlands,2011,1
Netherlands,2012,1
Netherlands,2013,1
Netherlands,2014,1
Netherlands,2015,1
Netherlands,2016,1
Netherlands,2017,1
Netherlands,2018,1
Netherlands,2019,1
Netherlands,2020,1
Netherlands,2021,1
Netherlands,2022,1
Netherlands,2023,1
Netherlands,2024,1
Netherlands,2025,1
New Zealand,1950,1
New Zealand,1951,1
New Zealand,1952,1
New Zealand,1953,1
New Zealand,1954,1
New Zealand,1955,1
New Zealand,1956,1
New Zealand,1957,1
New Zealand,1958,1
New Zealand,1959,1
New Zealand,1960,1
New Zealand,1961,1
New Zealand,1962,1
New Zealand,1963,1
New Zealand,1964,1
New Zealand,1965,1
New Zealand,1966,1
New Zealand,1967,1
New Zealand,1968,1
New Zealand,1969,1
New Zealand,1970,1
New Zealand,1971,1
New Zealand,1972,1
New Zealand,1973,1
New Zealand,1974,1
New Zealand,1975,1
New Zealand,1976,1
New Zealand,1977,1
New Zealand,1978,1
New Zealand,1979,1
New Zealand,1980,1
New Zealand,1981,1
New Zealand,1982,1
New Zealand,1983,1
New Zealand,1984,1
New Zealand,1985,1
New Zealand,1986,1
New Zealand,1987,1
New Zealand,1988,1
New Zealand,1989,1
New Zealand,1990,1
New Zealand,1991,1
New Zealand,1992,1
New Zealand,1993,1
New Zealand,1994,1
New Zealand,1995,1
New Zealand,1996,1
New Zealand,1997,1
New Zealand,1998,1
New Zealand,1999,1
New Zealand,2000,1
New Zealand,2001,1
New Zealand,2002,1
New Zealand,2003,1
New Zealand,2004,1
New Zealand,2005,1
New Zealand,2006,1
New Zealand,2007,1
New Zealand,2008,1
New Zealand,2009,1
New Zealand,2010,1
New Zealand,2011,1
New Zealand,2012,1
New Zealand,2013,1
New Zealand,2014,1
New Zealand,2015,1
New Zealand,2016,1
New Zealand,2017,1
New Zealand,2018,1
New Zealand,2019,1
New Zealand,2020,1
New Zealand,2021,1
New Zealand,2022,1
New Zealand,2023,1
New Zealand,2024,1
New Zealand,2025,1
Niger,1950,0
Niger,1951,0
Niger,1952,0
Niger,1953,0
Niger,1954,0
Niger,1955,0
Niger,1956,0
Niger,1957,0
Niger,1958,0
Niger,1959,0
Niger,1960,0
Niger,1961,0
Niger,1962,0
Niger,1963,0
Niger,1964,0
Niger,1965,0
Niger,1966,0
Niger,1967,0
Niger,1968,0
Niger,1969,0
Niger,1970,0
Niger,1971,0
Niger,1972,0
Niger,1973,0
Niger,1974,0
Niger,1975,0
Niger,1976,0
Niger,1977,0
Niger,1978,0
Niger,1979,0
Niger,1980,0
Niger,1981,0
Niger,1982,0
Niger,1983,0
Niger,1984,0
Niger,1985,0
Niger,1986,0
Niger,1987,0
Niger,1988,0
Niger,1989,0
Niger,1990,0
Niger,1991,0
Niger,1992,0
Niger,1993,1
Niger,1994,1
Niger,1995,1
Niger,1996,0
Niger,1997,0
Niger,1998,0
Niger,1999,0
Niger,2000,1
Niger,2001,1
Niger,2002,1
Niger,2003,1
Niger,2004,1
Niger,2005,1
Niger,2006,1
Niger,2007,1
Niger,2008,1
Niger,2009,0
Niger,2010,0
Niger,2011,1
Niger,2012,1
Niger,2013,1
Niger,2014,1
Niger,2015,1
Niger,2016,1
Niger,2017,1
Niger,2018,1
Niger,2019,1
Niger,2020,1
Niger,2021,1
Niger,2022,1
Niger,2023,0
Niger,2024,0
Niger,2025,0
Nigeria,1950,0
Nigeria,1951,0
Nigeria,1952,0
Nigeria,1953,0
Nigeria,1954,0
Nigeria,1955,0
Nigeria,1956,0
Nigeria,1957,0
Nigeria,1958,0
Nigeria,1959,0
Nigeria,1960,0
Nigeria,1961,0
Nigeria,1962,0
Nigeria,1963,0
Nigeria,1964,0
Nigeria,1965,0
Nigeria,1966,0
Nigeria,1967,0
Nigeria,1968,0
Nigeria,1969,0
Nigeria,1970,0
Nigeria,1971,0
Nigeria,1972,0
Nigeria,1973,0
Nigeria,1974,0
Nigeria,1975,0
Nigeria,1976,0
Nigeria,1977,0
Nigeria,1978,0
Nigeria,1979,0
Nigeria,1980,0
Nigeria,1981,0
Nigeria,1982,0
Nigeria,1983,0
Nigeria,1984,0
Nigeria,1985,0
Nigeria,1986,0
Nigeria,1987,0
Nigeria,1988,0
Nigeria,1989,0
Nigeria,1990,0
Nigeria,1991,0
Nigeria,1992,0
Nigeria,1993,0
Nigeria,1994,0
Nigeria,1995,0
Nigeria,1996,0
Nigeria,1997,0
Nigeria,1998,0
Nigeria,1999,0
Nigeria,2000,0
Nigeria,2001,0
Nigeria,2002,0
Nigeria,2003,0
Nigeria,2004,0
Nigeria,2005,0
Nigeria,2006,0
Nigeria,2007,0
Nigeria,2008,0
Nigeria,2009,0
Nigeria,2010,0
Nigeria,2011,0
Nigeria,2012,1
Nigeria,2013,1
Nigeria,2014,1
Nigeria,2015,1
Nigeria,2016,1
Nigeria,2017,1
Nigeria,2018,1
Nigeria,2019,1
Nigeria,2020,1
Nigeria,2021,0
Nigeria,2022,0
Nigeria,2023,0
Nigeria,2024,0
Nigeria,2025,1
North Korea,1950,0
North Korea,1951,0
North Korea,1952,0
North Korea,1953,0
North Korea,1954,0
North Korea,1955,0
North Korea,1956,0
North Korea,1957,0
North Korea,1958,0
North Korea,1959,0
North Korea,1960,0
North Korea,1961,0
North Korea,1962,0
North Korea,1963,0
North Korea,1964,0
North Korea,1965,0
North Korea,1966,0
North Korea,1967,0
North Korea,1968,0
North Korea,1969,0
North Korea,1970,0
North Korea,1971,0
North Korea,1972,0
North Korea,1973,0
North Korea,1974,0
North Korea,1975,0
North Korea,1976,0
North Korea,1977,0
North Korea,1978,0
North Korea,1979,0
North Korea,1980,0
North Korea,1981,0
North Korea,1982,0
North Korea,1983,0
North Korea,1984,0
North Korea,1985,0
North Korea,1986,0
North Korea,1987,0
North Korea,1988,0
North Korea,1989,0
North Korea,1990,0
North Korea,1991,0
North Korea,1992,0
North Korea,1993,0
North Korea,1994,0
North Korea,1995,0
North Korea,1996,0
North Korea,1997,0
North Korea,1998,0
North Korea,1999,0
North Korea,2000,0
North Korea,2001,0
North Korea,2002,0
North Korea,2003,0
North Korea,2004,0
North Korea,2005,0
North Korea,2006,0
North Korea,2007,0
North Korea,2008,0
North Korea,2009,0
North Korea,2010,0
North Korea,2011,0
North Korea,2012,0
North Korea,2013,0
North Korea,2014,0
North Korea,2015,0
North Korea,2016,0
North Korea,2017,0
North Korea,2018,0
North Korea,2019,0
North Korea,2020,0
North Korea,2021,0
North Korea,2022,0
North Korea,2023,0
North Korea,2024,0
North Korea,2025,0
North Macedonia,1950,0
North Macedonia,1951,0
North Macedonia,1952,0
North Macedonia,1953,0
North Macedonia,1954,0
North Macedonia,1955,0
North Macedonia,1956,0
North Macedonia,1957,0
North Macedonia,1958,0
North Macedonia,1959,0
North Macedonia,1960,0
North Macedonia,1961,0
North Macedonia,1962,0
North Macedonia,1963,0
North Macedonia,1964,0
North Macedonia,1965,0
North Macedonia,1966,0
North Macedonia,1967,0
North Macedonia,1968,0
North Macedonia,1969,0
North Macedonia,1970,0
North Macedonia,1971,0
North Macedonia,1972,0
North Macedonia,1973,0
North Macedonia,1974,0
North Macedonia,1975,0
North Macedonia,1976,0
North Macedonia,1977,0
North Macedonia,1978,0
North Macedonia,1979,0
North Macedonia,1980,0
North Macedonia,1981,0
North Macedonia,1982,0
North Macedonia,1983,0
North Macedonia,1984,0
North Macedonia,1985,0
North Macedonia,1986,0
North Macedonia,1987,0
North Macedonia,1988,0
North Macedonia,1989,0
North Macedonia,1990,0
North Macedonia,1991,0
North Macedonia,1992,0
North Macedonia,1993,0
North Macedonia,1994,0
North Macedonia,1995,0
North Macedonia,1996,0
North Macedonia,1997,0
North Macedonia,1998,1
North Macedonia,1999,0
North Macedonia,2000,0
North Macedonia,2001,0
North Macedonia,2002,1
North Macedonia,2003,1
North Macedonia,2004,1
North Macedonia,2005,1
North Macedonia,2006,1
North Macedonia,2007,1
North Macedonia,2008,1
North Macedonia,2009,1
North Macedonia,2010,1
North Macedonia,2011,0
North Macedonia,2012,0
North Macedonia,2013,0
North Macedonia,2014,0
North Macedonia,2015,0
North Macedonia,2016,0
North Macedonia,2017,1
North Macedonia,2018,1
North Macedonia,2019,1
North Macedonia,2020,1
North Macedonia,2021,1
North Macedonia,2022,1
North Macedonia,2023,1
North Macedonia,2024,1
North Macedonia,2025,1
Norway,1950,1
Norway,1951,1
Norway,1952,1
Norway,1953,1
Norway,1954,1
Norway,1955,1
Norway,1956,1
Norway,1957,1
Norway,1958,1
Norway,1959,1
Norway,1960,1
Norway,1961,1
Norway,1962,1
Norway,1963,1
Norway,1964,1
Norway,1965,1
Norway,1966,1
Norway,1967,1
Norway,1968,1
Norway,1969,1
Norway,1970,1
Norway,1971,1
Norway,1972,1
Norway,1973,1
Norway,1974,1
Norway,1975,1
Norway,1976,1
Norway,1977,1
Norway,1978,1
Norway,1979,1
Norway,1980,1
Norway,1981,1
Norway,1982,1
Norway,1983,1
Norway,1984,1
Norway,1985,1
Norway,1986,1
Norway,1987,1
Norway,1988,1
Norway,1989,1
Norway,1990,1
Norway,1991,1
Norway,1992,1
Norway,1993,1
Norway,1994,1
Norway,1995,1
Norway,1996,1
Norway,1997,1
Norway,1998,1
Norway,1999,1
Norway,2000,1
Norway,2001,1
Norway,2002,1
Norway,2003,1
Norway,2004,1
Norway,2005,1
Norway,2006,1
Norway,2007,1
Norway,2008,1
Norway,2009,1
Norway,2010,1
Norway,2011,1
Norway,2012,1
Norway,2013,1
Norway,2014,1
Norway,2015,1
Norway,2016,1
Norway,2017,1
Norway,2018,1
Norway,2019,1
Norway,2020,1
Norway,2021,1
Norway,2022,1
Norway,2023,1
Norway,2024,1
Norway,2025,1
Oman,1950,0
Oman,1951,0
Oman,1952,0
Oman,1953,0
Oman,1954,0
Oman,1955,0
Oman,1956,0
Oman,1957,0
Oman,1958,0
Oman,1959,0
Oman,1960,0
Oman,1961,0
Oman,1962,0
Oman,1963,0
Oman,1964,0
Oman,1965,0
Oman,1966,0
Oman,1967,0
Oman,1968,0
Oman,1969,0
Oman,1970,0
Oman,1971,0
Oman,1972,0
Oman,1973,0
Oman,1974,0
Oman,1975,0
Oman,1976,0
Oman,1977,0
Oman,1978,0
Oman,1979,0
Oman,1980,0
Oman,1981,0
Oman,1982,0
Oman,1983,0
Oman,1984,0
Oman,1985,0
Oman,1986,0
Oman,1987,0
Oman,1988,0
Oman,1989,0
Oman,1990,0
Oman,1991,0
Oman,1992,0
Oman,1993,0
Oman,1994,0
Oman,1995,0
Oman,1996,0
Oman,1997,0
Oman,1998,0
Oman,1999,0
Oman,2000,0
Oman,2001,0
Oman,2002,0
Oman,2003,0
Oman,2004,0
Oman,2005,0
Oman,2006,0
Oman,2007,0
Oman,2008,0
Oman,2009,0
Oman,2010,0
Oman,2011,0
Oman,2012,0
Oman,2013,0
Oman,2014,0
Oman,2015,0
Oman,2016,0
Oman,2017,0
Oman,2018,0
Oman,2019,0
Oman,2020,0
Oman,2021,0
Oman,2022,0
Oman,2023,0
Oman,2024,0
Oman,2025,0
Pakistan,1950,0
Pakistan,1951,0
Pakistan,1952,0
Pakistan,1953,0
Pakistan,1954,0
Pakistan,1955,0
Pakistan,1956,0
Pakistan,1957,0
Pakistan,1958,0
Pakistan,1959,0
Pakistan,1960,0
Pakistan,1961,0
Pakistan,1962,0
Pakistan,1963,0
Pakistan,1964,0
Pakistan,1965,0
Pakistan,1966,0
Pakistan,1967,0
Pakistan,1968,0
Pakistan,1969,0
Pakistan,1970,0
Pakistan,1971,0
Pakistan,1972,0
Pakistan,1973,0
Pakistan,1974,0
Pakistan,1975,0
Pakistan,1976,0
Pakistan,1977,0
Pakistan,1978,0
Pakistan,1979,0
Pakistan,1980,0
Pakistan,1981,0
Pakistan,1982,0
Pakistan,1983,0
Pakistan,1984,0
Pakistan,1985,0
Pakistan,1986,0
Pakistan,1987,0
Pakistan,1988,0
Pakistan,1989,0
Pakistan,1990,0
Pakistan,1991,0
Pakistan,1992,0
Pakistan,1993,0
Pakistan,1994,0
Pakistan,1995,0
Pakistan,1996,0
Pakistan,1997,0
Pakistan,1998,0
Pakistan,1999,0
Pakistan,2000,0
Pakistan,2001,0
Pakistan,2002,0
Pakistan,2003,0
Pakistan,2004,0
Pakistan,2005,0
Pakistan,2006,0
Pakistan,2007,0
Pakistan,2008,0
Pakistan,2009,0
Pakistan,2010,0
Pakistan,2011,0
Pakistan,2012,0
Pakistan,2013,0
Pakistan,2014,0
Pakistan,2015,0
Pakistan,2016,0
Pakistan,2017,0
Pakistan,2018,0
Pakistan,2019,0
Pakistan,2020,0
Pakistan,2021,0
Pakistan,2022,0
Pakistan,2023,0
Pakistan,2024,0
Pakistan,2025,0
Panama,1950,0
Panama,1951,0
Panama,1952,0
Panama,1953,0
Panama,1954,0
Panama,1955,0
Panama,1956,0
Panama,1957,0
Panama,1958,0
Panama,1959,0
Panama,1960,0
Panama,1961,0
Panama,1962,0
Panama,1963,0
Panama,1964,0
Panama,1965,0
Panama,1966,0
Panama,1967,0
Panama,1968,0
Panama,1969,0
Panama,1970,0
Panama,1971,0
Panama,1972,0
Panama,1973,0
Panama,1974,0
Panama,1975,0
Panama,1976,0
Panama,1977,0
Panama,1978,0
Panama,1979,0
Panama,1980,0
Panama,1981,0
Panama,1982,0
Panama,1983,0
Panama,1984,0
Panama,1985,0
Panama,1986,0
Panama,1987,0
Panama,1988,0
Panama,1989,0
Panama,1990,0
Panama,1991,1
Panama,1992,1
Panama,1993,1
Panama,1994,1
Panama,1995,1
Panama,1996,1
Panama,1997,1
Panama,1998,1
Panama,1999,1
Panama,2000,1
Panama,2001,1
Panama,2002,1
Panama,2003,1
Panama,2004,1
Panama,2005,1
Panama,2006,1
Panama,2007,1
Panama,2008,1
Panama,2009,1
Panama,2010,1
Panama,2011,1
Panama,2012,1
Panama,2013,1
Panama,2014,1
Panama,2015,1
Panama,2016,1
Panama,2017,1
Panama,2018,1
Panama,2019,1
Panama,2020,1
Panama,2021,1
Panama,2022,1
Panama,2023,1
Panama,2024,1
Panama,2025,1
Papua New Guinea,1950,0
Papua New Guinea,1951,0
Papua New Guinea,1952,0
Papua New Guinea,1953,0
Papua New Guinea,1954,0
Papua New Guinea,1955,0
Papua New Guinea,1956,0
Papua New Guinea,1957,0
Papua New Guinea,1958,0
Papua New Guinea,1959,0
Papua New Guinea,1960,0
Papua New Guinea,1961,0
Papua New Guinea,1962,0
Papua New Guinea,1963,0
Papua New Guinea,1964,0
Papua New Guinea,1965,0
Papua New Guinea,1966,0
Papua New Guinea,1967,0
Papua New Guinea,1968,0
Papua New Guinea,1969,0
Papua New Guinea,1970,0
Papua New Guinea,1971,0
Papua New Guinea,1972,0
Papua New Guinea,1973,1
Papua New Guinea,1974,1
Papua New Guinea,1975,1
Papua New Guinea,1976,1
Papua New Guinea,1977,1
Papua New Guinea,1978,1
Papua New Guinea,1979,1
Papua New Guinea,1980,1
Papua New Guinea,1981,1
Papua New Guinea,1982,1
Papua New Guinea,1983,1
Papua New Guinea,1984,1
Papua New Guinea,1985,1
Papua New Guinea,1986,1
Papua New Guinea,1987,1
Papua New Guinea,1988,1
Papua New Guinea,1989,1
Papua New Guinea,1990,1
Papua New Guinea,1991,1
Papua New Guinea,1992,1
Papua New Guinea,1993,1
Papua New Guinea,1994,1
Papua New Guinea,1995,1
Papua New Guinea,1996,1
Papua New Guinea,1997,1
Papua New Guinea,1998,1
Papua New Guinea,1999,1
Papua New Guinea,2000,1
Papua New Guinea,2001,1
Papua New Guinea,2002,1
Papua New Guinea,2003,1
Papua New Guinea,2004,1
Papua New Guinea,2005,1
Papua New Guinea,2006,1
Papua New Guinea,2007,1
Papua New Guinea,2008,0
Papua New Guinea,2009,0
Papua New Guinea,2010,0
Papua New Guinea,2011,0
Papua New Guinea,2012,0
Papua New Guinea,2013,0
Papua New Guinea,2014,0
Papua New Guinea,2015,0
Papua New Guinea,2016,0
Papua New Guinea,2017,0
Papua New Guinea,2018,0
Papua New Guinea,2019,0
Papua New Guinea,2020,0
Papua New Guinea,2021,0
Papua New Guinea,2022,0
Papua New Guinea,2023,0
Papua New Guinea,2024,0
Papua New Guinea,2025,0
Paraguay,1950,0
Paraguay,1951,0
Paraguay,1952,0
Paraguay,1953,0
Paraguay,1954,0
Paraguay,1955,0
Paraguay,1956,0
Paraguay,1957,0
Paraguay,1958,0
Paraguay,1959,0
Paraguay,1960,0
Paraguay,1961,0
Paraguay,1962,0
Paraguay,1963,0
Paraguay,1964,0
Paraguay,1965,0
Paraguay,1966,0
Paraguay,1967,0
Paraguay,1968,0
Paraguay,1969,0
Paraguay,1970,0
Paraguay,1971,0
Paraguay,1972,0
Paraguay,1973,0
Paraguay,1974,0
Paraguay,1975,0
Paraguay,1976,0
Paraguay,1977,0
Paraguay,1978,0
Paraguay,1979,0
Paraguay,1980,0
Paraguay,1981,0
Paraguay,1982,0
Paraguay,1983,0
Paraguay,1984,0
Paraguay,1985,0
Paraguay,1986,0
Paraguay,1987,0
Paraguay,1988,0
Paraguay,1989,0
Paraguay,1990,0
Paraguay,1991,0
Paraguay,1992,0
Paraguay,1993,1
Paraguay,1994,1
Paraguay,1995,1
Paraguay,1996,1
Paraguay,1997,1
Paraguay,1998,1
Paraguay,1999,1
Paraguay,2000,1
Paraguay,2001,1
Paraguay,2002,1
Paraguay,2003,1
Paraguay,2004,1
Paraguay,2005,1
Paraguay,2006,1
Paraguay,2007,1
Paraguay,2008,1
Paraguay,2009,1
Paraguay,2010,1
Paraguay,2011,1
Paraguay,2012,1
Paraguay,2013,1
Paraguay,2014,1
Paraguay,2015,1
Paraguay,2016,1
Paraguay,2017,1
Paraguay,2018,1
Paraguay,2019,1
Paraguay,2020,1
Paraguay,2021,1
Paraguay,2022,1
Paraguay,2023,1
Paraguay,2024,1
Paraguay,2025,1
Peru,1950,0
Peru,1951,0
Peru,1952,0
Peru,1953,0
Peru,1954,0
Peru,1955,0
Peru,1956,0
Peru,1957,0
Peru,1958,0
Peru,1959,0
Peru,1960,0
Peru,1961,0
Peru,1962,0
Peru,1963,0
Peru,1964,0
Peru,1965,0
Peru,1966,0
Peru,1967,0
Peru,1968,0
Peru,1969,0
Peru,1970,0
Peru,1971,0
Peru,1972,0
Peru,1973,0
Peru,1974,0
Peru,1975,0
Peru,1976,0
Peru,1977,0
Peru,1978,0
Peru,1979,0
Peru,1980,0
Peru,1981,1
Peru,1982,1
Peru,1983,1
Peru,1984,1
Peru,1985,1
Peru,1986,1
Peru,1987,1
Peru,1988,1
Peru,1989,1
Peru,1990,1
Peru,1991,1
Peru,1992,0
Peru,1993,0
Peru,1994,0
Peru,1995,0
Peru,1996,0
Peru,1997,0
Peru,1998,0
Peru,1999,0
Peru,2000,0
Peru,2001,1
Peru,2002,1
Peru,2003,1
Peru,2004,1
Peru,2005,1
Peru,2006,1
Peru,2007,1
Peru,2008,1
Peru,2009,1
Peru,2010,1
Peru,2011,1
Peru,2012,1
Peru,2013,1
Peru,2014,1
Peru,2015,1
Peru,2016,1
Peru,2017,1
Peru,2018,1
Peru,2019,1
Peru,2020,1
Peru,2021,1
Peru,2022,1
Peru,2023,1
Peru,2024,1
Peru,2025,1
Poland,1950,0
Poland,1951,0
Poland,1952,0
Poland,1953,0
Poland,1954,0
Poland,1955,0
Poland,1956,0
Poland,1957,0
Poland,1958,0
Poland,1959,0
Poland,1960,0
Poland,1961,0
Poland,1962,0
Poland,1963,0
Poland,1964,0
Poland,1965,0
Poland,1966,0
Poland,1967,0
Poland,1968,0
Poland,1969,0
Poland,1970,0
Poland,1971,0
Poland,1972,0
Poland,1973,0
Poland,1974,0
Poland,1975,0
Poland,1976,0
Poland,1977,0
Poland,1978,0
Poland,1979,0
Poland,1980,0
Poland,1981,0
Poland,1982,0
Poland,1983,0
Poland,1984,0
Poland,1985,0
Poland,1986,0
Poland,1987,0
Poland,1988,0
Poland,1989,0
Poland,1990,1
Poland,1991,1
Poland,1992,1
Poland,1993,1
Poland,1994,1
Poland,1995,1
Poland,1996,1
Poland,1997,1
Poland,1998,1
Poland,1999,1
Poland,2000,1
Poland,2001,1
Poland,2002,1
Poland,2003,1
Poland,2004,1
Poland,2005,1
Poland,2006,1
Poland,2007,1
Poland,2008,1
Poland,2009,1
Poland,2010,1
Poland,2011,1
Poland,2012,1
Poland,2013,1
Poland,2014,1
Poland,2015,1
Poland,2016,1
Poland,2017,1
Poland,2018,1
Poland,2019,1
Poland,2020,1
Poland,2021,1
Poland,2022,1
Poland,2023,1
Poland,2024,1
Poland,2025,1
Portugal,1950,0
Portugal,1951,0
Portugal,1952,0
Portugal,1953,0
Portugal,1954,0
Portugal,1955,0
Portugal,1956,0
Portugal,1957,0
Portugal,1958,0
Portugal,1959,0
Portugal,1960,0
Portugal,1961,0
Portugal,1962,0
Portugal,1963,0
Portugal,1964,0
Portugal,1965,0
Portugal,1966,0
Portugal,1967,0
Portugal,1968,0
Portugal,1969,0
Portugal,1970,0
Portugal,1971,0
Portugal,1972,0
Portugal,1973,0
Portugal,1974,0
Portugal,1975,0
Portugal,1976,1
Portugal,1977,1
Portugal,1978,1
Portugal,1979,1
Portugal,1980,1
Portugal,1981,1
Portugal,1982,1
Portugal,1983,1
Portugal,1984,1
Portugal,1985,1
Portugal,1986,1
Portugal,1987,1
Portugal,1988,1
Portugal,1989,1
Portugal,1990,1
Portugal,1991,1
Portugal,1992,1
Portugal,1993,1
Portugal,1994,1
Portugal,1995,1
Portugal,1996,1
Portugal,1997,1
Portugal,1998,1
Portugal,1999,1
Portugal,2000,1
Portugal,2001,1
Portugal,2002,1
Portugal,2003,1
Portugal,2004,1
Portugal,2005,1
Portugal,2006,1
Portugal,2007,1
Portugal,2008,1
Portugal,2009,1
Portugal,2010,1
Portugal,2011,1
Portugal,2012,1
Portugal,2013,1
Portugal,2014,1
Portugal,2015,1
Portugal,2016,1
Portugal,2017,1
Portugal,2018,1
Portugal,2019,1
Portugal,2020,1
Portugal,2021,1
Portugal,2022,1
Portugal,2023,1
Portugal,2024,1
Portugal,2025,1
Qatar,1950,0
Qatar,1951,0
Qatar,1952,0
Qatar,1953,0
Qatar,1954,0
Qatar,1955,0
Qatar,1956,0
Qatar,1957,0
Qatar,1958,0
Qatar,1959,0
Qatar,1960,0
Qatar,1961,0
Qatar,1962,0
Qatar,1963,0
Qatar,1964,0
Qatar,1965,0
Qatar,1966,0
Qatar,1967,0
Qatar,1968,0
Qatar,1969,0
Qatar,1970,0
Qatar,1971,0
Qatar,1972,0
Qatar,1973,0
Qatar,1974,0
Qatar,1975,0
Qatar,1976,0
Qatar,1977,0
Qatar,1978,0
Qatar,1979,0
Qatar,1980,0
Qatar,1981,0
Qatar,1982,0
Qatar,1983,0
Qatar,1984,0
Qatar,1985,0
Qatar,1986,0
Qatar,1987,0
Qatar,1988,0
Qatar,1989,0
Qatar,1990,0
Qatar,1991,0
Qatar,1992,0
Qatar,1993,0
Qatar,1994,0
Qatar,1995,0
Qatar,1996,0
Qatar,1997,0
Qatar,1998,0
Qatar,1999,0
Qatar,2000,0
Qatar,2001,0
Qatar,2002,0
Qatar,2003,0
Qatar,2004,0
Qatar,2005,0
Qatar,2006,0
Qatar,2007,0
Qatar,2008,0
Qatar,2009,0
Qatar,2010,0
Qatar,2011,0
Qatar,2012,0
Qatar,2013,0
Qatar,2014,0
Qatar,2015,0
Qatar,2016,0
Qatar,2017,0
Qatar,2018,0
Qatar,2019,0
Qatar,2020,0
Qatar,2021,0
Qatar,2022,0
Qatar,2023,0
Qatar,2024,0
Qatar,2025,0
Romania,1950,0
Romania,1951,0
Romania,1952,0
Romania,1953,0
Romania,1954,0
Romania,1955,0
Romania,1956,0
Romania,1957,0
Romania,1958,0
Romania,1959,0
Romania,1960,0
Romania,1961,0
Romania,1962,0
Romania,1963,0
Romania,1964,0
Romania,1965,0
Romania,1966,0
Romania,1967,0
Romania,1968,0
Romania,1969,0
Romania,1970,0
Romania,1971,0
Romania,1972,0
Romania,1973,0
Romania,1974,0
Romania,1975,0
Romania,1976,0
Romania,1977,0
Romania,1978,0
Romania,1979,0
Romania,1980,0
Romania,1981,0
Romania,1982,0
Romania,1983,0
Romania,1984,0
Romania,1985,0
Romania,1986,0
Romania,1987,0
Romania,1988,0
Romania,1989,0
Romania,1990,1
Romania,1991,1
Romania,1992,1
Romania,1993,1
Romania,1994,1
Romania,1995,1
Romania,1996,1
Romania,1997,1
Romania,1998,1
Romania,1999,1
Romania,2000,1
Romania,2001,1
Romania,2002,1
Romania,2003,1
Romania,2004,1
Romania,2005,1
Romania,2006,1
Romania,2007,1
Romania,2008,1
Romania,2009,1
Romania,2010,1
Romania,2011,1
Romania,2012,1
Romania,2013,1
Romania,2014,1
Romania,2015,1
Romania,2016,1
Romania,2017,1
Romania,2018,1
Romania,2019,1
Romania,2020,1
Romania,2021,1
Romania,2022,1
Romania,2023,1
Romania,2024,1
Romania,2025,1
Russia,1950,0
Russia,1951,0
Russia,1952,0
Russia,1953,0
Russia,1954,0
Russia,1955,0
Russia,1956,0
Russia,1957,0
Russia,1958,0
Russia,1959,0
Russia,1960,0
Russia,1961,0
Russia,1962,0
Russia,1963,0
Russia,1964,0
Russia,1965,0
Russia,1966,0
Russia,1967,0
Russia,1968,0
Russia,1969,0
Russia,1970,0
Russia,1971,0
Russia,1972,0
Russia,1973,0
Russia,1974,0
Russia,1975,0
Russia,1976,0
Russia,1977,0
Russia,1978,0
Russia,1979,0
Russia,1980,0
Russia,1981,0
Russia,1982,0
Russia,1983,0
Russia,1984,0
Russia,1985,0
Russia,1986,0
Russia,1987,0
Russia,1988,0
Russia,1989,0
Russia,1990,0
Russia,1991,0
Russia,1992,0
Russia,1993,0
Russia,1994,0
Russia,1995,0
Russia,1996,0
Russia,1997,0
Russia,1998,0
Russia,1999,0
Russia,2000,0
Russia,2001,0
Russia,2002,0
Russia,2003,0
Russia,2004,0
Russia,2005,0
Russia,2006,0
Russia,2007,0
Russia,2008,0
Russia,2009,0
Russia,2010,0
Russia,2011,0
Russia,2012,0
Russia,2013,0
Russia,2014,0
Russia,2015,0
Russia,2016,0
Russia,2017,0
Russia,2018,0
Russia,2019,0
Russia,2020,0
Russia,2021,0
Russia,2022,0
Russia,2023,0
Russia,2024,0
Russia,2025,0
Rwanda,1950,0
Rwanda,1951,0
Rwanda,1952,0
Rwanda,1953,0
Rwanda,1954,0
Rwanda,1955,0
Rwanda,1956,0
Rwanda,1957,0
Rwanda,1958,0
Rwanda,1959,0
Rwanda,1960,0
Rwanda,1961,0
Rwanda,1962,0
Rwanda,1963,0
Rwanda,1964,0
Rwanda,1965,0
Rwanda,1966,0
Rwanda,1967,0
Rwanda,1968,0
Rwanda,1969,0
Rwanda,1970,0
Rwanda,1971,0
Rwanda,1972,0
Rwanda,1973,0
Rwanda,1974,0
Rwanda,1975,0
Rwanda,1976,0
Rwanda,1977,0
Rwanda,1978,0
Rwanda,1979,0
Rwanda,1980,0
Rwanda,1981,0
Rwanda,1982,0
Rwanda,1983,0
Rwanda,1984,0
Rwanda,1985,0
Rwanda,1986,0
Rwanda,1987,0
Rwanda,1988,0
Rwanda,1989,0
Rwanda,1990,0
Rwanda,1991,0
Rwanda,1992,0
Rwanda,1993,0
Rwanda,1994,0
Rwanda,1995,0
Rwanda,1996,0
Rwanda,1997,0
Rwanda,1998,0
Rwanda,1999,0
Rwanda,2000,0
Rwanda,2001,0
Rwanda,2002,0
Rwanda,2003,0
Rwanda,2004,0
Rwanda,2005,0
Rwanda,2006,0
Rwanda,2007,0
Rwanda,2008,0
Rwanda,2009,0
Rwanda,2010,0
Rwanda,2011,0
Rwanda,2012,0
Rwanda,2013,0
Rwanda,2014,0
Rwanda,2015,0
Rwanda,2016,0
Rwanda,2017,0
Rwanda,2018,0
Rwanda,2019,0
Rwanda,2020,0
Rwanda,2021,0
Rwanda,2022,0
Rwanda,2023,0
Rwanda,2024,0
Rwanda,2025,0
Sao Tome and Principe,1950,0
Sao Tome and Principe,1951,0
Sao Tome and Principe,1952,0
Sao Tome and Principe,1953,0
Sao Tome and Principe,1954,0
Sao Tome and Principe,1955,0
Sao Tome and Principe,1956,0
Sao Tome and Principe,1957,0
Sao Tome and Principe,1958,0
Sao Tome and Principe,1959,0
Sao Tome and Principe,1960,0
Sao Tome and Principe,1961,0
Sao Tome and Principe,1962,0
Sao Tome and Principe,1963,0
Sao Tome and Principe,1964,0
Sao Tome and Principe,1965,0
Sao Tome and Principe,1966,0
Sao Tome and Principe,1967,0
Sao Tome and Principe,1968,0
Sao Tome and Principe,1969,0
Sao Tome and Principe,1970,0
Sao Tome and Principe,1971,0
Sao Tome and Principe,1972,0
Sao Tome and Principe,1973,0
Sao Tome and Principe,1974,0
Sao Tome and Principe,1975,0
Sao Tome and Principe,1976,0
Sao Tome and Principe,1977,0
Sao Tome and Principe,1978,0
Sao Tome and Principe,1979,0
Sao Tome and Principe,1980,0
Sao Tome and Principe,1981,0
Sao Tome and Principe,1982,0
Sao Tome and Principe,1983,0
Sao Tome and Principe,1984,0
Sao Tome and Principe,1985,0
Sao Tome and Principe,1986,0
Sao Tome and Principe,1987,0
Sao Tome and Principe,1988,0
Sao Tome and Principe,1989,0
Sao Tome and Principe,1990,0
Sao Tome and Principe,1991,1
Sao Tome and Principe,1992,1
Sao Tome and Principe,1993,1
Sao Tome and Principe,1994,1
Sao Tome and Principe,1995,1
Sao Tome and Principe,1996,1
Sao Tome and Principe,1997,1
Sao Tome and Principe,1998,1
Sao Tome and Principe,1999,1
Sao Tome and Principe,2000,1
Sao Tome and Principe,2001,1
Sao Tome and Principe,2002,1
Sao Tome and Principe,2003,1
Sao Tome and Principe,2004,1
Sao Tome and Principe,2005,1
Sao Tome and Principe,2006,1
Sao Tome and Principe,2007,1
Sao Tome and Principe,2008,1
Sao Tome and Principe,2009,1
Sao Tome and Principe,2010,1
Sao Tome and Principe,2011,1
Sao Tome and Principe,2012,1
Sao Tome and Principe,2013,1
Sao Tome and Principe,2014,1
Sao Tome and Principe,2015,1
Sao Tome and Principe,2016,1
Sao Tome and Principe,2017,1
Sao Tome and Principe,2018,1
Sao Tome and Principe,2019,1
Sao Tome and Principe,2020,1
Sao Tome and Principe,2021,1
Sao Tome and Principe,2022,1
Sao Tome and Principe,2023,1
Sao Tome and Principe,2024,1
Sao Tome and Principe,2025,1
Saudi Arabia,1950,0
Saudi Arabia,1951,0
Saudi Arabia,1952,0
Saudi Arabia,1953,0
Saudi Arabia,1954,0
Saudi Arabia,1955,0
Saudi Arabia,1956,0
Saudi Arabia,1957,0
Saudi Arabia,1958,0
Saudi Arabia,1959,0
Saudi Arabia,1960,0
Saudi Arabia,1961,0
Saudi Arabia,1962,0
Saudi Arabia,1963,0
Saudi Arabia,1964,0
Saudi Arabia,1965,0
Saudi Arabia,1966,0
Saudi Arabia,1967,0
Saudi Arabia,1968,0
Saudi Arabia,1969,0
Saudi Arabia,1970,0
Saudi Arabia,1971,0
Saudi Arabia,1972,0
Saudi Arabia,1973,0
Saudi Arabia,1974,0
Saudi Arabia,1975,0
Saudi Arabia,1976,0
Saudi Arabia,1977,0
Saudi Arabia,1978,0
Saudi Arabia,1979,0
Saudi Arabia,1980,0
Saudi Arabia,1981,0
Saudi Arabia,1982,0
Saudi Arabia,1983,0
Saudi Arabia,1984,0
Saudi Arabia,1985,0
Saudi Arabia,1986,0
Saudi Arabia,1987,0
Saudi Arabia,1988,0
Saudi Arabia,1989,0
Saudi Arabia,1990,0
Saudi Arabia,1991,0
Saudi Arabia,1992,0
Saudi Arabia,1993,0
Saudi Arabia,1994,0
Saudi Arabia,1995,0
Saudi Arabia,1996,0
Saudi Arabia,1997,0
Saudi Arabia,1998,0
Saudi Arabia,1999,0
Saudi Arabia,2000,0
Saudi Arabia,2001,0
Saudi Arabia,2002,0
Saudi Arabia,2003,0
Saudi Arabia,2004,0
Saudi Arabia,2005,0
Saudi Arabia,2006,0
Saudi Arabia,2007,0
Saudi Arabia,2008,0
Saudi Arabia,2009,0
Saudi Arabia,2010,0
Saudi Arabia,2011,0
Saudi Arabia,2012,0
Saudi Arabia,2013,0
Saudi Arabia,2014,0
Saudi Arabia,2015,0
Saudi Arabia,2016,0
Saudi Arabia,2017,0
Saudi Arabia,2018,0
Saudi Arabia,2019,0
Saudi Arabia,2020,0
Saudi Arabia,2021,0
Saudi Arabia,2022,0
Saudi Arabia,2023,0
Saudi Arabia,2024,0
Saudi Arabia,2025,0
Senegal,1950,0
Senegal,1951,0
Senegal,1952,0
Senegal,1953,0
Senegal,1954,0
Senegal,1955,0
Senegal,1956,0
Senegal,1957,0
Senegal,1958,0
Senegal,1959,0
Senegal,1960,0
Senegal,1961,0
Senegal,1962,0
Senegal,1963,0
Senegal,1964,0
Senegal,1965,0
Senegal,1966,0
Senegal,1967,0
Senegal,1968,0
Senegal,1969,0
Senegal,1970,0
Senegal,1971,0
Senegal,1972,0
Senegal,1973,0
Senegal,1974,0
Senegal,1975,0
Senegal,1976,0
Senegal,1977,0
Senegal,1978,0
Senegal,1979,0
Senegal,1980,0
Senegal,1981,0
Senegal,1982,0
Senegal,1983,0
Senegal,1984,0
Senegal,1985,0
Senegal,1986,0
Senegal,1987,0
Senegal,1988,0
Senegal,1989,0
Senegal,1990,1
Senegal,1991,1
Senegal,1992,1
Senegal,1993,1
Senegal,1994,1
Senegal,1995,1
Senegal,1996,1
Senegal,1997,1
Senegal,1998,1
Senegal,1999,1
Senegal,2000,1
Senegal,2001,1
Senegal,2002,1
Senegal,2003,1
Senegal,2004,1
Senegal,2005,1
Senegal,2006,1
Senegal,2007,1
Senegal,2008,1
Senegal,2009,1
Senegal,2010,1
Senegal,2011,1
Senegal,2012,1
Senegal,2013,1
Senegal,2014,1
Senegal,2015,1
Senegal,2016,1
Senegal,2017,1
Senegal,2018,1
Senegal,2019,1
Senegal,2020,1
Senegal,2021,1
Senegal,2022,1
Senegal,2023,1
Senegal,2024,1
Senegal,2025,1
Serbia,1950,0
Serbia,1951,0
Serbia,1952,0
Serbia,1953,0
Serbia,1954,0
Serbia,1955,0
Serbia,1956,0
Serbia,1957,0
Serbia,1958,0
Serbia,1959,0
Serbia,1960,0
Serbia,1961,0
Serbia,1962,0
Serbia,1963,0
Serbia,1964,0
Serbia,1965,0
Serbia,1966,0
Serbia,1967,0
Serbia,1968,0
Serbia,1969,0
Serbia,1970,0
Serbia,1971,0
Serbia,1972,0
Serbia,1973,0
Serbia,1974,0
Serbia,1975,0
Serbia,1976,0
Serbia,1977,0
Serbia,1978,0
Serbia,1979,0
Serbia,1980,0
Serbia,1981,0
Serbia,1982,0
Serbia,1983,0
Serbia,1984,0
Serbia,1985,0
Serbia,1986,0
Serbia,1987,0
Serbia,1988,0
Serbia,1989,0
Serbia,1990,0
Serbia,1991,0
Serbia,1992,0
Serbia,1993,0
Serbia,1994,0
Serbia,1995,0
Serbia,1996,0
Serbia,1997,0
Serbia,1998,0
Serbia,1999,0
Serbia,2000,0
Serbia,2001,1
Serbia,2002,1
Serbia,2003,1
Serbia,2004,1
Serbia,2005,1
Serbia,2006,1
Serbia,2007,1
Serbia,2008,1
Serbia,2009,1
Serbia,2010,1
Serbia,2011,1
Serbia,2012,1
Serbia,2013,1
Serbia,2014,0
Serbia,2015,0
Serbia,2016,0
Serbia,2017,0
Serbia,2018,0
Serbia,2019,0
Serbia,2020,0
Serbia,2021,0
Serbia,2022,0
Serbia,2023,0
Serbia,2024,0
Serbia,2025,0
Seychelles,1950,0
Seychelles,1951,0
Seychelles,1952,0
Seychelles,1953,0
Seychelles,1954,0
Seychelles,1955,0
Seychelles,1956,0
Seychelles,1957,0
Seychelles,1958,0
Seychelles,1959,0
Seychelles,1960,0
Seychelles,1961,0
Seychelles,1962,0
Seychelles,1963,0
Seychelles,1964,0
Seychelles,1965,0
Seychelles,1966,0
Seychelles,1967,0
Seychelles,1968,0
Seychelles,1969,0
Seychelles,1970,0
Seychelles,1971,0
Seychelles,1972,0
Seychelles,1973,0
Seychelles,1974,0
Seychelles,1975,0
Seychelles,1976,0
Seychelles,1977,0
Seychelles,1978,0
Seychelles,1979,0
Seychelles,1980,0
Seychelles,1981,0
Seychelles,1982,0
Seychelles,1983,0
Seychelles,1984,0
Seychelles,1985,0
Seychelles,1986,0
Seychelles,1987,0
Seychelles,1988,0
Seychelles,1989,0
Seychelles,1990,0
Seychelles,1991,0
Seychelles,1992,0
Seychelles,1993,0
Seychelles,1994,0
Seychelles,1995,0
Seychelles,1996,0
Seychelles,1997,0
Seychelles,1998,0
Seychelles,1999,0
Seychelles,2000,0
Seychelles,2001,0
Seychelles,2002,0
Seychelles,2003,0
Seychelles,2004,0
Seychelles,2005,0
Seychelles,2006,0
Seychelles,2007,0
Seychelles,2008,0
Seychelles,2009,0
Seychelles,2010,0
Seychelles,2011,0
Seychelles,2012,0
Seychelles,2013,0
Seychelles,2014,0
Seychelles,2015,1
Seychelles,2016,1
Seychelles,2017,1
Seychelles,2018,1
Seychelles,2019,1
Seychelles,2020,1
Seychelles,2021,1
Seychelles,2022,1
Seychelles,2023,1
Seychelles,2024,1
Seychelles,2025,1
Sierra Leone,1950,0
Sierra Leone,1951,0
Sierra Leone,1952,0
Sierra Leone,1953,0
Sierra Leone,1954,0
Sierra Leone,1955,0
Sierra Leone,1956,0
Sierra Leone,1957,0
Sierra Leone,1958,0
Sierra Leone,1959,0
Sierra Leone,1960,0
Sierra Leone,1961,0
Sierra Leone,1962,0
Sierra Leone,1963,0
Sierra Leone,1964,0
Sierra Leone,1965,0
Sierra Leone,1966,0
Sierra Leone,1967,0
Sierra Leone,1968,0
Sierra Leone,1969,0
Sierra Leone,1970,0
Sierra Leone,1971,0
Sierra Leone,1972,0
Sierra Leone,1973,0
Sierra Leone,1974,0
Sierra Leone,1975,0
Sierra Leone,1976,0
Sierra Leone,1977,0
Sierra Leone,1978,0
Sierra Leone,1979,0
Sierra Leone,1980,0
Sierra Leone,1981,0
Sierra Leone,1982,0
Sierra Leone,1983,0
Sierra Leone,1984,0
Sierra Leone,1985,0
Sierra Leone,1986,0
Sierra Leone,1987,0
Sierra Leone,1988,0
Sierra Leone,1989,0
Sierra Leone,1990,0
Sierra Leone,1991,0
Sierra Leone,1992,0
Sierra Leone,1993,0
Sierra Leone,1994,0
Sierra Leone,1995,0
Sierra Leone,1996,0
Sierra Leone,1997,0
Sierra Leone,1998,0
Sierra Leone,1999,0
Sierra Leone,2000,0
Sierra Leone,2001,0
Sierra Leone,2002,0
Sierra Leone,2003,1
Sierra Leone,2004,1
Sierra Leone,2005,1
Sierra Leone,2006,1
Sierra Leone,2007,1
Sierra Leone,2008,1
Sierra Leone,2009,1
Sierra Leone,2010,1
Sierra Leone,2011,1
Sierra Leone,2012,1
Sierra Leone,2013,1
Sierra Leone,2014,1
Sierra Leone,2015,1
Sierra Leone,2016,1
Sierra Leone,2017,1
Sierra Leone,2018,1
Sierra Leone,2019,1
Sierra Leone,2020,1
Sierra Leone,2021,1
Sierra Leone,2022,1
Sierra Leone,2023,0
Sierra Leone,2024,0
Sierra Leone,2025,0
Singapore,1950,0
Singapore,1951,0
Singapore,1952,0
Singapore,1953,0
Singapore,1954,0
Singapore,1955,0
Singapore,1956,0
Singapore,1957,0
Singapore,1958,0
Singapore,1959,0
Singapore,1960,0
Singapore,1961,0
Singapore,1962,0
Singapore,1963,0
Singapore,1964,0
Singapore,1965,0
Singapore,1966,0
Singapore,1967,0
Singapore,1968,0
Singapore,1969,0
Singapore,1970,0
Singapore,1971,0
Singapore,1972,0
Singapore,1973,0
Singapore,1974,0
Singapore,1975,0
Singapore,1976,0
Singapore,1977,0
Singapore,1978,0
Singapore,1979,0
Singapore,1980,0
Singapore,1981,0
Singapore,1982,0
Singapore,1983,0
Singapore,1984,0
Singapore,1985,0
Singapore,1986,0
Singapore,1987,0
Singapore,1988,0
Singapore,1989,0
Singapore,1990,0
Singapore,1991,0
Singapore,1992,0
Singapore,1993,0
Singapore,1994,0
Singapore,1995,0
Singapore,1996,0
Singapore,1997,0
Singapore,1998,0
Singapore,1999,0
Singapore,2000,0
Singapore,2001,0
Singapore,2002,0
Singapore,2003,0
Singapore,2004,0
Singapore,2005,0
Singapore,2006,0
Singapore,2007,0
Singapore,2008,0
Singapore,2009,0
Singapore,2010,0
Singapore,2011,0
Singapore,2012,0
Singapore,2013,0
Singapore,2014,0
Singapore,2015,0
Singapore,2016,0
Singapore,2017,0
Singapore,2018,0
Singapore,2019,0
Singapore,2020,0
Singapore,2021,0
Singapore,2022,0
Singapore,2023,0
Singapore,2024,0
Singapore,2025,0
Slovenia,1950,0
Slovenia,1951,0
Slovenia,1952,0
Slovenia,1953,0
Slovenia,1954,0
Slovenia,1955,0
Slovenia,1956,0
Slovenia,1957,0
Slovenia,1958,0
Slovenia,1959,0
Slovenia,1960,0
Slovenia,1961,0
Slovenia,1962,0
Slovenia,1963,0
Slovenia,1964,0
Slovenia,1965,0
Slovenia,1966,0
Slovenia,1967,0
Slovenia,1968,0
Slovenia,1969,0
Slovenia,1970,0
Slovenia,1971,0
Slovenia,1972,0
Slovenia,1973,0
Slovenia,1974,0
Slovenia,1975,0
Slovenia,1976,0
Slovenia,1977,0
Slovenia,1978,0
Slovenia,1979,0
Slovenia,1980,0
Slovenia,1981,0
Slovenia,1982,0
Slovenia,1983,0
Slovenia,1984,0
Slovenia,1985,0
Slovenia,1986,0
Slovenia,1987,0
Slovenia,1988,0
Slovenia,1989,0
Slovenia,1990,1
Slovenia,1991,1
Slovenia,1992,1
Slovenia,1993,1
Slovenia,1994,1
Slovenia,1995,1
Slovenia,1996,1
Slovenia,1997,1
Slovenia,1998,1
Slovenia,1999,1
Slovenia,2000,1
Slovenia,2001,1
Slovenia,2002,1
Slovenia,2003,1
Slovenia,2004,1
Slovenia,2005,1
Slovenia,2006,1
Slovenia,2007,1
Slovenia,2008,1
Slovenia,2009,1
Slovenia,2010,1
Slovenia,2011,1
Slovenia,2012,1
Slovenia,2013,1
Slovenia,2014,1
Slovenia,2015,1
Slovenia,2016,1
Slovenia,2017,1
Slovenia,2018,1
Slovenia,2019,1
Slovenia,2020,1
Slovenia,2021,1
Slovenia,2022,1
Slovenia,2023,1
Slovenia,2024,1
Slovenia,2025,1
Solomon Islands,1950,0
Solomon Islands,1951,0
Solomon Islands,1952,0
Solomon Islands,1953,0
Solomon Islands,1954,0
Solomon Islands,1955,0
Solomon Islands,1956,0
Solomon Islands,1957,0
Solomon Islands,1958,0
Solomon Islands,1959,0
Solomon Islands,1960,0
Solomon Islands,1961,0
Solomon Islands,1962,0
Solomon Islands,1963,0
Solomon Islands,1964,0
Solomon Islands,1965,0
Solomon Islands,1966,0
Solomon Islands,1967,0
Solomon Islands,1968,0
Solomon Islands,1969,0
Solomon Islands,1970,0
Solomon Islands,1971,0
Solomon Islands,1972,0
Solomon Islands,1973,0
Solomon Islands,1974,0
Solomon Islands,1975,0
Solomon Islands,1976,0
Solomon Islands,1977,0
Solomon Islands,1978,0
Solomon Islands,1979,1
Solomon Islands,1980,1
Solomon Islands,1981,1
Solomon Islands,1982,1
Solomon Islands,1983,1
Solomon Islands,1984,1
Solomon Islands,1985,1
Solomon Islands,1986,1
Solomon Islands,1987,1
Solomon Islands,1988,1
Solomon Islands,1989,1
Solomon Islands,1990,1
Solomon Islands,1991,1
Solomon Islands,1992,1
Solomon Islands,1993,1
Solomon Islands,1994,1
Solomon Islands,1995,1
Solomon Islands,1996,1
Solomon Islands,1997,1
Solomon Islands,1998,1
Solomon Islands,1999,1
Solomon Islands,2000,0
Solomon Islands,2001,0
Solomon Islands,2002,1
Solomon Islands,2003,1
Solomon Islands,2004,1
Solomon Islands,2005,1
Solomon Islands,2006,0
Solomon Islands,2007,1
Solomon Islands,2008,1
Solomon Islands,2009,1
Solomon Islands,2010,1
Solomon Islands,2011,1
Solomon Islands,2012,1
Solomon Islands,2013,1
Solomon Islands,2014,1
Solomon Islands,2015,1
Solomon Islands,2016,1
Solomon Islands,2017,1
Solomon Islands,2018,1
Solomon Islands,2019,1
Solomon Islands,2020,1
Solomon Islands,2021,1
Solomon Islands,2022,1
Solomon Islands,2023,1
Solomon Islands,2024,1
Solomon Islands,2025,1
Somalia,1950,0
Somalia,1951,0
Somalia,1952,0
Somalia,1953,0
Somalia,1954,0
Somalia,1955,0
Somalia,1956,0
Somalia,1957,0
Somalia,1958,0
Somalia,1959,0
Somalia,1960,0
Somalia,1961,0
Somalia,1962,0
Somalia,1963,0
Somalia,1964,0
Somalia,1965,0
Somalia,1966,0
Somalia,1967,0
Somalia,1968,0
Somalia,1969,0
Somalia,1970,0
Somalia,1971,0
Somalia,1972,0
Somalia,1973,0
Somalia,1974,0
Somalia,1975,0
Somalia,1976,0
Somalia,1977,0
Somalia,1978,0
Somalia,1979,0
Somalia,1980,0
Somalia,1981,0
Somalia,1982,0
Somalia,1983,0
Somalia,1984,0
Somalia,1985,0
Somalia,1986,0
Somalia,1987,0
Somalia,1988,0
Somalia,1989,0
Somalia,1990,0
Somalia,1991,0
Somalia,1992,0
Somalia,1993,0
Somalia,1994,0
Somalia,1995,0
Somalia,1996,0
Somalia,1997,0
Somalia,1998,0
Somalia,1999,0
Somalia,2000,0
Somalia,2001,0
Somalia,2002,0
Somalia,2003,0
Somalia,2004,0
Somalia,2005,0
Somalia,2006,0
Somalia,2007,0
Somalia,2008,0
Somalia,2009,0
Somalia,2010,0
Somalia,2011,0
Somalia,2012,0
Somalia,2013,0
Somalia,2014,0
Somalia,2015,0
Somalia,2016,0
Somalia,2017,0
Somalia,2018,0
Somalia,2019,0
Somalia,2020,0
Somalia,2021,0
Somalia,2022,0
Somalia,2023,0
Somalia,2024,0
Somalia,2025,0
South Africa,1950,0
South Africa,1951,0
South Africa,1952,0
South Africa,1953,0
South Africa,1954,0
South Africa,1955,0
South Africa,1956,0
South Africa,1957,0
South Africa,1958,0
South Africa,1959,0
South Africa,1960,0
South Africa,1961,0
South Africa,1962,0
South Africa,1963,0
South Africa,1964,0
South Africa,1965,0
South Africa,1966,0
South Africa,1967,0
South Africa,1968,0
South Africa,1969,0
South Africa,1970,0
South Africa,1971,0
South Africa,1972,0
South Africa,1973,0
South Africa,1974,0
South Africa,1975,0
South Africa,1976,0
South Africa,1977,0
South Africa,1978,0
South Africa,1979,0
South Africa,1980,0
South Africa,1981,0
South Africa,1982,0
South Africa,1983,0
South Africa,1984,0
South Africa,1985,0
South Africa,1986,0
South Africa,1987,0
South Africa,1988,0
South Africa,1989,0
South Africa,1990,0
South Africa,1991,0
South Africa,1992,0
South Africa,1993,0
South Africa,1994,0
South Africa,1995,1
South Africa,1996,1
South Africa,1997,1
South Africa,1998,1
South Africa,1999,1
South Africa,2000,1
South Africa,2001,1
South Africa,2002,1
South Africa,2003,1
South Africa,2004,1
South Africa,2005,1
South Africa,2006,1
South Africa,2007,1
South Africa,2008,1
South Africa,2009,1
South Africa,2010,1
South Africa,2011,1
South Africa,2012,1
South Africa,2013,1
South Africa,2014,1
South Africa,2015,1
South Africa,2016,1
South Africa,2017,1
South Africa,2018,1
South Africa,2019,1
South Africa,2020,1
South Africa,2021,1
South Africa,2022,1
South Africa,2023,1
South Africa,2024,1
South Africa,2025,1
South Korea,1950,0
South Korea,1951,0
South Korea,1952,0
South Korea,1953,0
South Korea,1954,0
South Korea,1955,0
South Korea,1956,0
South Korea,1957,0
South Korea,1958,0
South Korea,1959,0
South Korea,1960,0
South Korea,1961,0
South Korea,1962,0
South Korea,1963,0
South Korea,1964,0
South Korea,1965,0
South Korea,1966,0
South Korea,1967,0
South Korea,1968,0
South Korea,1969,0
South Korea,1970,0
South Korea,1971,0
South Korea,1972,0
South Korea,1973,0
South Korea,1974,0
South Korea,1975,0
South Korea,1976,0
South Korea,1977,0
South Korea,1978,0
South Korea,1979,0
South Korea,1980,0
South Korea,1981,0
South Korea,1982,0
South Korea,1983,0
South Korea,1984,0
South Korea,1985,0
South Korea,1986,0
South Korea,1987,0
South Korea,1988,1
South Korea,1989,1
South Korea,1990,1
South Korea,1991,1
South Korea,1992,1
South Korea,1993,1
South Korea,1994,1
South Korea,1995,1
South Korea,1996,1
South Korea,1997,1
South Korea,1998,1
South Korea,1999,1
South Korea,2000,1
South Korea,2001,1
South Korea,2002,1
South Korea,2003,1
South Korea,2004,1
South Korea,2005,1
South Korea,2006,1
South Korea,2007,1
South Korea,2008,1
South Korea,2009,1
South Korea,2010,1
South Korea,2011,1
South Korea,2012,1
South Korea,2013,1
South Korea,2014,1
South Korea,2015,1
South Korea,2016,1
South Korea,2017,1
South Korea,2018,1
South Korea,2019,1
South Korea,2020,1
South Korea,2021,1
South Korea,2022,1
South Korea,2023,1
South Korea,2024,1
South Korea,2025,1
Spain,1950,0
Spain,1951,0
Spain,1952,0
Spain,1953,0
Spain,1954,0
Spain,1955,0
Spain,1956,0
Spain,1957,0
Spain,1958,0
Spain,1959,0
Spain,1960,0
Spain,1961,0
Spain,1962,0
Spain,1963,0
Spain,1964,0
Spain,1965,0
Spain,1966,0
Spain,1967,0
Spain,1968,0
Spain,1969,0
Spain,1970,0
Spain,1971,0
Spain,1972,0
Spain,1973,0
Spain,1974,0
Spain,1975,0
Spain,1976,0
Spain,1977,0
Spain,1978,1
Spain,1979,1
Spain,1980,1
Spain,1981,1
Spain,1982,1
Spain,1983,1
Spain,1984,1
Spain,1985,1
Spain,1986,1
Spain,1987,1
Spain,1988,1
Spain,1989,1
Spain,1990,1
Spain,1991,1
Spain,1992,1
Spain,1993,1
Spain,1994,1
Spain,1995,1
Spain,1996,1
Spain,1997,1
Spain,1998,1
Spain,1999,1
Spain,2000,1
Spain,2001,1
Spain,2002,1
Spain,2003,1
Spain,2004,1
Spain,2005,1
Spain,2006,1
Spain,2007,1
Spain,2008,1
Spain,2009,1
Spain,2010,1
Spain,2011,1
Spain,2012,1
Spain,2013,1
Spain,2014,1
Spain,2015,1
Spain,2016,1
Spain,2017,1
Spain,2018,1
Spain,2019,1
Spain,2020,1
Spain,2021,1
Spain,2022,1
Spain,2023,1
Spain,2024,1
Spain,2025,1
Sri Lanka,1950,1
Sri Lanka,1951,1
Sri Lanka,1952,1
Sri Lanka,1953,1
Sri Lanka,1954,1
Sri Lanka,1955,1
Sri Lanka,1956,1
Sri Lanka,1957,1
Sri Lanka,1958,1
Sri Lanka,1959,1
Sri Lanka,1960,1
Sri Lanka,1961,1
Sri Lanka,1962,1
Sri Lanka,1963,1
Sri Lanka,1964,1
Sri Lanka,1965,1
Sri Lanka,1966,1
Sri Lanka,1967,1
Sri Lanka,1968,1
Sri Lanka,1969,1
Sri Lanka,1970,1
Sri Lanka,1971,1
Sri Lanka,1972,1
Sri Lanka,1973,1
Sri Lanka,1974,1
Sri Lanka,1975,1
Sri Lanka,1976,1
Sri Lanka,1977,1
Sri Lanka,1978,1
Sri Lanka,1979,1
Sri Lanka,1980,1
Sri Lanka,1981,1
Sri Lanka,1982,1
Sri Lanka,1983,0
Sri Lanka,1984,0
Sri Lanka,1985,0
Sri Lanka,1986,0
Sri Lanka,1987,0
Sri Lanka,1988,0
Sri Lanka,1989,0
Sri Lanka,1990,0
Sri Lanka,1991,0
Sri Lanka,1992,0
Sri Lanka,1993,0
Sri Lanka,1994,0
Sri Lanka,1995,1
Sri Lanka,1996,1
Sri Lanka,1997,1
Sri Lanka,1998,1
Sri Lanka,1999,1
Sri Lanka,2000,0
Sri Lanka,2001,0
Sri Lanka,2002,1
Sri Lanka,2003,1
Sri Lanka,2004,1
Sri Lanka,2005,0
Sri Lanka,2006,0
Sri Lanka,2007,0
Sri Lanka,2008,0
Sri Lanka,2009,0
Sri Lanka,2010,0
Sri Lanka,2011,0
Sri Lanka,2012,0
Sri Lanka,2013,0
Sri Lanka,2014,0
Sri Lanka,2015,1
Sri Lanka,2016,1
Sri Lanka,2017,1
Sri Lanka,2018,1
Sri Lanka,2019,1
Sri Lanka,2020,1
Sri Lanka,2021,1
Sri Lanka,2022,1
Sri Lanka,2023,1
Sri Lanka,2024,1
Sri Lanka,2025,1
Suriname,1950,0
Suriname,1951,0
Suriname,1952,0
Suriname,1953,0
Suriname,1954,0
Suriname,1955,1
Suriname,1956,1
Suriname,1957,1
Suriname,1958,1
Suriname,1959,1
Suriname,1960,1
Suriname,1961,1
Suriname,1962,1
Suriname,1963,1
Suriname,1964,1
Suriname,1965,1
Suriname,1966,1
Suriname,1967,1
Suriname,1968,1
Suriname,1969,1
Suriname,1970,1
Suriname,1971,1
Suriname,1972,1
Suriname,1973,1
Suriname,1974,1
Suriname,1975,0
Suriname,1976,1
Suriname,1977,1
Suriname,1978,1
Suriname,1979,1
Suriname,1980,0
Suriname,1981,0
Suriname,1982,0
Suriname,1983,0
Suriname,1984,0
Suriname,1985,0
Suriname,1986,0
Suriname,1987,0
Suriname,1988,1
Suriname,1989,1
Suriname,1990,1
Suriname,1991,0
Suriname,1992,1
Suriname,1993,1
Suriname,1994,1
Suriname,1995,1
Suriname,1996,1
Suriname,1997,1
Suriname,1998,1
Suriname,1999,1
Suriname,2000,1
Suriname,2001,1
Suriname,2002,1
Suriname,2003,1
Suriname,2004,1
Suriname,2005,1
Suriname,2006,1
Suriname,2007,1
Suriname,2008,1
Suriname,2009,1
Suriname,2010,1
Suriname,2011,1
Suriname,2012,1
Suriname,2013,1
Suriname,2014,1
Suriname,2015,1
Suriname,2016,1
Suriname,2017,1
Suriname,2018,1
Suriname,2019,1
Suriname,2020,1
Suriname,2021,1
Suriname,2022,1
Suriname,2023,1
Suriname,2024,1
Suriname,2025,1
Sweden,1950,1
Sweden,1951,1
Sweden,1952,1
Sweden,1953,1
Sweden,1954,1
Sweden,1955,1
Sweden,1956,1
Sweden,1957,1
Sweden,1958,1
Sweden,1959,1
Sweden,1960,1
Sweden,1961,1
Sweden,1962,1
Sweden,1963,1
Sweden,1964,1
Sweden,1965,1
Sweden,1966,1
Sweden,1967,1
Sweden,1968,1
Sweden,1969,1
Sweden,1970,1
Sweden,1971,1
Sweden,1972,1
Sweden,1973,1
Sweden,1974,1
Sweden,1975,1
Sweden,1976,1
Sweden,1977,1
Sweden,1978,1
Sweden,1979,1
Sweden,1980,1
Sweden,1981,1
Sweden,1982,1
Sweden,1983,1
Sweden,1984,1
Sweden,1985,1
Sweden,1986,1
Sweden,1987,1
Sweden,1988,1
Sweden,1989,1
Sweden,1990,1
Sweden,1991,1
Sweden,1992,1
Sweden,1993,1
Sweden,1994,1
Sweden,1995,1
Sweden,1996,1
Sweden,1997,1
Sweden,1998,1
Sweden,1999,1
Sweden,2000,1
Sweden,2001,1
Sweden,2002,1
Sweden,2003,1
Sweden,2004,1
Sweden,2005,1
Sweden,2006,1
Sweden,2007,1
Sweden,2008,1
Sweden,2009,1
Sweden,2010,1
Sweden,2011,1
Sweden,2012,1
Sweden,2013,1
Sweden,2014,1
Sweden,2015,1
Sweden,2016,1
Sweden,2017,1
Sweden,2018,1
Sweden,2019,1
Sweden,2020,1
Sweden,2021,1
Sweden,2022,1
Sweden,2023,1
Sweden,2024,1
Sweden,2025,1
Switzerland,1950,1
Switzerland,1951,1
Switzerland,1952,1
Switzerland,1953,1
Switzerland,1954,1
Switzerland,1955,1
Switzerland,1956,1
Switzerland,1957,1
Switzerland,1958,1
Switzerland,1959,1
Switzerland,1960,1
Switzerland,1961,1
Switzerland,1962,1
Switzerland,1963,1
Switzerland,1964,1
Switzerland,1965,1
Switzerland,1966,1
Switzerland,1967,1
Switzerland,1968,1
Switzerland,1969,1
Switzerland,1970,1
Switzerland,1971,1
Switzerland,1972,1
Switzerland,1973,1
Switzerland,1974,1
Switzerland,1975,1
Switzerland,1976,1
Switzerland,1977,1
Switzerland,1978,1
Switzerland,1979,1
Switzerland,1980,1
Switzerland,1981,1
Switzerland,1982,1
Switzerland,1983,1
Switzerland,1984,1
Switzerland,1985,1
Switzerland,1986,1
Switzerland,1987,1
Switzerland,1988,1
Switzerland,1989,1
Switzerland,1990,1
Switzerland,1991,1
Switzerland,1992,1
Switzerland,1993,1
Switzerland,1994,1
Switzerland,1995,1
Switzerland,1996,1
Switzerland,1997,1
Switzerland,1998,1
Switzerland,1999,1
Switzerland,2000,1
Switzerland,2001,1
Switzerland,2002,1
Switzerland,2003,1
Switzerland,2004,1
Switzerland,2005,1
Switzerland,2006,1
Switzerland,2007,1
Switzerland,2008,1
Switzerland,2009,1
Switzerland,2010,1
Switzerland,2011,1
Switzerland,2012,1
Switzerland,2013,1
Switzerland,2014,1
Switzerland,2015,1
Switzerland,2016,1
Switzerland,2017,1
Switzerland,2018,1
Switzerland,2019,1
Switzerland,2020,1
Switzerland,2021,1
Switzerland,2022,1
Switzerland,2023,1
Switzerland,2024,1
Switzerland,2025,1
Taiwan,1950,0
Taiwan,1951,0
Taiwan,1952,0
Taiwan,1953,0
Taiwan,1954,0
Taiwan,1955,0
Taiwan,1956,0
Taiwan,1957,0
Taiwan,1958,0
Taiwan,1959,0
Taiwan,1960,0
Taiwan,1961,0
Taiwan,1962,0
Taiwan,1963,0
Taiwan,1964,0
Taiwan,1965,0
Taiwan,1966,0
Taiwan,1967,0
Taiwan,1968,0
Taiwan,1969,0
Taiwan,1970,0
Taiwan,1971,0
Taiwan,1972,0
Taiwan,1973,0
Taiwan,1974,0
Taiwan,1975,0
Taiwan,1976,0
Taiwan,1977,0
Taiwan,1978,0
Taiwan,1979,0
Taiwan,1980,0
Taiwan,1981,0
Taiwan,1982,0
Taiwan,1983,0
Taiwan,1984,0
Taiwan,1985,0
Taiwan,1986,0
Taiwan,1987,0
Taiwan,1988,0
Taiwan,1989,0
Taiwan,1990,0
Taiwan,1991,0
Taiwan,1992,0
Taiwan,1993,0
Taiwan,1994,0
Taiwan,1995,0
Taiwan,1996,1
Taiwan,1997,1
Taiwan,1998,1
Taiwan,1999,1
Taiwan,2000,1
Taiwan,2001,1
Taiwan,2002,1
Taiwan,2003,1
Taiwan,2004,1
Taiwan,2005,1
Taiwan,2006,1
Taiwan,2007,1
Taiwan,2008,1
Taiwan,2009,1
Taiwan,2010,1
Taiwan,2011,1
Taiwan,2012,1
Taiwan,2013,1
Taiwan,2014,1
Taiwan,2015,1
Taiwan,2016,1
Taiwan,2017,1
Taiwan,2018,1
Taiwan,2019,1
Taiwan,2020,1
Taiwan,2021,1
Taiwan,2022,1
Taiwan,2023,1
Taiwan,2024,1
Taiwan,2025,1
Tajikistan,1950,0
Tajikistan,1951,0
Tajikistan,1952,0
Tajikistan,1953,0
Tajikistan,1954,0
Tajikistan,1955,0
Tajikistan,1956,0
Tajikistan,1957,0
Tajikistan,1958,0
Tajikistan,1959,0
Tajikistan,1960,0
Tajikistan,1961,0
Tajikistan,1962,0
Tajikistan,1963,0
Tajikistan,1964,0
Tajikistan,1965,0
Tajikistan,1966,0
Tajikistan,1967,0
Tajikistan,1968,0
Tajikistan,1969,0
Tajikistan,1970,0
Tajikistan,1971,0
Tajikistan,1972,0
Tajikistan,1973,0
Tajikistan,1974,0
Tajikistan,1975,0
Tajikistan,1976,0
Tajikistan,1977,0
Tajikistan,1978,0
Tajikistan,1979,0
Tajikistan,1980,0
Tajikistan,1981,0
Tajikistan,1982,0
Tajikistan,1983,0
Tajikistan,1984,0
Tajikistan,1985,0
Tajikistan,1986,0
Tajikistan,1987,0
Tajikistan,1988,0
Tajikistan,1989,0
Tajikistan,1990,0
Tajikistan,1991,0
Tajikistan,1992,0
Tajikistan,1993,0
Tajikistan,1994,0
Tajikistan,1995,0
Tajikistan,1996,0
Tajikistan,1997,0
Tajikistan,1998,0
Tajikistan,1999,0
Tajikistan,2000,0
Tajikistan,2001,0
Tajikistan,2002,0
Tajikistan,2003,0
Tajikistan,2004,0
Tajikistan,2005,0
Tajikistan,2006,0
Tajikistan,2007,0
Tajikistan,2008,0
Tajikistan,2009,0
Tajikistan,2010,0
Tajikistan,2011,0
Tajikistan,2012,0
Tajikistan,2013,0
Tajikistan,2014,0
Tajikistan,2015,0
Tajikistan,2016,0
Tajikistan,2017,0
Tajikistan,2018,0
Tajikistan,2019,0
Tajikistan,2020,0
Tajikistan,2021,0
Tajikistan,2022,0
Tajikistan,2023,0
Tajikistan,2024,0
Tajikistan,2025,0
Tanzania,1950,0
Tanzania,1951,0
Tanzania,1952,0
Tanzania,1953,0
Tanzania,1954,0
Tanzania,1955,0
Tanzania,1956,0
Tanzania,1957,0
Tanzania,1958,0
Tanzania,1959,0
Tanzania,1960,0
Tanzania,1961,0
Tanzania,1962,0
Tanzania,1963,0
Tanzania,1964,0
Tanzania,1965,0
Tanzania,1966,0
Tanzania,1967,0
Tanzania,1968,0
Tanzania,1969,0
Tanzania,1970,0
Tanzania,1971,0
Tanzania,1972,0
Tanzania,1973,0
Tanzania,1974,0
Tanzania,1975,0
Tanzania,1976,0
Tanzania,1977,0
Tanzania,1978,0
Tanzania,1979,0
Tanzania,1980,0
Tanzania,1981,0
Tanzania,1982,0
Tanzania,1983,0
Tanzania,1984,0
Tanzania,1985,0
Tanzania,1986,0
Tanzania,1987,0
Tanzania,1988,0
Tanzania,1989,0
Tanzania,1990,0
Tanzania,1991,0
Tanzania,1992,0
Tanzania,1993,0
Tanzania,1994,0
Tanzania,1995,0
Tanzania,1996,0
Tanzania,1997,0
Tanzania,1998,0
Tanzania,1999,0
Tanzania,2000,0
Tanzania,2001,0
Tanzania,2002,0
Tanzania,2003,0
Tanzania,2004,0
Tanzania,2005,0
Tanzania,2006,0
Tanzania,2007,0
Tanzania,2008,0
Tanzania,2009,0
Tanzania,2010,0
Tanzania,2011,0
Tanzania,2012,0
Tanzania,2013,0
Tanzania,2014,0
Tanzania,2015,0
Tanzania,2016,0
Tanzania,2017,0
Tanzania,2018,0
Tanzania,2019,0
Tanzania,2020,0
Tanzania,2021,0
Tanzania,2022,0
Tanzania,2023,0
Tanzania,2024,0
Tanzania,2025,0
Thailand,1950,0
Thailand,1951,0
Thailand,1952,0
Thailand,1953,0
Thailand,1954,0
Thailand,1955,0
Thailand,1956,0
Thailand,1957,0
Thailand,1958,0
Thailand,1959,0
Thailand,1960,0
Thailand,1961,0
Thailand,1962,0
Thailand,1963,0
Thailand,1964,0
Thailand,1965,0
Thailand,1966,0
Thailand,1967,0
Thailand,1968,0
Thailand,1969,0
Thailand,1970,0
Thailand,1971,0
Thailand,1972,0
Thailand,1973,0
Thailand,1974,0
Thailand,1975,0
Thailand,1976,0
Thailand,1977,0
Thailand,1978,0
Thailand,1979,0
Thailand,1980,0
Thailand,1981,0
Thailand,1982,0
Thailand,1983,0
Thailand,1984,0
Thailand,1985,0
Thailand,1986,0
Thailand,1987,0
Thailand,1988,0
Thailand,1989,0
Thailand,1990,0
Thailand,1991,0
Thailand,1992,0
Thailand,1993,0
Thailand,1994,0
Thailand,1995,0
Thailand,1996,0
Thailand,1997,0
Thailand,1998,1
Thailand,1999,1
Thailand,2000,1
Thailand,2001,1
Thailand,2002,1
Thailand,2003,1
Thailand,2004,1
Thailand,2005,1
Thailand,2006,0
Thailand,2007,0
Thailand,2008,0
Thailand,2009,0
Thailand,2010,0
Thailand,2011,0
Thailand,2012,0
Thailand,2013,0
Thailand,2014,0
Thailand,2015,0
Thailand,2016,0
Thailand,2017,0
Thailand,2018,0
Thailand,2019,0
Thailand,2020,0
Thailand,2021,0
Thailand,2022,0
Thailand,2023,0
Thailand,2024,0
Thailand,2025,0
Togo,1950,0
Togo,1951,0
Togo,1952,0
Togo,1953,0
Togo,1954,0
Togo,1955,0
Togo,1956,0
Togo,1957,0
Togo,1958,0
Togo,1959,0
Togo,1960,0
Togo,1961,0
Togo,1962,0
Togo,1963,0
Togo,1964,0
Togo,1965,0
Togo,1966,0
Togo,1967,0
Togo,1968,0
Togo,1969,0
Togo,1970,0
Togo,1971,0
Togo,1972,0
Togo,1973,0
Togo,1974,0
Togo,1975,0
Togo,1976,0
Togo,1977,0
Togo,1978,0
Togo,1979,0
Togo,1980,0
Togo,1981,0
Togo,1982,0
Togo,1983,0
Togo,1984,0
Togo,1985,0
Togo,1986,0
Togo,1987,0
Togo,1988,0
Togo,1989,0
Togo,1990,0
Togo,1991,0
Togo,1992,0
Togo,1993,0
Togo,1994,0
Togo,1995,0
Togo,1996,0
Togo,1997,0
Togo,1998,0
Togo,1999,0
Togo,2000,0
Togo,2001,0
Togo,2002,0
Togo,2003,0
Togo,2004,0
Togo,2005,0
Togo,2006,0
Togo,2007,0
Togo,2008,0
Togo,2009,0
Togo,2010,0
Togo,2011,0
Togo,2012,0
Togo,2013,0
Togo,2014,0
Togo,2015,0
Togo,2016,0
Togo,2017,0
Togo,2018,0
Togo,2019,0
Togo,2020,0
Togo,2021,0
Togo,2022,0
Togo,2023,0
Togo,2024,0
Togo,2025,0
Trinidad and Tobago,1950,0
Trinidad and Tobago,1951,0
Trinidad and Tobago,1952,0
Trinidad and Tobago,1953,0
Trinidad and Tobago,1954,0
Trinidad and Tobago,1955,0
Trinidad and Tobago,1956,0
Trinidad and Tobago,1957,0
Trinidad and Tobago,1958,0
Trinidad and Tobago,1959,0
Trinidad and Tobago,1960,0
Trinidad and Tobago,1961,0
Trinidad and Tobago,1962,1
Trinidad and Tobago,1963,1
Trinidad and Tobago,1964,1
Trinidad and Tobago,1965,1
Trinidad and Tobago,1966,1
Trinidad and Tobago,1967,1
Trinidad and Tobago,1968,1
Trinidad and Tobago,1969,1
Trinidad and Tobago,1970,1
Trinidad and Tobago,1971,1
Trinidad and Tobago,1972,1
Trinidad and Tobago,1973,1
Trinidad and Tobago,1974,1
Trinidad and Tobago,1975,1
Trinidad and Tobago,1976,1
Trinidad and Tobago,1977,1
Trinidad and Tobago,1978,1
Trinidad and Tobago,1979,1
Trinidad and Tobago,1980,1
Trinidad and Tobago,1981,1
Trinidad and Tobago,1982,1
Trinidad and Tobago,1983,1
Trinidad and Tobago,1984,1
Trinidad and Tobago,1985,1
Trinidad and Tobago,1986,1
Trinidad and Tobago,1987,1
Trinidad and Tobago,1988,1
Trinidad and Tobago,1989,1
Trinidad and Tobago,1990,1
Trinidad and Tobago,1991,1
Trinidad and Tobago,1992,1
Trinidad and Tobago,1993,1
Trinidad and Tobago,1994,1
Trinidad and Tobago,1995,1
Trinidad and Tobago,1996,1
Trinidad and Tobago,1997,1
Trinidad and Tobago,1998,1
Trinidad and Tobago,1999,1
Trinidad and Tobago,2000,1
Trinidad and Tobago,2001,1
Trinidad and Tobago,2002,1
Trinidad and Tobago,2003,1
Trinidad and Tobago,2004,1
Trinidad and Tobago,2005,1
Trinidad and Tobago,2006,1
Trinidad and Tobago,2007,1
Trinidad and Tobago,2008,1
Trinidad and Tobago,2009,1
Trinidad and Tobago,2010,1
Trinidad and Tobago,2011,1
Trinidad and Tobago,2012,1
Trinidad and Tobago,2013,1
Trinidad and Tobago,2014,1
Trinidad and Tobago,2015,1
Trinidad and Tobago,2016,1
Trinidad and Tobago,2017,1
Trinidad and Tobago,2018,1
Trinidad and Tobago,2019,1
Trinidad and Tobago,2020,1
Trinidad and Tobago,2021,1
Trinidad and Tobago,2022,1
Trinidad and Tobago,2023,1
Trinidad and Tobago,2024,1
Trinidad and Tobago,2025,1
Tunisia,1950,0
Tunisia,1951,0
Tunisia,1952,0
Tunisia,1953,0
Tunisia,1954,0
Tunisia,1955,0
Tunisia,1956,0
Tunisia,1957,0
Tunisia,1958,0
Tunisia,1959,0
Tunisia,1960,0
Tunisia,1961,0
Tunisia,1962,0
Tunisia,1963,0
Tunisia,1964,0
Tunisia,1965,0
Tunisia,1966,0
Tunisia,1967,0
Tunisia,1968,0
Tunisia,1969,0
Tunisia,1970,0
Tunisia,1971,0
Tunisia,1972,0
Tunisia,1973,0
Tunisia,1974,0
Tunisia,1975,0
Tunisia,1976,0
Tunisia,1977,0
Tunisia,1978,0
Tunisia,1979,0
Tunisia,1980,0
Tunisia,1981,0
Tunisia,1982,0
Tunisia,1983,0
Tunisia,1984,0
Tunisia,1985,0
Tunisia,1986,0
Tunisia,1987,0
Tunisia,1988,0
Tunisia,1989,0
Tunisia,1990,0
Tunisia,1991,0
Tunisia,1992,0
Tunisia,1993,0
Tunisia,1994,0
Tunisia,1995,0
Tunisia,1996,0
Tunisia,1997,0
Tunisia,1998,0
Tunisia,1999,0
Tunisia,2000,0
Tunisia,2001,0
Tunisia,2002,0
Tunisia,2003,0
Tunisia,2004,0
Tunisia,2005,0
Tunisia,2006,0
Tunisia,2007,0
Tunisia,2008,0
Tunisia,2009,0
Tunisia,2010,0
Tunisia,2011,0
Tunisia,2012,1
Tunisia,2013,1
Tunisia,2014,1
Tunisia,2015,1
Tunisia,2016,1
Tunisia,2017,1
Tunisia,2018,1
Tunisia,2019,1
Tunisia,2020,1
Tunisia,2021,1
Tunisia,2022,0
Tunisia,2023,0
Tunisia,2024,0
Tunisia,2025,0
Turkey,1950,0
Turkey,1951,0
Turkey,1952,0
Turkey,1953,0
Turkey,1954,0
Turkey,1955,0
Turkey,1956,0
Turkey,1957,0
Turkey,1958,0
Turkey,1959,0
Turkey,1960,0
Turkey,1961,0
Turkey,1962,0
Turkey,1963,0
Turkey,1964,0
Turkey,1965,0
Turkey,1966,1
Turkey,1967,1
Turkey,1968,1
Turkey,1969,1
Turkey,1970,1
Turkey,1971,0
Turkey,1972,0
Turkey,1973,1
Turkey,1974,1
Turkey,1975,1
Turkey,1976,1
Turkey,1977,1
Turkey,1978,1
Turkey,1979,1
Turkey,1980,0
Turkey,1981,0
Turkey,1982,0
Turkey,1983,0
Turkey,1984,0
Turkey,1985,0
Turkey,1986,0
Turkey,1987,0
Turkey,1988,0
Turkey,1989,0
Turkey,1990,1
Turkey,1991,1
Turkey,1992,1
Turkey,1993,1
Turkey,1994,1
Turkey,1995,1
Turkey,1996,1
Turkey,1997,1
Turkey,1998,1
Turkey,1999,1
Turkey,2000,1
Turkey,2001,1
Turkey,2002,1
Turkey,2003,1
Turkey,2004,1
Turkey,2005,1
Turkey,2006,1
Turkey,2007,1
Turkey,2008,1
Turkey,2009,1
Turkey,2010,1
Turkey,2011,1
Turkey,2012,1
Turkey,2013,0
Turkey,2014,0
Turkey,2015,0
Turkey,2016,0
Turkey,2017,0
Turkey,2018,0
Turkey,2019,0
Turkey,2020,0
Turkey,2021,0
Turkey,2022,0
Turkey,2023,0
Turkey,2024,0
Turkey,2025,0
Turkmenistan,1950,0
Turkmenistan,1951,0
Turkmenistan,1952,0
Turkmenistan,1953,0
Turkmenistan,1954,0
Turkmenistan,1955,0
Turkmenistan,1956,0
Turkmenistan,1957,0
Turkmenistan,1958,0
Turkmenistan,1959,0
Turkmenistan,1960,0
Turkmenistan,1961,0
Turkmenistan,1962,0
Turkmenistan,1963,0
Turkmenistan,1964,0
Turkmenistan,1965,0
Turkmenistan,1966,0
Turkmenistan,1967,0
Turkmenistan,1968,0
Turkmenistan,1969,0
Turkmenistan,1970,0
Turkmenistan,1971,0
Turkmenistan,1972,0
Turkmenistan,1973,0
Turkmenistan,1974,0
Turkmenistan,1975,0
Turkmenistan,1976,0
Turkmenistan,1977,0
Turkmenistan,1978,0
Turkmenistan,1979,0
Turkmenistan,1980,0
Turkmenistan,1981,0
Turkmenistan,1982,0
Turkmenistan,1983,0
Turkmenistan,1984,0
Turkmenistan,1985,0
Turkmenistan,1986,0
Turkmenistan,1987,0
Turkmenistan,1988,0
Turkmenistan,1989,0
Turkmenistan,1990,0
Turkmenistan,1991,0
Turkmenistan,1992,0
Turkmenistan,1993,0
Turkmenistan,1994,0
Turkmenistan,1995,0
Turkmenistan,1996,0
Turkmenistan,1997,0
Turkmenistan,1998,0
Turkmenistan,1999,0
Turkmenistan,2000,0
Turkmenistan,2001,0
Turkmenistan,2002,0
Turkmenistan,2003,0
Turkmenistan,2004,0
Turkmenistan,2005,0
Turkmenistan,2006,0
Turkmenistan,2007,0
Turkmenistan,2008,0
Turkmenistan,2009,0
Turkmenistan,2010,0
Turkmenistan,2011,0
Turkmenistan,2012,0
Turkmenistan,2013,0
Turkmenistan,2014,0
Turkmenistan,2015,0
Turkmenistan,2016,0
Turkmenistan,2017,0
Turkmenistan,2018,0
Turkmenistan,2019,0
Turkmenistan,2020,0
Turkmenistan,2021,0
Turkmenistan,2022,0
Turkmenistan,2023,0
Turkmenistan,2024,0
Turkmenistan,2025,0
Uganda,1950,0
Uganda,1951,0
Uganda,1952,0
Uganda,1953,0
Uganda,1954,0
Uganda,1955,0
Uganda,1956,0
Uganda,1957,0
Uganda,1958,0
Uganda,1959,0
Uganda,1960,0
Uganda,1961,0
Uganda,1962,0
Uganda,1963,0
Uganda,1964,0
Uganda,1965,0
Uganda,1966,0
Uganda,1967,0
Uganda,1968,0
Uganda,1969,0
Uganda,1970,0
Uganda,1971,0
Uganda,1972,0
Uganda,1973,0
Uganda,1974,0
Uganda,1975,0
Uganda,1976,0
Uganda,1977,0
Uganda,1978,0
Uganda,1979,0
Uganda,1980,0
Uganda,1981,0
Uganda,1982,0
Uganda,1983,0
Uganda,1984,0
Uganda,1985,0
Uganda,1986,0
Uganda,1987,0
Uganda,1988,0
Uganda,1989,0
Uganda,1990,0
Uganda,1991,0
Uganda,1992,0
Uganda,1993,0
Uganda,1994,0
Uganda,1995,0
Uganda,1996,0
Uganda,1997,0
Uganda,1998,0
Uganda,1999,0
Uganda,2000,0
Uganda,2001,0
Uganda,2002,0
Uganda,2003,0
Uganda,2004,0
Uganda,2005,0
Uganda,2006,0
Uganda,2007,0
Uganda,2008,0
Uganda,2009,0
Uganda,2010,0
Uganda,2011,0
Uganda,2012,0
Uganda,2013,0
Uganda,2014,0
Uganda,2015,0
Uganda,2016,0
Uganda,2017,0
Uganda,2018,0
Uganda,2019,0
Uganda,2020,0
Uganda,2021,0
Uganda,2022,0
Uganda,2023,0
Uganda,2024,0
Uganda,2025,0
Ukraine,1950,0
Ukraine,1951,0
Ukraine,1952,0
Ukraine,1953,0
Ukraine,1954,0
Ukraine,1955,0
Ukraine,1956,0
Ukraine,1957,0
Ukraine,1958,0
Ukraine,1959,0
Ukraine,1960,0
Ukraine,1961,0
Ukraine,1962,0
Ukraine,1963,0
Ukraine,1964,0
Ukraine,1965,0
Ukraine,1966,0
Ukraine,1967,0
Ukraine,1968,0
Ukraine,1969,0
Ukraine,1970,0
Ukraine,1971,0
Ukraine,1972,0
Ukraine,1973,0
Ukraine,1974,0
Ukraine,1975,0
Ukraine,1976,0
Ukraine,1977,0
Ukraine,1978,0
Ukraine,1979,0
Ukraine,1980,0
Ukraine,1981,0
Ukraine,1982,0
Ukraine,1983,0
Ukraine,1984,0
Ukraine,1985,0
Ukraine,1986,0
Ukraine,1987,0
Ukraine,1988,0
Ukraine,1989,0
Ukraine,1990,0
Ukraine,1991,0
Ukraine,1992,0
Ukraine,1993,0
Ukraine,1994,1
Ukraine,1995,1
Ukraine,1996,1
Ukraine,1997,1
Ukraine,1998,0
Ukraine,1999,0
Ukraine,2000,0
Ukraine,2001,0
Ukraine,2002,0
Ukraine,2003,0
Ukraine,2004,0
Ukraine,2005,0
Ukraine,2006,1
Ukraine,2007,1
Ukraine,2008,1
Ukraine,2009,1
Ukraine,2010,0
Ukraine,2011,0
Ukraine,2012,0
Ukraine,2013,0
Ukraine,2014,0
Ukraine,2015,0
Ukraine,2016,0
Ukraine,2017,0
Ukraine,2018,0
Ukraine,2019,1
Ukraine,2020,1
Ukraine,2021,1
Ukraine,2022,0
Ukraine,2023,0
Ukraine,2024,0
Ukraine,2025,0
United Kingdom,1950,1
United Kingdom,1951,1
United Kingdom,1952,1
United Kingdom,1953,1
United Kingdom,1954,1
United Kingdom,1955,1
United Kingdom,1956,1
United Kingdom,1957,1
United Kingdom,1958,1
United Kingdom,1959,1
United Kingdom,1960,1
United Kingdom,1961,1
United Kingdom,1962,1
United Kingdom,1963,1
United Kingdom,1964,1
United Kingdom,1965,1
United Kingdom,1966,1
United Kingdom,1967,1
United Kingdom,1968,1
United Kingdom,1969,1
United Kingdom,1970,1
United Kingdom,1971,1
United Kingdom,1972,1
United Kingdom,1973,1
United Kingdom,1974,1
United Kingdom,1975,1
United Kingdom,1976,1
United Kingdom,1977,1
United Kingdom,1978,1
United Kingdom,1979,1
United Kingdom,1980,1
United Kingdom,1981,1
United Kingdom,1982,1
United Kingdom,1983,1
United Kingdom,1984,1
United Kingdom,1985,1
United Kingdom,1986,1
United Kingdom,1987,1
United Kingdom,1988,1
United Kingdom,1989,1
United Kingdom,1990,1
United Kingdom,1991,1
United Kingdom,1992,1
United Kingdom,1993,1
United Kingdom,1994,1
United Kingdom,1995,1
United Kingdom,1996,1
United Kingdom,1997,1
United Kingdom,1998,1
United Kingdom,1999,1
United Kingdom,2000,1
United Kingdom,2001,1
United Kingdom,2002,1
United Kingdom,2003,1
United Kingdom,2004,1
United Kingdom,2005,1
United Kingdom,2006,1
United Kingdom,2007,1
United Kingdom,2008,1
United Kingdom,2009,1
United Kingdom,2010,1
United Kingdom,2011,1
United Kingdom,2012,1
United Kingdom,2013,1
United Kingdom,2014,1
United Kingdom,2015,1
United Kingdom,2016,1
United Kingdom,2017,1
United Kingdom,2018,1
United Kingdom,2019,1
United Kingdom,2020,1
United Kingdom,2021,1
United Kingdom,2022,1
United Kingdom,2023,1
United Kingdom,2024,1
United Kingdom,2025,1
United States,1950,1
United States,1951,1
United States,1952,1
United States,1953,1
United States,1954,1
United States,1955,1
United States,1956,1
United States,1957,1
United States,1958,1
United States,1959,1
United States,1960,1
United States,1961,1
United States,1962,1
United States,1963,1
United States,1964,1
United States,1965,1
United States,1966,1
United States,1967,1
United States,1968,1
United States,1969,1
United States,1970,1
United States,1971,1
United States,1972,1
United States,1973,1
United States,1974,1
United States,1975,1
United States,1976,1
United States,1977,1
United States,1978,1
United States,1979,1
United States,1980,1
United States,1981,1
United States,1982,1
United States,1983,1
United States,1984,1
United States,1985,1
United States,1986,1
United States,1987,1
United States,1988,1
United States,1989,1
United States,1990,1
United States,1991,1
United States,1992,1
United States,1993,1
United States,1994,1
United States,1995,1
United States,1996,1
United States,1997,1
United States,1998,1
United States,1999,1
United States,2000,1
United States,2001,1
United States,2002,1
United States,2003,1
United States,2004,1
United States,2005,1
United States,2006,1
United States,2007,1
United States,2008,1
United States,2009,1
United States,2010,1
United States,2011,1
United States,2012,1
United States,2013,1
United States,2014,1
United States,2015,1
United States,2016,1
United States,2017,1
United States,2018,1
United States,2019,1
United States,2020,1
United States,2021,1
United States,2022,1
United States,2023,1
United States,2024,1
United States,2025,1
Uruguay,1950,1
Uruguay,1951,1
Uruguay,1952,1
Uruguay,1953,1
Uruguay,1954,1
Uruguay,1955,1
Uruguay,1956,1
Uruguay,1957,1
Uruguay,1958,1
Uruguay,1959,1
Uruguay,1960,1
Uruguay,1961,1
Uruguay,1962,1
Uruguay,1963,1
Uruguay,1964,1
Uruguay,1965,1
Uruguay,1966,1
Uruguay,1967,1
Uruguay,1968,1
Uruguay,1969,1
Uruguay,1970,1
Uruguay,1971,1
Uruguay,1972,0
Uruguay,1973,0
Uruguay,1974,0
Uruguay,1975,0
Uruguay,1976,0
Uruguay,1977,0
Uruguay,1978,0
Uruguay,1979,0
Uruguay,1980,0
Uruguay,1981,0
Uruguay,1982,0
Uruguay,1983,0
Uruguay,1984,0
Uruguay,1985,1
Uruguay,1986,1
Uruguay,1987,1
Uruguay,1988,1
Uruguay,1989,1
Uruguay,1990,1
Uruguay,1991,1
Uruguay,1992,1
Uruguay,1993,1
Uruguay,1994,1
Uruguay,1995,1
Uruguay,1996,1
Uruguay,1997,1
Uruguay,1998,1
Uruguay,1999,1
Uruguay,2000,1
Uruguay,2001,1
Uruguay,2002,1
Uruguay,2003,1
Uruguay,2004,1
Uruguay,2005,1
Uruguay,2006,1
Uruguay,2007,1
Uruguay,2008,1
Uruguay,2009,1
Uruguay,2010,1
Uruguay,2011,1
Uruguay,2012,1
Uruguay,2013,1
Uruguay,2014,1
Uruguay,2015,1
Uruguay,2016,1
Uruguay,2017,1
Uruguay,2018,1
Uruguay,2019,1
Uruguay,2020,1
Uruguay,2021,1
Uruguay,2022,1
Uruguay,2023,1
Uruguay,2024,1
Uruguay,2025,1
Uzbekistan,1950,0
Uzbekistan,1951,0
Uzbekistan,1952,0
Uzbekistan,1953,0
Uzbekistan,1954,0
Uzbekistan,1955,0
Uzbekistan,1956,0
Uzbekistan,1957,0
Uzbekistan,1958,0
Uzbekistan,1959,0
Uzbekistan,1960,0
Uzbekistan,1961,0
Uzbekistan,1962,0
Uzbekistan,1963,0
Uzbekistan,1964,0
Uzbekistan,1965,0
Uzbekistan,1966,0
Uzbekistan,1967,0
Uzbekistan,1968,0
Uzbekistan,1969,0
Uzbekistan,1970,0
Uzbekistan,1971,0
Uzbekistan,1972,0
Uzbekistan,1973,0
Uzbekistan,1974,0
Uzbekistan,1975,0
Uzbekistan,1976,0
Uzbekistan,1977,0
Uzbekistan,1978,0
Uzbekistan,1979,0
Uzbekistan,1980,0
Uzbekistan,1981,0
Uzbekistan,1982,0
Uzbekistan,1983,0
Uzbekistan,1984,0
Uzbekistan,1985,0
Uzbekistan,1986,0
Uzbekistan,1987,0
Uzbekistan,1988,0
Uzbekistan,1989,0
Uzbekistan,1990,0
Uzbekistan,1991,0
Uzbekistan,1992,0
Uzbekistan,1993,0
Uzbekistan,1994,0
Uzbekistan,1995,0
Uzbekistan,1996,0
Uzbekistan,1997,0
Uzbekistan,1998,0
Uzbekistan,1999,0
Uzbekistan,2000,0
Uzbekistan,2001,0
Uzbekistan,2002,0
Uzbekistan,2003,0
Uzbekistan,2004,0
Uzbekistan,2005,0
Uzbekistan,2006,0
Uzbekistan,2007,0
Uzbekistan,2008,0
Uzbekistan,2009,0
Uzbekistan,2010,0
Uzbekistan,2011,0
Uzbekistan,2012,0
Uzbekistan,2013,0
Uzbekistan,2014,0
Uzbekistan,2015,0
Uzbekistan,2016,0
Uzbekistan,2017,0
Uzbekistan,2018,0
Uzbekistan,2019,0
Uzbekistan,2020,0
Uzbekistan,2021,0
Uzbekistan,2022,0
Uzbekistan,2023,0
Uzbekistan,2024,0
Uzbekistan,2025,0
Vanuatu,1950,0
Vanuatu,1951,0
Vanuatu,1952,0
Vanuatu,1953,0
Vanuatu,1954,0
Vanuatu,1955,0
Vanuatu,1956,0
Vanuatu,1957,0
Vanuatu,1958,0
Vanuatu,1959,0
Vanuatu,1960,0
Vanuatu,1961,0
Vanuatu,1962,0
Vanuatu,1963,0
Vanuatu,1964,0
Vanuatu,1965,0
Vanuatu,1966,0
Vanuatu,1967,0
Vanuatu,1968,0
Vanuatu,1969,0
Vanuatu,1970,0
Vanuatu,1971,0
Vanuatu,1972,0
Vanuatu,1973,0
Vanuatu,1974,0
Vanuatu,1975,0
Vanuatu,1976,0
Vanuatu,1977,0
Vanuatu,1978,0
Vanuatu,1979,0
Vanuatu,1980,1
Vanuatu,1981,1
Vanuatu,1982,1
Vanuatu,1983,1
Vanuatu,1984,1
Vanuatu,1985,1
Vanuatu,1986,1
Vanuatu,1987,1
Vanuatu,1988,1
Vanuatu,1989,1
Vanuatu,1990,1
Vanuatu,1991,1
Vanuatu,1992,1
Vanuatu,1993,1
Vanuatu,1994,1
Vanuatu,1995,1
Vanuatu,1996,1
Vanuatu,1997,1
Vanuatu,1998,1
Vanuatu,1999,1
Vanuatu,2000,1
Vanuatu,2001,1
Vanuatu,2002,1
Vanuatu,2003,1
Vanuatu,2004,1
Vanuatu,2005,1
Vanuatu,2006,1
Vanuatu,2007,1
Vanuatu,2008,1
Vanuatu,2009,1
Vanuatu,2010,1
Vanuatu,2011,1
Vanuatu,2012,1
Vanuatu,2013,1
Vanuatu,2014,1
Vanuatu,2015,1
Vanuatu,2016,1
Vanuatu,2017,1
Vanuatu,2018,1
Vanuatu,2019,1
Vanuatu,2020,1
Vanuatu,2021,1
Vanuatu,2022,1
Vanuatu,2023,1
Vanuatu,2024,1
Vanuatu,2025,1
Venezuela,1950,0
Venezuela,1951,0
Venezuela,1952,0
Venezuela,1953,0
Venezuela,1954,0
Venezuela,1955,0
Venezuela,1956,0
Venezuela,1957,0
Venezuela,1958,0
Venezuela,1959,1
Venezuela,1960,1
Venezuela,1961,1
Venezuela,1962,1
Venezuela,1963,1
Venezuela,1964,1
Venezuela,1965,1
Venezuela,1966,1
Venezuela,1967,1
Venezuela,1968,1
Venezuela,1969,1
Venezuela,1970,1
Venezuela,1971,1
Venezuela,1972,1
Venezuela,1973,1
Venezuela,1974,1
Venezuela,1975,1
Venezuela,1976,1
Venezuela,1977,1
Venezuela,1978,1
Venezuela,1979,1
Venezuela,1980,1
Venezuela,1981,1
Venezuela,1982,1
Venezuela,1983,1
Venezuela,1984,1
Venezuela,1985,1
Venezuela,1986,1
Venezuela,1987,1
Venezuela,1988,1
Venezuela,1989,1
Venezuela,1990,1
Venezuela,1991,1
Venezuela,1992,1
Venezuela,1993,1
Venezuela,1994,1
Venezuela,1995,1
Venezuela,1996,1
Venezuela,1997,1
Venezuela,1998,1
Venezuela,1999,1
Venezuela,2000,1
Venezuela,2001,1
Venezuela,2002,0
Venezuela,2003,0
Venezuela,2004,0
Venezuela,2005,0
Venezuela,2006,0
Venezuela,2007,0
Venezuela,2008,0
Venezuela,2009,0
Venezuela,2010,0
Venezuela,2011,0
Venezuela,2012,0
Venezuela,2013,0
Venezuela,2014,0
Venezuela,2015,0
Venezuela,2016,0
Venezuela,2017,0
Venezuela,2018,0
Venezuela,2019,0
Venezuela,2020,0
Venezuela,2021,0
Venezuela,2022,0
Venezuela,2023,0
Venezuela,2024,0
Venezuela,2025,0
Zambia,1950,0
Zambia,1951,0
Zambia,1952,0
Zambia,1953,0
Zambia,1954,0
Zambia,1955,0
Zambia,1956,0
Zambia,1957,0
Zambia,1958,0
Zambia,1959,0
Zambia,1960,0
Zambia,1961,0
Zambia,1962,0
Zambia,1963,0
Zambia,1964,0
Zambia,1965,0
Zambia,1966,0
Zambia,1967,0
Zambia,1968,0
Zambia,1969,0
Zambia,1970,0
Zambia,1971,0
Zambia,1972,0
Zambia,1973,0
Zambia,1974,0
Zambia,1975,0
Zambia,1976,0
Zambia,1977,0
Zambia,1978,0
Zambia,1979,0
Zambia,1980,0
Zambia,1981,0
Zambia,1982,0
Zambia,1983,0
Zambia,1984,0
Zambia,1985,0
Zambia,1986,0
Zambia,1987,0
Zambia,1988,0
Zambia,1989,0
Zambia,1990,0
Zambia,1991,0
Zambia,1992,0
Zambia,1993,0
Zambia,1994,0
Zambia,1995,0
Zambia,1996,0
Zambia,1997,0
Zambia,1998,0
Zambia,1999,0
Zambia,2000,0
Zambia,2001,0
Zambia,2002,0
Zambia,2003,0
Zambia,2004,0
Zambia,2005,0
Zambia,2006,0
Zambia,2007,1
Zambia,2008,1
Zambia,2009,1
Zambia,2010,1
Zambia,2011,1
Zambia,2012,1
Zambia,2013,0
Zambia,2014,0
Zambia,2015,0
Zambia,2016,0
Zambia,2017,0
Zambia,2018,0
Zambia,2019,0
Zambia,2020,0
Zambia,2021,0
Zambia,2022,1
Zambia,2023,1
Zambia,2024,1
Zambia,2025,0
Zanzibar,1950,0
Zanzibar,1951,0
Zanzibar,1952,0
Zanzibar,1953,0
Zanzibar,1954,0
Zanzibar,1955,0
Zanzibar,1956,0
Zanzibar,1957,0
Zanzibar,1958,0
Zanzibar,1959,0
Zanzibar,1960,0
Zanzibar,1961,0
Zanzibar,1962,0
Zanzibar,1963,0
Zanzibar,1964,0
Zanzibar,1965,0
Zanzibar,1966,0
Zanzibar,1967,0
Zanzibar,1968,0
Zanzibar,1969,0
Zanzibar,1970,0
Zanzibar,1971,0
Zanzibar,1972,0
Zanzibar,1973,0
Zanzibar,1974,0
Zanzibar,1975,0
Zanzibar,1976,0
Zanzibar,1977,0
Zanzibar,1978,0
Zanzibar,1979,0
Zanzibar,1980,0
Zanzibar,1981,0
Zanzibar,1982,0
Zanzibar,1983,0
Zanzibar,1984,0
Zanzibar,1985,0
Zanzibar,1986,0
Zanzibar,1987,0
Zanzibar,1988,0
Zanzibar,1989,0
Zanzibar,1990,0
Zanzibar,1991,0
Zanzibar,1992,0
Zanzibar,1993,0
Zanzibar,1994,0
Zanzibar,1995,0
Zanzibar,1996,0
Zanzibar,1997,0
Zanzibar,1998,0
Zanzibar,1999,0
Zanzibar,2000,0
Zanzibar,2001,0
Zanzibar,2002,0
Zanzibar,2003,0
Zanzibar,2004,0
Zanzibar,2005,0
Zanzibar,2006,0
Zanzibar,2007,0
Zanzibar,2008,0
Zanzibar,2009,0
Zanzibar,2010,0
Zanzibar,2011,0
Zanzibar,2012,0
Zanzibar,2013,0
Zanzibar,2014,0
Zanzibar,2015,0
Zanzibar,2016,0
Zanzibar,2017,0
Zanzibar,2018,0
Zanzibar,2019,0
Zanzibar,2020,0
Zanzibar,2021,0
Zanzibar,2022,0
Zanzibar,2023,0
Zanzibar,2024,0
Zanzibar,2025,0
Zimbabwe,1950,0
Zimbabwe,1951,0
Zimbabwe,1952,0
Zimbabwe,1953,0
Zimbabwe,1954,0
Zimbabwe,1955,0
Zimbabwe,1956,0
Zimbabwe,1957,0
Zimbabwe,1958,0
Zimbabwe,1959,0
Zimbabwe,1960,0
Zimbabwe,1961,0
Zimbabwe,1962,0
Zimbabwe,1963,0
Zimbabwe,1964,0
Zimbabwe,1965,0
Zimbabwe,1966,0
Zimbabwe,1967,0
Zimbabwe,1968,0
Zimbabwe,1969,0
Zimbabwe,1970,0
Zimbabwe,1971,0
Zimbabwe,1972,0
Zimbabwe,1973,0
Zimbabwe,1974,0
Zimbabwe,1975,0
Zimbabwe,1976,0
Zimbabwe,1977,0
Zimbabwe,1978,0
Zimbabwe,1979,0
Zimbabwe,1980,0
Zimbabwe,1981,0
Zimbabwe,1982,0
Zimbabwe,1983,0
Zimbabwe,1984,0
Zimbabwe,1985,0
Zimbabwe,1986,0
Zimbabwe,1987,0
Zimbabwe,1988,0
Zimbabwe,1989,0
Zimbabwe,1990,0
Zimbabwe,1991,0
Zimbabwe,1992,0
Zimbabwe,1993,0
Zimbabwe,1994,0
Zimbabwe,1995,0
Zimbabwe,1996,0
Zimbabwe,1997,0
Zimbabwe,1998,0
Zimbabwe,1999,0
Zimbabwe,2000,0
Zimbabwe,2001,0
Zimbabwe,2002,0
Zimbabwe,2003,0
Zimbabwe,2004,0
Zimbabwe,2005,0
Zimbabwe,2006,0
Zimbabwe,2007,0
Zimbabwe,2008,0
Zimbabwe,2009,0
Zimbabwe,2010,0
Zimbabwe,2011,0
Zimbabwe,2012,0
Zimbabwe,2013,0
Zimbabwe,2014,0
Zimbabwe,2015,0
Zimbabwe,2016,0
Zimbabwe,2017,0
Zimbabwe,2018,0
Zimbabwe,2019,0
Zimbabwe,2020,0
Zimbabwe,2021,0
Zimbabwe,2022,0
Zimbabwe,2023,0
Zimbabwe,2024,0
Zimbabwe,2025,0
